date,junction_index,hour,weekend,rain,event,congestion_index
2026-01-01,0,0,0,0,0,17.00180484101404
2026-01-01,0,1,0,0,0,8.791286023817019
2026-01-01,0,2,0,0,0,13.93296763420896
2026-01-01,0,3,0,0,0,17.115610494662924
2026-01-01,0,4,0,0,0,15.939533717913411
2026-01-01,0,5,0,0,0,10.823832596756084
2026-01-01,0,6,0,0,0,30.05492263428566
2026-01-01,0,7,0,0,0,39.62554212198107
2026-01-01,0,8,0,0,0,57.16606977179648
2026-01-01,0,9,0,1,0,75.72338517276513
2026-01-01,0,10,0,0,0,52.98939292681901
2026-01-01,0,11,0,0,0,44.77647682180366
2026-01-01,0,12,0,1,0,38.63194502019527
2026-01-01,0,13,0,0,0,30.619552545430782
2026-01-01,0,14,0,0,0,30.860343424529
2026-01-01,0,15,0,0,0,38.086718571377084
2026-01-01,0,16,0,0,1,58.83022409283714
2026-01-01,0,17,0,0,0,62.36350211138417
2026-01-01,0,18,0,0,0,68.89943105288148
2026-01-01,0,19,0,1,0,78.51529634441297
2026-01-01,0,20,0,0,0,50.32458649427374
2026-01-01,0,21,0,0,0,40.36128256413095
2026-01-01,0,22,0,1,0,44.75600736409051
2026-01-01,0,23,0,0,0,23.254423616201645
2026-01-01,1,0,0,1,0,22.569703002070476
2026-01-01,1,1,0,0,0,11.634162815573148
2026-01-01,1,2,0,0,0,12.827273214455762
2026-01-01,1,3,0,0,1,17.477491176953812
2026-01-01,1,4,0,0,0,9.191886988094334
2026-01-01,1,5,0,0,0,13.445487704191857
2026-01-01,1,6,0,0,0,26.101178840290086
2026-01-01,1,7,0,0,0,31.455210160563933
2026-01-01,1,8,0,1,0,64.63592993647683
2026-01-01,1,9,0,0,0,65.19701435187787
2026-01-01,1,10,0,0,0,48.30389312306565
2026-01-01,1,11,0,0,0,35.90445534731784
2026-01-01,1,12,0,0,0,29.667564457143655
2026-01-01,1,13,0,0,0,19.66270405465618
2026-01-01,1,14,0,0,0,28.324305033384903
2026-01-01,1,15,0,0,0,33.23491386638626
2026-01-01,1,16,0,1,0,58.553733233964266
2026-01-01,1,17,0,0,0,62.06967121341142
2026-01-01,1,18,0,1,0,75.44099392678922
2026-01-01,1,19,0,0,0,55.13543833582182
2026-01-01,1,20,0,0,1,48.79034905584308
2026-01-01,1,21,0,0,0,37.540399894908774
2026-01-01,1,22,0,0,0,28.981741572165873
2026-01-01,1,23,0,0,0,25.85841832159091
2026-01-01,2,0,0,0,0,6.5516128615489775
2026-01-01,2,1,0,1,0,20.628198321047666
2026-01-01,2,2,0,1,0,13.301440485408687
2026-01-01,2,3,0,0,0,10.127189820752834
2026-01-01,2,4,0,0,0,13.00045439299746
2026-01-01,2,5,0,0,0,5.798895951142592
2026-01-01,2,6,0,0,0,22.508825371569156
2026-01-01,2,7,0,0,0,38.96995210175326
2026-01-01,2,8,0,0,0,49.87378292504135
2026-01-01,2,9,0,0,0,56.180167239370476
2026-01-01,2,10,0,0,0,50.728715513993635
2026-01-01,2,11,0,0,0,34.78603434648056
2026-01-01,2,12,0,0,0,26.807399888415652
2026-01-01,2,13,0,0,0,25.161961226056455
2026-01-01,2,14,0,0,0,20.495724061084086
2026-01-01,2,15,0,0,0,39.08699925941154
2026-01-01,2,16,0,1,0,61.519523667046016
2026-01-01,2,17,0,0,0,55.06327890099007
2026-01-01,2,18,0,0,0,64.97951259090793
2026-01-01,2,19,0,1,1,83.27211037130192
2026-01-01,2,20,0,1,0,47.47288582972962
2026-01-01,2,21,0,0,0,27.312641381636737
2026-01-01,2,22,0,0,0,28.98771400848594
2026-01-01,2,23,0,0,0,20.850894738881255
2026-01-01,3,0,0,0,0,14.152461805803913
2026-01-01,3,1,0,0,0,9.21623360458348
2026-01-01,3,2,0,1,0,23.706465698040958
2026-01-01,3,3,0,1,0,23.91735607350275
2026-01-01,3,4,0,0,0,8.656522946669948
2026-01-01,3,5,0,0,0,10.296534944218134
2026-01-01,3,6,0,1,0,36.878036737492266
2026-01-01,3,7,0,0,0,37.59299636807665
2026-01-01,3,8,0,0,0,61.88100087195178
2026-01-01,3,9,0,0,0,65.49554408390418
2026-01-01,3,10,0,0,0,47.1701828615412
2026-01-01,3,11,0,0,0,33.873445337101536
2026-01-01,3,12,0,0,0,24.24360336765886
2026-01-01,3,13,0,0,0,33.36172604983237
2026-01-01,3,14,0,0,0,31.502950492213063
2026-01-01,3,15,0,0,0,34.65704451821419
2026-01-01,3,16,0,1,1,65.60819653804138
2026-01-01,3,17,0,0,1,71.52834106699393
2026-01-01,3,18,0,0,0,69.40702569138503
2026-01-01,3,19,0,0,0,58.75595079187567
2026-01-01,3,20,0,1,0,69.92990968691285
2026-01-01,3,21,0,0,0,36.73127983355725
2026-01-01,3,22,0,1,0,40.36873470669452
2026-01-01,3,23,0,1,0,37.83856937280412
2026-01-01,4,0,0,0,0,8.709753984020933
2026-01-01,4,1,0,0,0,3.1139048214664955
2026-01-01,4,2,0,0,0,3.831487521011896
2026-01-01,4,3,0,1,0,16.614692801357005
2026-01-01,4,4,0,0,0,4.1220952908664925
2026-01-01,4,5,0,0,0,4.171704674786921
2026-01-01,4,6,0,0,0,28.70377294512344
2026-01-01,4,7,0,0,0,29.9295591577647
2026-01-01,4,8,0,0,0,44.69900834015958
2026-01-01,4,9,0,0,0,60.929347582373374
2026-01-01,4,10,0,0,0,53.014101947776325
2026-01-01,4,11,0,0,0,30.07430383678126
2026-01-01,4,12,0,0,0,25.888205621339637
2026-01-01,4,13,0,0,0,18.684331242189362
2026-01-01,4,14,0,0,0,28.676184818553292
2026-01-01,4,15,0,1,0,38.92452368468555
2026-01-01,4,16,0,0,0,46.718660231184096
2026-01-01,4,17,0,0,0,50.58731751105178
2026-01-01,4,18,0,0,0,58.31543894820189
2026-01-01,4,19,0,0,0,59.26343107047384
2026-01-01,4,20,0,0,0,41.891041149974754
2026-01-01,4,21,0,0,0,34.65273234993607
2026-01-01,4,22,0,0,0,23.687729130235304
2026-01-01,4,23,0,1,0,31.260998923018203
2026-01-01,5,0,0,0,0,5.255054817653052
2026-01-01,5,1,0,0,0,2.937607622061073
2026-01-01,5,2,0,0,0,1.4100575432647058
2026-01-01,5,3,0,1,0,17.003739740588305
2026-01-01,5,4,0,0,0,7.995318539541124
2026-01-01,5,5,0,0,0,3.468587767396856
2026-01-01,5,6,0,0,0,24.11021445021466
2026-01-01,5,7,0,0,0,30.46012605555265
2026-01-01,5,8,0,0,0,35.02274386131703
2026-01-01,5,9,0,0,0,51.43162293810573
2026-01-01,5,10,0,0,0,38.0317749866806
2026-01-01,5,11,0,0,0,30.019134074988067
2026-01-01,5,12,0,0,0,13.27880634739076
2026-01-01,5,13,0,0,0,14.559831337656657
2026-01-01,5,14,0,0,0,18.946565916200814
2026-01-01,5,15,0,1,0,38.31259519868422
2026-01-01,5,16,0,0,0,38.46085088470504
2026-01-01,5,17,0,0,0,53.72685599974183
2026-01-01,5,18,0,1,1,80.31807622588451
2026-01-01,5,19,0,0,0,45.71344133627577
2026-01-01,5,20,0,0,1,48.67130983276468
2026-01-01,5,21,0,0,0,29.544763610174414
2026-01-01,5,22,0,0,1,23.24628317183339
2026-01-01,5,23,0,1,0,32.20191603049316
2026-01-02,0,0,0,0,0,11.622398648993268
2026-01-02,0,1,0,0,0,12.567937298968575
2026-01-02,0,2,0,0,0,8.471446202717956
2026-01-02,0,3,0,1,0,26.903231106799936
2026-01-02,0,4,0,0,0,17.782684315179168
2026-01-02,0,5,0,1,0,21.380353354913318
2026-01-02,0,6,0,0,0,30.03739472472108
2026-01-02,0,7,0,0,0,45.526306672368946
2026-01-02,0,8,0,0,0,59.30572269587102
2026-01-02,0,9,0,0,0,64.53360961346348
2026-01-02,0,10,0,0,0,62.84241408361036
2026-01-02,0,11,0,1,0,51.901350024188396
2026-01-02,0,12,0,0,0,32.26215137343325
2026-01-02,0,13,0,0,0,25.113460248412377
2026-01-02,0,14,0,0,0,25.924063736007653
2026-01-02,0,15,0,1,0,55.941261025996425
2026-01-02,0,16,0,0,0,51.06458030788104
2026-01-02,0,17,0,0,0,64.38348957447491
2026-01-02,0,18,0,0,0,74.25540618872564
2026-01-02,0,19,0,0,0,74.03287783243039
2026-01-02,0,20,0,0,0,50.03965494654655
2026-01-02,0,21,0,0,0,36.50626329867443
2026-01-02,0,22,0,0,0,26.917955082318816
2026-01-02,0,23,0,0,0,30.449913417469286
2026-01-02,1,0,0,0,1,17.855005123565444
2026-01-02,1,1,0,0,0,14.742192553126888
2026-01-02,1,2,0,0,1,11.036924283730125
2026-01-02,1,3,0,0,0,14.585182680833874
2026-01-02,1,4,0,0,0,0.0
2026-01-02,1,5,0,0,0,13.39890008592667
2026-01-02,1,6,0,0,0,21.55053867648893
2026-01-02,1,7,0,0,0,36.899257442972086
2026-01-02,1,8,0,0,0,54.710137102015075
2026-01-02,1,9,0,0,0,66.51584895122957
2026-01-02,1,10,0,0,0,57.38150118838609
2026-01-02,1,11,0,1,0,46.49044480335136
2026-01-02,1,12,0,1,0,39.962785176251
2026-01-02,1,13,0,0,0,21.682447088510166
2026-01-02,1,14,0,0,1,29.13056389924403
2026-01-02,1,15,0,0,0,38.78358701921261
2026-01-02,1,16,0,0,0,39.9278738931408
2026-01-02,1,17,0,0,0,59.92528047501436
2026-01-02,1,18,0,0,0,67.81355302026799
2026-01-02,1,19,0,0,0,63.292846807588994
2026-01-02,1,20,0,0,0,47.85924623708835
2026-01-02,1,21,0,0,0,32.95956074999294
2026-01-02,1,22,0,0,0,22.346216688657584
2026-01-02,1,23,0,0,0,21.232383219291894
2026-01-02,2,0,0,0,0,9.204568291996857
2026-01-02,2,1,0,0,0,11.957654740470081
2026-01-02,2,2,0,1,0,22.193883947545313
2026-01-02,2,3,0,0,0,8.732521729009513
2026-01-02,2,4,0,0,0,9.828869920255002
2026-01-02,2,5,0,0,0,14.651162940309806
2026-01-02,2,6,0,0,0,16.154684225267204
2026-01-02,2,7,0,0,0,30.955127964548844
2026-01-02,2,8,0,1,0,56.330374151865875
2026-01-02,2,9,0,0,0,64.44456575473208
2026-01-02,2,10,0,0,0,57.3235592463576
2026-01-02,2,11,0,0,0,28.653551058203025
2026-01-02,2,12,0,1,0,34.847516231538584
2026-01-02,2,13,0,0,0,16.34708723364149
2026-01-02,2,14,0,0,0,30.49138905573104
2026-01-02,2,15,0,0,0,34.356862819496484
2026-01-02,2,16,0,0,1,45.931357228537976
2026-01-02,2,17,0,1,0,70.58329142316643
2026-01-02,2,18,0,0,0,61.77360444055872
2026-01-02,2,19,0,0,0,59.60876101275406
2026-01-02,2,20,0,0,0,42.91096454757474
2026-01-02,2,21,0,1,0,40.70922988681679
2026-01-02,2,22,0,1,0,34.677550550197054
2026-01-02,2,23,0,0,0,13.136451148497608
2026-01-02,3,0,0,0,0,10.378922995990882
2026-01-02,3,1,0,0,0,10.855112251903615
2026-01-02,3,2,0,0,0,14.318416834132025
2026-01-02,3,3,0,0,0,14.801229679726683
2026-01-02,3,4,0,0,0,10.720195700631205
2026-01-02,3,5,0,1,0,16.736676578043202
2026-01-02,3,6,0,0,0,36.18567214029088
2026-01-02,3,7,0,1,0,44.828697259128255
2026-01-02,3,8,0,0,1,57.560644038123954
2026-01-02,3,9,0,0,0,59.7049343435872
2026-01-02,3,10,0,0,0,49.42867146393511
2026-01-02,3,11,0,0,0,31.437978786858025
2026-01-02,3,12,0,0,0,26.838995098281504
2026-01-02,3,13,0,0,0,27.53641449330696
2026-01-02,3,14,0,0,0,31.736831773223436
2026-01-02,3,15,0,1,0,47.73274885386932
2026-01-02,3,16,0,0,0,47.006034777642945
2026-01-02,3,17,0,0,0,66.64908701107416
2026-01-02,3,18,0,0,0,65.99662018004443
2026-01-02,3,19,0,0,0,64.80538981076302
2026-01-02,3,20,0,1,0,56.97447932268135
2026-01-02,3,21,0,0,0,38.99610823589081
2026-01-02,3,22,0,0,0,25.194438503216105
2026-01-02,3,23,0,0,0,22.126948008831864
2026-01-02,4,0,0,0,0,4.0197574530254006
2026-01-02,4,1,0,1,0,20.19669853703169
2026-01-02,4,2,0,0,0,7.2343681013230094
2026-01-02,4,3,0,0,0,4.9498555857659445
2026-01-02,4,4,0,1,0,16.02115774575216
2026-01-02,4,5,0,0,0,0.0
2026-01-02,4,6,0,0,0,17.705250961877383
2026-01-02,4,7,0,0,0,22.120708668768586
2026-01-02,4,8,0,0,0,51.881548496464404
2026-01-02,4,9,0,0,0,49.439457484228676
2026-01-02,4,10,0,0,0,46.27146116684695
2026-01-02,4,11,0,1,0,43.3731625567386
2026-01-02,4,12,0,1,0,36.15790301073811
2026-01-02,4,13,0,1,0,34.45391706281603
2026-01-02,4,14,0,0,0,13.954258561783572
2026-01-02,4,15,0,1,0,46.382714466015614
2026-01-02,4,16,0,0,0,37.101224011737756
2026-01-02,4,17,0,0,0,50.58191535389811
2026-01-02,4,18,0,0,0,65.54419479200993
2026-01-02,4,19,0,0,0,57.200688564038664
2026-01-02,4,20,0,0,0,43.215058805298824
2026-01-02,4,21,0,0,0,29.55105925533967
2026-01-02,4,22,0,0,1,27.099336003665385
2026-01-02,4,23,0,0,0,25.703553835758385
2026-01-02,5,0,0,0,0,7.402500541598837
2026-01-02,5,1,0,1,0,8.626118569418356
2026-01-02,5,2,0,0,0,0.0
2026-01-02,5,3,0,1,1,28.19468741952569
2026-01-02,5,4,0,0,0,3.064645588109563
2026-01-02,5,5,0,0,0,0.0
2026-01-02,5,6,0,0,1,21.793109932774115
2026-01-02,5,7,0,0,0,21.096830004783968
2026-01-02,5,8,0,1,0,58.27372798516837
2026-01-02,5,9,0,0,0,47.619919848856995
2026-01-02,5,10,0,0,0,44.55548398056581
2026-01-02,5,11,0,0,0,27.731673024795406
2026-01-02,5,12,0,0,0,19.798794662202326
2026-01-02,5,13,0,1,0,28.458474732089595
2026-01-02,5,14,0,0,0,19.639411525179845
2026-01-02,5,15,0,0,0,26.285152467686846
2026-01-02,5,16,0,0,0,43.42485425774306
2026-01-02,5,17,0,0,0,46.99386892587623
2026-01-02,5,18,0,0,0,58.11643984409489
2026-01-02,5,19,0,0,0,56.498942241761064
2026-01-02,5,20,0,0,0,43.91932704106801
2026-01-02,5,21,0,1,0,33.17632595441677
2026-01-02,5,22,0,0,0,24.034044973799908
2026-01-02,5,23,0,0,1,31.40781332847345
2026-01-03,0,0,1,0,0,13.62680543894837
2026-01-03,0,1,1,0,0,26.71541735079323
2026-01-03,0,2,1,0,0,17.87610345285041
2026-01-03,0,3,1,0,0,17.637293228984078
2026-01-03,0,4,1,0,0,14.101113514249569
2026-01-03,0,5,1,0,0,6.680718219225191
2026-01-03,0,6,1,0,0,23.697145315265715
2026-01-03,0,7,1,0,0,32.834354374377455
2026-01-03,0,8,1,0,0,43.59616647413877
2026-01-03,0,9,1,0,0,51.5155228930658
2026-01-03,0,10,1,0,0,45.476945971357154
2026-01-03,0,11,1,0,0,35.570104801380815
2026-01-03,0,12,1,0,0,29.442485597803277
2026-01-03,0,13,1,0,0,23.496088453266267
2026-01-03,0,14,1,0,0,30.361506790852786
2026-01-03,0,15,1,0,0,23.618219267942315
2026-01-03,0,16,1,0,0,39.50701967376933
2026-01-03,0,17,1,0,0,49.570436211638906
2026-01-03,0,18,1,0,0,51.500728199660166
2026-01-03,0,19,1,0,0,52.3761857232106
2026-01-03,0,20,1,0,0,48.090927680601965
2026-01-03,0,21,1,0,0,32.720405058252915
2026-01-03,0,22,1,1,0,35.85568669411516
2026-01-03,0,23,1,0,0,29.73425046154062
2026-01-03,1,0,1,0,0,15.630031069646872
2026-01-03,1,1,1,0,0,13.117656261825978
2026-01-03,1,2,1,0,0,9.728485777233125
2026-01-03,1,3,1,0,0,8.717090912628684
2026-01-03,1,4,1,0,0,10.366293441106887
2026-01-03,1,5,1,0,0,11.731439101874187
2026-01-03,1,6,1,1,0,42.127571999692066
2026-01-03,1,7,1,0,0,34.96656657680899
2026-01-03,1,8,1,0,0,45.98509932876336
2026-01-03,1,9,1,1,0,61.94564159274865
2026-01-03,1,10,1,0,0,43.3823731258468
2026-01-03,1,11,1,0,0,20.897004469686955
2026-01-03,1,12,1,0,0,19.660561794302474
2026-01-03,1,13,1,1,0,31.29079293637678
2026-01-03,1,14,1,1,0,35.26971959588725
2026-01-03,1,15,1,0,0,32.257163352106
2026-01-03,1,16,1,0,0,34.72855930098698
2026-01-03,1,17,1,0,1,50.358454926122434
2026-01-03,1,18,1,0,0,55.64743106631207
2026-01-03,1,19,1,1,0,58.392691179440284
2026-01-03,1,20,1,0,0,34.73897433732739
2026-01-03,1,21,1,0,0,28.972783366346388
2026-01-03,1,22,1,0,0,28.014146719520976
2026-01-03,1,23,1,0,0,27.454254476653613
2026-01-03,2,0,1,0,1,11.382923645199341
2026-01-03,2,1,1,0,0,11.41725222454502
2026-01-03,2,2,1,0,0,12.482334409425881
2026-01-03,2,3,1,0,0,14.262119275439254
2026-01-03,2,4,1,0,0,12.112464113925375
2026-01-03,2,5,1,0,0,12.72359847755158
2026-01-03,2,6,1,0,0,22.808449594159924
2026-01-03,2,7,1,0,0,31.969218940139932
2026-01-03,2,8,1,0,0,43.24893412374823
2026-01-03,2,9,1,1,0,62.169284919221816
2026-01-03,2,10,1,0,0,36.04476165967314
2026-01-03,2,11,1,0,0,29.52397995091311
2026-01-03,2,12,1,1,0,36.91391686869496
2026-01-03,2,13,1,0,0,25.405046728945454
2026-01-03,2,14,1,0,0,15.484999864220061
2026-01-03,2,15,1,0,0,32.807147743739655
2026-01-03,2,16,1,0,0,34.73649091416259
2026-01-03,2,17,1,1,0,56.811850929155305
2026-01-03,2,18,1,0,0,53.172714594532344
2026-01-03,2,19,1,0,0,49.71299541480019
2026-01-03,2,20,1,0,0,33.68852941989431
2026-01-03,2,21,1,0,0,30.79250870833315
2026-01-03,2,22,1,0,0,19.193645379876656
2026-01-03,2,23,1,0,0,32.292442687175786
2026-01-03,3,0,1,0,0,12.599369693511457
2026-01-03,3,1,1,0,0,13.77890990610402
2026-01-03,3,2,1,0,0,10.174227394848085
2026-01-03,3,3,1,0,0,11.761880403810487
2026-01-03,3,4,1,0,0,17.825676454494534
2026-01-03,3,5,1,1,0,18.970118097775146
2026-01-03,3,6,1,0,0,23.81482991062805
2026-01-03,3,7,1,1,0,55.845222477584585
2026-01-03,3,8,1,0,0,44.198951390835596
2026-01-03,3,9,1,1,0,59.647731689196675
2026-01-03,3,10,1,0,0,37.63249785882295
2026-01-03,3,11,1,0,0,32.512581612755206
2026-01-03,3,12,1,0,0,30.734144435586657
2026-01-03,3,13,1,0,0,30.845679879532298
2026-01-03,3,14,1,1,0,42.100494167554324
2026-01-03,3,15,1,0,0,34.08141535303143
2026-01-03,3,16,1,1,0,46.34858452556201
2026-01-03,3,17,1,0,0,45.639023714428475
2026-01-03,3,18,1,0,0,58.89959319630579
2026-01-03,3,19,1,0,0,47.85567011364922
2026-01-03,3,20,1,1,0,55.27254516703172
2026-01-03,3,21,1,1,0,38.667622257426885
2026-01-03,3,22,1,1,1,43.161414142252156
2026-01-03,3,23,1,0,1,32.43130158959173
2026-01-03,4,0,1,0,0,4.024415596852986
2026-01-03,4,1,1,0,0,3.947708935497677
2026-01-03,4,2,1,0,0,4.3403608701621
2026-01-03,4,3,1,0,0,5.151799135101941
2026-01-03,4,4,1,0,0,11.920352638987836
2026-01-03,4,5,1,0,0,3.2559026258223964
2026-01-03,4,6,1,0,0,22.35869064961326
2026-01-03,4,7,1,0,0,30.729160645277503
2026-01-03,4,8,1,0,0,37.31452252295752
2026-01-03,4,9,1,0,0,41.84251824479155
2026-01-03,4,10,1,0,0,26.421447983858005
2026-01-03,4,11,1,0,0,25.166339382822834
2026-01-03,4,12,1,0,0,16.613783294680843
2026-01-03,4,13,1,0,0,26.147475847925087
2026-01-03,4,14,1,1,1,34.60902413342478
2026-01-03,4,15,1,0,0,20.63361071160483
2026-01-03,4,16,1,0,0,29.690037390509154
2026-01-03,4,17,1,0,0,43.48730936989676
2026-01-03,4,18,1,0,0,42.74915325115494
2026-01-03,4,19,1,1,1,55.311868905618795
2026-01-03,4,20,1,0,0,35.18968477390331
2026-01-03,4,21,1,0,0,28.652173939111545
2026-01-03,4,22,1,0,1,35.89584143614297
2026-01-03,4,23,1,0,0,14.805789662311517
2026-01-03,5,0,1,0,0,0.0
2026-01-03,5,1,1,0,0,1.590415806878703
2026-01-03,5,2,1,0,0,0.0
2026-01-03,5,3,1,1,0,14.192932074157854
2026-01-03,5,4,1,0,0,1.3013459180442044
2026-01-03,5,5,1,0,0,0.0
2026-01-03,5,6,1,1,0,23.68490596031095
2026-01-03,5,7,1,0,0,28.770634081951275
2026-01-03,5,8,1,0,0,29.620353488010704
2026-01-03,5,9,1,0,0,36.09347658554207
2026-01-03,5,10,1,0,0,31.02672601349802
2026-01-03,5,11,1,0,0,23.965404140783907
2026-01-03,5,12,1,0,0,17.660756789228543
2026-01-03,5,13,1,0,0,22.148028537426455
2026-01-03,5,14,1,0,0,23.940184960330047
2026-01-03,5,15,1,0,0,21.896965148785288
2026-01-03,5,16,1,0,0,29.05167718288479
2026-01-03,5,17,1,0,0,44.88459216348569
2026-01-03,5,18,1,0,0,40.04843394953044
2026-01-03,5,19,1,0,0,38.66326585455694
2026-01-03,5,20,1,1,0,44.73516858190287
2026-01-03,5,21,1,0,0,19.833500225845523
2026-01-03,5,22,1,0,0,13.816439036007079
2026-01-03,5,23,1,0,0,17.886140886562387
2026-01-04,0,0,1,1,0,23.500221278165796
2026-01-04,0,1,1,0,0,14.09342389778131
2026-01-04,0,2,1,1,0,26.454904573118824
2026-01-04,0,3,1,1,0,16.320426150233992
2026-01-04,0,4,1,0,0,14.287046419257871
2026-01-04,0,5,1,0,0,14.335651106645386
2026-01-04,0,6,1,0,0,30.14516803807461
2026-01-04,0,7,1,0,0,27.091587475866504
2026-01-04,0,8,1,0,0,38.92146416054654
2026-01-04,0,9,1,0,0,46.53866097524179
2026-01-04,0,10,1,0,0,35.0402639587269
2026-01-04,0,11,1,0,0,34.614971620950406
2026-01-04,0,12,1,0,0,34.48602316033494
2026-01-04,0,13,1,0,0,23.220504943067464
2026-01-04,0,14,1,0,0,30.8216562051204
2026-01-04,0,15,1,0,0,32.813250869879454
2026-01-04,0,16,1,0,0,46.49958947692516
2026-01-04,0,17,1,0,0,50.728430355531856
2026-01-04,0,18,1,0,1,66.81986512926238
2026-01-04,0,19,1,0,0,50.32218172461195
2026-01-04,0,20,1,0,0,37.43875919673406
2026-01-04,0,21,1,0,0,35.27001718367232
2026-01-04,0,22,1,0,0,31.792219537122946
2026-01-04,0,23,1,0,0,24.32039105246614
2026-01-04,1,0,1,0,1,16.893138469777504
2026-01-04,1,1,1,0,0,12.30737651487518
2026-01-04,1,2,1,0,0,10.563531365501637
2026-01-04,1,3,1,1,0,16.835358716488876
2026-01-04,1,4,1,1,1,37.69699185771541
2026-01-04,1,5,1,1,0,20.400164828333885
2026-01-04,1,6,1,0,0,24.95511572647027
2026-01-04,1,7,1,1,0,47.05637923431511
2026-01-04,1,8,1,0,0,37.71598982842555
2026-01-04,1,9,1,1,0,62.238427857477134
2026-01-04,1,10,1,0,0,43.84435684856119
2026-01-04,1,11,1,0,0,34.07751992923111
2026-01-04,1,12,1,0,0,27.719341091313666
2026-01-04,1,13,1,0,0,13.472288241805527
2026-01-04,1,14,1,0,0,19.197445831270073
2026-01-04,1,15,1,0,0,26.278747206218572
2026-01-04,1,16,1,0,0,36.050287129031474
2026-01-04,1,17,1,0,1,57.6662714909712
2026-01-04,1,18,1,0,0,54.360609822788334
2026-01-04,1,19,1,0,0,42.17814118613934
2026-01-04,1,20,1,0,1,45.92154519181118
2026-01-04,1,21,1,1,0,44.400813301678944
2026-01-04,1,22,1,0,0,26.12548873744794
2026-01-04,1,23,1,0,0,33.430849472578316
2026-01-04,2,0,1,0,0,14.47162984044622
2026-01-04,2,1,1,1,0,23.981963765104364
2026-01-04,2,2,1,0,0,8.131207338872269
2026-01-04,2,3,1,0,0,14.607632889551219
2026-01-04,2,4,1,0,0,12.34288087632832
2026-01-04,2,5,1,0,0,12.410581576146782
2026-01-04,2,6,1,0,0,20.99356813494024
2026-01-04,2,7,1,0,0,30.274583899760206
2026-01-04,2,8,1,0,0,35.23467159045233
2026-01-04,2,9,1,0,0,46.84243246510421
2026-01-04,2,10,1,0,0,39.64882585779964
2026-01-04,2,11,1,1,0,47.68514237545567
2026-01-04,2,12,1,0,0,23.25223537784602
2026-01-04,2,13,1,0,0,21.359531476922616
2026-01-04,2,14,1,0,0,33.40419649432724
2026-01-04,2,15,1,0,0,30.05429633542344
2026-01-04,2,16,1,0,0,33.32289833340054
2026-01-04,2,17,1,0,0,45.97844754293055
2026-01-04,2,18,1,0,0,44.24145442881738
2026-01-04,2,19,1,0,0,50.31759458876269
2026-01-04,2,20,1,0,0,35.97478141066672
2026-01-04,2,21,1,0,0,22.793579203487084
2026-01-04,2,22,1,1,0,36.96058086077642
2026-01-04,2,23,1,0,0,23.831696261569178
2026-01-04,3,0,1,0,0,15.512234353195137
2026-01-04,3,1,1,0,0,12.714966486468397
2026-01-04,3,2,1,0,0,9.509951361084763
2026-01-04,3,3,1,0,0,7.586933247928989
2026-01-04,3,4,1,0,0,14.893080718752605
2026-01-04,3,5,1,0,0,9.930172317186136
2026-01-04,3,6,1,0,0,26.619406647325782
2026-01-04,3,7,1,0,0,33.435844674102945
2026-01-04,3,8,1,0,0,43.495594145906345
2026-01-04,3,9,1,0,0,40.4101989829174
2026-01-04,3,10,1,0,0,40.36543025042831
2026-01-04,3,11,1,0,0,25.881259030245587
2026-01-04,3,12,1,0,0,26.617913274792496
2026-01-04,3,13,1,0,0,30.256024213055454
2026-01-04,3,14,1,1,1,37.667065452270535
2026-01-04,3,15,1,0,0,32.862584925208715
2026-01-04,3,16,1,0,0,47.772956768490744
2026-01-04,3,17,1,0,0,42.068030757275295
2026-01-04,3,18,1,0,0,51.90640074555894
2026-01-04,3,19,1,0,0,48.397586277929896
2026-01-04,3,20,1,0,0,32.61487082175103
2026-01-04,3,21,1,0,0,33.204167280615344
2026-01-04,3,22,1,0,1,32.83378209858124
2026-01-04,3,23,1,0,0,22.998437674462206
2026-01-04,4,0,1,0,0,8.236485281523311
2026-01-04,4,1,1,0,0,5.559699881479542
2026-01-04,4,2,1,0,0,1.2392271360441072
2026-01-04,4,3,1,0,0,5.651126025667134
2026-01-04,4,4,1,0,0,5.145687471652534
2026-01-04,4,5,1,0,0,5.3768308776325
2026-01-04,4,6,1,0,0,20.58403615984325
2026-01-04,4,7,1,0,0,27.9912853518729
2026-01-04,4,8,1,0,0,38.424751453334764
2026-01-04,4,9,1,1,0,45.916411681244234
2026-01-04,4,10,1,0,0,32.284956787120585
2026-01-04,4,11,1,0,0,20.979503160762555
2026-01-04,4,12,1,0,0,22.066299415902943
2026-01-04,4,13,1,0,0,19.894911220650275
2026-01-04,4,14,1,0,0,19.986100657366286
2026-01-04,4,15,1,1,0,29.93796404720264
2026-01-04,4,16,1,0,0,34.77025164454645
2026-01-04,4,17,1,0,0,40.282217832097714
2026-01-04,4,18,1,0,0,45.77968555338456
2026-01-04,4,19,1,1,0,54.94593639745634
2026-01-04,4,20,1,0,0,34.033873348764835
2026-01-04,4,21,1,1,0,35.80836074847675
2026-01-04,4,22,1,0,0,20.930351966462954
2026-01-04,4,23,1,0,0,24.873731298604213
2026-01-04,5,0,1,1,0,8.12049705819625
2026-01-04,5,1,1,0,0,1.9318510759732364
2026-01-04,5,2,1,0,0,0.0
2026-01-04,5,3,1,0,0,1.1877603449174434
2026-01-04,5,4,1,0,0,0.0
2026-01-04,5,5,1,1,0,13.642417600516747
2026-01-04,5,6,1,0,0,16.7517211814478
2026-01-04,5,7,1,0,0,28.699910107685234
2026-01-04,5,8,1,0,0,32.27815578937095
2026-01-04,5,9,1,0,0,31.36080292369498
2026-01-04,5,10,1,0,0,42.77274369631404
2026-01-04,5,11,1,0,0,30.81253277679031
2026-01-04,5,12,1,0,0,18.45028513741794
2026-01-04,5,13,1,0,0,13.145786312997181
2026-01-04,5,14,1,0,0,17.746333929650284
2026-01-04,5,15,1,0,0,15.164815082241782
2026-01-04,5,16,1,0,0,26.83387483294628
2026-01-04,5,17,1,1,0,45.71578102381708
2026-01-04,5,18,1,0,0,40.39198647401244
2026-01-04,5,19,1,0,0,39.80920914533809
2026-01-04,5,20,1,0,0,27.59857789913068
2026-01-04,5,21,1,0,0,16.09433472971078
2026-01-04,5,22,1,0,0,12.164427612678018
2026-01-04,5,23,1,0,0,25.010348307045845
2026-01-05,0,0,0,0,1,17.488187963765537
2026-01-05,0,1,0,0,0,4.698518551769144
2026-01-05,0,2,0,0,0,12.186419070751745
2026-01-05,0,3,0,0,0,13.348628752839145
2026-01-05,0,4,0,0,0,16.633459226485122
2026-01-05,0,5,0,1,0,26.16574984118285
2026-01-05,0,6,0,0,0,33.21953671290154
2026-01-05,0,7,0,0,0,34.652915397782664
2026-01-05,0,8,0,1,0,70.54625207615277
2026-01-05,0,9,0,1,0,71.88301193393403
2026-01-05,0,10,0,0,0,54.67488012460131
2026-01-05,0,11,0,0,0,34.49267270836004
2026-01-05,0,12,0,0,0,25.456532692755758
2026-01-05,0,13,0,0,0,28.892337189802447
2026-01-05,0,14,0,1,0,43.419932804727104
2026-01-05,0,15,0,0,0,34.093728951230105
2026-01-05,0,16,0,1,0,58.706756819156666
2026-01-05,0,17,0,0,0,61.16640076644792
2026-01-05,0,18,0,0,0,74.39676627997946
2026-01-05,0,19,0,0,0,72.71275974164408
2026-01-05,0,20,0,0,0,44.96877296727998
2026-01-05,0,21,0,0,0,32.959274126778155
2026-01-05,0,22,0,0,0,25.457230165516258
2026-01-05,0,23,0,0,0,39.02584835260114
2026-01-05,1,0,0,0,0,9.194462253930629
2026-01-05,1,1,0,0,0,17.82437108377685
2026-01-05,1,2,0,0,0,5.612962069107853
2026-01-05,1,3,0,0,0,16.853863806840575
2026-01-05,1,4,0,1,0,12.323993695915943
2026-01-05,1,5,0,0,0,16.510897766964703
2026-01-05,1,6,0,0,0,29.000581315718318
2026-01-05,1,7,0,0,0,37.21204198876334
2026-01-05,1,8,0,0,0,44.62818560797828
2026-01-05,1,9,0,1,0,70.40781154254259
2026-01-05,1,10,0,0,0,51.879538713717245
2026-01-05,1,11,0,0,0,35.62199193744809
2026-01-05,1,12,0,0,0,29.838010391866057
2026-01-05,1,13,0,0,0,29.289872702587857
2026-01-05,1,14,0,0,0,28.488815569260165
2026-01-05,1,15,0,0,0,32.343828075588576
2026-01-05,1,16,0,0,0,48.60967567388332
2026-01-05,1,17,0,0,0,63.71913180896189
2026-01-05,1,18,0,0,0,63.481430348318185
2026-01-05,1,19,0,0,0,66.8774479172434
2026-01-05,1,20,0,0,0,49.66266243842753
2026-01-05,1,21,0,0,0,35.84635876343806
2026-01-05,1,22,0,0,0,28.202443547781662
2026-01-05,1,23,0,0,0,21.184803737364863
2026-01-05,2,0,0,0,0,12.51581616859178
2026-01-05,2,1,0,0,0,0.8490900203274201
2026-01-05,2,2,0,0,0,7.461971824154449
2026-01-05,2,3,0,0,0,9.92957084392059
2026-01-05,2,4,0,0,0,10.970008618297264
2026-01-05,2,5,0,0,1,21.83433659095406
2026-01-05,2,6,0,1,0,39.416844333152234
2026-01-05,2,7,0,0,0,39.34005540962038
2026-01-05,2,8,0,0,1,57.200704005473405
2026-01-05,2,9,0,0,0,58.94238064329318
2026-01-05,2,10,0,0,0,47.57359288314238
2026-01-05,2,11,0,0,0,27.947006405154085
2026-01-05,2,12,0,0,0,31.63118565684145
2026-01-05,2,13,0,0,1,37.135360871904226
2026-01-05,2,14,0,0,1,25.362027984747407
2026-01-05,2,15,0,0,0,32.990876447924414
2026-01-05,2,16,0,0,0,48.77179719978397
2026-01-05,2,17,0,0,0,50.018094806613455
2026-01-05,2,18,0,1,0,69.795922408396
2026-01-05,2,19,0,0,0,54.339239091466126
2026-01-05,2,20,0,0,0,47.085322008874606
2026-01-05,2,21,0,1,0,38.54424579778429
2026-01-05,2,22,0,1,0,34.444757805066985
2026-01-05,2,23,0,0,0,24.82685530332004
2026-01-05,3,0,0,1,0,27.761222871828686
2026-01-05,3,1,0,0,0,16.10139618829731
2026-01-05,3,2,0,1,0,18.625224017359432
2026-01-05,3,3,0,0,0,16.5204071567952
2026-01-05,3,4,0,0,0,9.737036059694464
2026-01-05,3,5,0,0,0,15.589074239123434
2026-01-05,3,6,0,0,0,25.341629439089594
2026-01-05,3,7,0,0,0,44.66057646899634
2026-01-05,3,8,0,0,0,50.327736293545975
2026-01-05,3,9,0,0,0,61.3794085996551
2026-01-05,3,10,0,0,0,51.51965795971247
2026-01-05,3,11,0,1,0,45.62417609650667
2026-01-05,3,12,0,1,0,40.15551615163851
2026-01-05,3,13,0,0,0,23.831082937662313
2026-01-05,3,14,0,0,0,32.02585156203803
2026-01-05,3,15,0,0,0,32.84812981637612
2026-01-05,3,16,0,0,0,46.59017198979346
2026-01-05,3,17,0,1,0,74.58256245080183
2026-01-05,3,18,0,0,0,66.27816672394039
2026-01-05,3,19,0,0,0,60.41539377474331
2026-01-05,3,20,0,1,0,53.3121494017689
2026-01-05,3,21,0,0,0,36.05698625624574
2026-01-05,3,22,0,0,0,29.00660415322106
2026-01-05,3,23,0,0,0,24.779321210602145
2026-01-05,4,0,0,0,1,13.793524700293968
2026-01-05,4,1,0,0,0,0.0
2026-01-05,4,2,0,0,0,5.926814041172186
2026-01-05,4,3,0,0,0,6.572486502410158
2026-01-05,4,4,0,0,0,2.94620903638664
2026-01-05,4,5,0,0,1,10.995852155590335
2026-01-05,4,6,0,0,0,16.175205898025393
2026-01-05,4,7,0,0,1,34.7999356693934
2026-01-05,4,8,0,0,0,40.97866506179143
2026-01-05,4,9,0,0,0,53.959316698233415
2026-01-05,4,10,0,0,0,45.92603154268903
2026-01-05,4,11,0,1,0,44.16699952021602
2026-01-05,4,12,0,0,0,22.44958929962452
2026-01-05,4,13,0,0,0,13.559686066913258
2026-01-05,4,14,0,0,0,22.215242295811127
2026-01-05,4,15,0,0,0,26.218463539662853
2026-01-05,4,16,0,0,1,49.12873911202178
2026-01-05,4,17,0,0,0,58.628406514807
2026-01-05,4,18,0,0,0,64.69055894893962
2026-01-05,4,19,0,0,0,51.58842565680441
2026-01-05,4,20,0,0,0,43.31534450004746
2026-01-05,4,21,0,0,0,23.696065426902727
2026-01-05,4,22,0,1,0,36.95990216856949
2026-01-05,4,23,0,0,0,19.00271419734485
2026-01-05,5,0,0,0,0,0.0
2026-01-05,5,1,0,0,0,0.0
2026-01-05,5,2,0,0,0,3.518922586682052
2026-01-05,5,3,0,0,0,5.8626454819044636
2026-01-05,5,4,0,1,0,12.285479157525169
2026-01-05,5,5,0,1,0,5.748366750603571
2026-01-05,5,6,0,0,1,24.49978831385425
2026-01-05,5,7,0,0,0,28.458670302218287
2026-01-05,5,8,0,0,0,44.66588860452496
2026-01-05,5,9,0,1,0,62.633893362732536
2026-01-05,5,10,0,0,0,42.65722069504942
2026-01-05,5,11,0,0,0,30.131866782558724
2026-01-05,5,12,0,0,0,19.457365135444835
2026-01-05,5,13,0,0,0,19.585690336736747
2026-01-05,5,14,0,0,0,11.161024000483103
2026-01-05,5,15,0,0,0,18.33439279429387
2026-01-05,5,16,0,0,1,44.55503917354564
2026-01-05,5,17,0,0,0,47.453038391278135
2026-01-05,5,18,0,1,0,70.56181978600374
2026-01-05,5,19,0,1,0,63.43649740877312
2026-01-05,5,20,0,0,0,37.924367446800574
2026-01-05,5,21,0,0,0,28.278052853662288
2026-01-05,5,22,0,0,0,15.087599899297729
2026-01-05,5,23,0,0,0,16.560298791468362
2026-01-06,0,0,0,0,0,15.689156134289648
2026-01-06,0,1,0,0,0,23.351384527954952
2026-01-06,0,2,0,0,0,10.804949284654189
2026-01-06,0,3,0,1,0,28.389659002178046
2026-01-06,0,4,0,0,0,13.689635106534542
2026-01-06,0,5,0,0,0,16.2363135978402
2026-01-06,0,6,0,0,1,35.02365243034134
2026-01-06,0,7,0,0,0,40.75310995288223
2026-01-06,0,8,0,0,0,51.64985665804701
2026-01-06,0,9,0,0,0,65.4039382995332
2026-01-06,0,10,0,0,0,57.748303211470734
2026-01-06,0,11,0,0,0,36.48477355203209
2026-01-06,0,12,0,0,0,36.13450327756835
2026-01-06,0,13,0,0,0,33.435781156779804
2026-01-06,0,14,0,1,0,38.44009386445765
2026-01-06,0,15,0,0,0,32.882003385863506
2026-01-06,0,16,0,0,0,51.01391596822686
2026-01-06,0,17,0,0,0,65.6731007833664
2026-01-06,0,18,0,1,0,89.48457366832288
2026-01-06,0,19,0,0,0,59.632679942982186
2026-01-06,0,20,0,0,0,49.18635333764038
2026-01-06,0,21,0,0,0,39.38382511963889
2026-01-06,0,22,0,0,0,26.32752427373784
2026-01-06,0,23,0,0,0,20.36232620375774
2026-01-06,1,0,0,0,0,10.139403394703693
2026-01-06,1,1,0,0,0,10.292567276975108
2026-01-06,1,2,0,0,0,15.3235970840296
2026-01-06,1,3,0,0,0,12.755065447084355
2026-01-06,1,4,0,1,0,25.23107025676992
2026-01-06,1,5,0,0,0,18.77264662695137
2026-01-06,1,6,0,0,0,27.839482874941343
2026-01-06,1,7,0,0,0,31.301412037331996
2026-01-06,1,8,0,0,0,52.380806952573586
2026-01-06,1,9,0,0,0,60.93729460224119
2026-01-06,1,10,0,0,0,60.78181890877566
2026-01-06,1,11,0,0,0,32.95034233545079
2026-01-06,1,12,0,0,0,24.23595076322701
2026-01-06,1,13,0,1,0,36.08616581870045
2026-01-06,1,14,0,0,0,32.3111030585665
2026-01-06,1,15,0,0,0,37.962710859877525
2026-01-06,1,16,0,0,1,48.34507843356953
2026-01-06,1,17,0,1,1,84.30487533634866
2026-01-06,1,18,0,0,0,69.7005786973678
2026-01-06,1,19,0,0,0,55.912380637221304
2026-01-06,1,20,0,0,0,51.01191979970909
2026-01-06,1,21,0,0,0,31.048776634707284
2026-01-06,1,22,0,0,0,29.234546758088968
2026-01-06,1,23,0,0,0,23.930472701997708
2026-01-06,2,0,0,0,0,10.66547265034403
2026-01-06,2,1,0,1,0,23.633577240335505
2026-01-06,2,2,0,0,0,3.8878188133789022
2026-01-06,2,3,0,0,0,1.0678698604311476
2026-01-06,2,4,0,0,0,13.489258304736131
2026-01-06,2,5,0,1,0,22.111399990930142
2026-01-06,2,6,0,0,0,29.678397432303456
2026-01-06,2,7,0,1,0,50.80958312266915
2026-01-06,2,8,0,0,0,54.6966108103356
2026-01-06,2,9,0,1,0,66.00009421573957
2026-01-06,2,10,0,1,1,67.07747524295006
2026-01-06,2,11,0,0,0,33.52178975602756
2026-01-06,2,12,0,0,0,33.671394617076665
2026-01-06,2,13,0,0,0,24.492617123129875
2026-01-06,2,14,0,0,1,38.868738715580335
2026-01-06,2,15,0,0,0,33.65766811087853
2026-01-06,2,16,0,0,0,53.611291482867934
2026-01-06,2,17,0,0,0,63.67330278029115
2026-01-06,2,18,0,0,0,55.46644524595877
2026-01-06,2,19,0,1,0,75.52193184981198
2026-01-06,2,20,0,1,0,52.065129681129505
2026-01-06,2,21,0,0,0,32.05347986350668
2026-01-06,2,22,0,1,0,47.39384740719093
2026-01-06,2,23,0,1,0,37.16332003842899
2026-01-06,3,0,0,0,0,3.780954827087035
2026-01-06,3,1,0,1,0,19.120802470805994
2026-01-06,3,2,0,0,0,18.00828927159864
2026-01-06,3,3,0,0,0,14.490848005431017
2026-01-06,3,4,0,0,0,7.328758026775959
2026-01-06,3,5,0,0,0,13.955324025160657
2026-01-06,3,6,0,0,0,35.07436602846249
2026-01-06,3,7,0,0,0,40.1649972337818
2026-01-06,3,8,0,0,0,57.51442167757661
2026-01-06,3,9,0,0,0,64.15573269426656
2026-01-06,3,10,0,1,0,63.57925204709747
2026-01-06,3,11,0,1,0,39.50358909662963
2026-01-06,3,12,0,1,0,40.10039398071121
2026-01-06,3,13,0,0,0,29.608297799348815
2026-01-06,3,14,0,0,0,31.12975184043561
2026-01-06,3,15,0,0,0,37.8665577493053
2026-01-06,3,16,0,0,0,39.83036410419908
2026-01-06,3,17,0,0,0,62.87738408420604
2026-01-06,3,18,0,0,0,66.23235998946946
2026-01-06,3,19,0,0,0,63.99699603890766
2026-01-06,3,20,0,0,0,48.798266896427634
2026-01-06,3,21,0,0,0,37.49183310498733
2026-01-06,3,22,0,0,0,29.487036550529176
2026-01-06,3,23,0,0,0,23.644712981137967
2026-01-06,4,0,0,1,0,9.188885610214971
2026-01-06,4,1,0,0,0,10.427056681122144
2026-01-06,4,2,0,0,0,7.4651138504393675
2026-01-06,4,3,0,0,0,3.881509149544284
2026-01-06,4,4,0,0,1,13.473243515845848
2026-01-06,4,5,0,0,0,3.35196910747883
2026-01-06,4,6,0,0,0,15.705574987700988
2026-01-06,4,7,0,0,0,31.653549518668903
2026-01-06,4,8,0,0,0,42.104425318949986
2026-01-06,4,9,0,0,1,61.481156347979585
2026-01-06,4,10,0,0,0,42.15188875105332
2026-01-06,4,11,0,0,0,41.67509284592173
2026-01-06,4,12,0,1,0,36.00573336925521
2026-01-06,4,13,0,0,0,17.834284764489805
2026-01-06,4,14,0,0,0,19.751464235906028
2026-01-06,4,15,0,0,0,25.773941911560193
2026-01-06,4,16,0,1,0,46.63609423125267
2026-01-06,4,17,0,0,0,49.88666636242296
2026-01-06,4,18,0,0,0,59.23796861439624
2026-01-06,4,19,0,0,0,54.70670058715107
2026-01-06,4,20,0,0,0,41.98456011366151
2026-01-06,4,21,0,0,0,28.333816645788172
2026-01-06,4,22,0,0,0,24.37270080689663
2026-01-06,4,23,0,1,0,26.262618682471366
2026-01-06,5,0,0,0,0,1.5988093880145764
2026-01-06,5,1,0,0,0,5.391839025121088
2026-01-06,5,2,0,0,0,2.919372767447122
2026-01-06,5,3,0,0,0,0.0
2026-01-06,5,4,0,0,0,6.43213609325776
2026-01-06,5,5,0,0,0,0.0
2026-01-06,5,6,0,0,0,21.00667923656768
2026-01-06,5,7,0,0,0,30.181473807249965
2026-01-06,5,8,0,0,0,49.12363484053092
2026-01-06,5,9,0,0,0,49.77159286839046
2026-01-06,5,10,0,1,0,54.90318254839591
2026-01-06,5,11,0,0,1,33.91452504724024
2026-01-06,5,12,0,0,0,21.15083018007792
2026-01-06,5,13,0,0,0,23.576110643028848
2026-01-06,5,14,0,1,0,28.53841274056626
2026-01-06,5,15,0,0,0,27.921906415529527
2026-01-06,5,16,0,1,0,53.00315421724415
2026-01-06,5,17,0,0,0,53.8109681197104
2026-01-06,5,18,0,0,0,57.3001279109315
2026-01-06,5,19,0,1,0,59.18081159763972
2026-01-06,5,20,0,1,0,51.19852754612231
2026-01-06,5,21,0,0,0,23.905732109981052
2026-01-06,5,22,0,0,0,16.375649595801175
2026-01-06,5,23,0,1,0,19.84766814403384
2026-01-07,0,0,0,0,0,13.567066704496316
2026-01-07,0,1,0,0,0,15.556154413001343
2026-01-07,0,2,0,0,0,17.358444627323124
2026-01-07,0,3,0,0,0,15.440268515553015
2026-01-07,0,4,0,0,0,20.799030690265624
2026-01-07,0,5,0,0,0,15.464742412931768
2026-01-07,0,6,0,0,0,32.6718147269498
2026-01-07,0,7,0,0,0,46.1373123760233
2026-01-07,0,8,0,0,0,56.56191858990699
2026-01-07,0,9,0,0,0,68.06531938941106
2026-01-07,0,10,0,0,0,58.91035906132062
2026-01-07,0,11,0,0,0,42.10146220866035
2026-01-07,0,12,0,0,0,36.57051786416797
2026-01-07,0,13,0,0,0,25.113885106061016
2026-01-07,0,14,0,0,0,33.24558988934648
2026-01-07,0,15,0,0,0,42.143871127953275
2026-01-07,0,16,0,0,0,53.82690621401248
2026-01-07,0,17,0,0,0,63.29084426239858
2026-01-07,0,18,0,0,0,66.41002817436956
2026-01-07,0,19,0,0,0,66.95087412453195
2026-01-07,0,20,0,0,0,52.968457942028884
2026-01-07,0,21,0,0,0,29.760652015570585
2026-01-07,0,22,0,0,0,34.04561526955346
2026-01-07,0,23,0,0,0,25.049348375496365
2026-01-07,1,0,0,0,0,11.845840667243879
2026-01-07,1,1,0,0,0,16.41229836143453
2026-01-07,1,2,0,0,0,10.830437023909683
2026-01-07,1,3,0,0,0,10.781702542347155
2026-01-07,1,4,0,0,0,15.899196462150034
2026-01-07,1,5,0,1,0,25.316532208294618
2026-01-07,1,6,0,0,0,27.442746138989843
2026-01-07,1,7,0,0,0,43.03189483438069
2026-01-07,1,8,0,0,0,49.98228798672345
2026-01-07,1,9,0,0,0,55.77055418208048
2026-01-07,1,10,0,0,0,57.184724368254095
2026-01-07,1,11,0,0,0,34.916914809113756
2026-01-07,1,12,0,1,0,38.210109531427
2026-01-07,1,13,0,0,0,22.646599353626446
2026-01-07,1,14,0,0,0,25.7033562567711
2026-01-07,1,15,0,1,0,44.10683040455146
2026-01-07,1,16,0,1,0,60.43799676154472
2026-01-07,1,17,0,0,0,62.582979902724205
2026-01-07,1,18,0,0,0,73.26311818260123
2026-01-07,1,19,0,0,0,62.458165451834894
2026-01-07,1,20,0,0,0,50.656113458325045
2026-01-07,1,21,0,0,0,34.75256969866181
2026-01-07,1,22,0,0,1,40.471472889643906
2026-01-07,1,23,0,0,0,20.65944349156926
2026-01-07,2,0,0,0,0,14.59654558457256
2026-01-07,2,1,0,0,0,9.58252530864183
2026-01-07,2,2,0,0,0,12.429013678452565
2026-01-07,2,3,0,0,0,13.749012761422456
2026-01-07,2,4,0,0,0,10.670735982143922
2026-01-07,2,5,0,0,0,9.205947008712853
2026-01-07,2,6,0,0,1,33.49529640220779
2026-01-07,2,7,0,0,0,35.51388198657958
2026-01-07,2,8,0,0,0,54.1943092092573
2026-01-07,2,9,0,1,0,74.15981995520657
2026-01-07,2,10,0,0,0,47.69684983521299
2026-01-07,2,11,0,0,0,34.58238478811832
2026-01-07,2,12,0,0,0,21.251429873044916
2026-01-07,2,13,0,0,0,21.597576650124854
2026-01-07,2,14,0,0,0,21.61590867435372
2026-01-07,2,15,0,0,0,37.76062006017538
2026-01-07,2,16,0,1,0,52.3476554074117
2026-01-07,2,17,0,0,0,63.28255836338758
2026-01-07,2,18,0,0,0,64.33289712178026
2026-01-07,2,19,0,0,0,60.20816707543948
2026-01-07,2,20,0,1,0,56.129075010421765
2026-01-07,2,21,0,0,0,34.742931150035155
2026-01-07,2,22,0,0,0,28.812005837937917
2026-01-07,2,23,0,0,0,20.65349436948405
2026-01-07,3,0,0,0,0,9.223826762357643
2026-01-07,3,1,0,0,0,15.30285861696753
2026-01-07,3,2,0,0,0,14.307005710399721
2026-01-07,3,3,0,0,0,10.294185294578632
2026-01-07,3,4,0,0,1,18.214294583499495
2026-01-07,3,5,0,0,0,18.67738987442899
2026-01-07,3,6,0,0,0,33.05828260743924
2026-01-07,3,7,0,1,0,49.28686838968034
2026-01-07,3,8,0,0,0,51.238899310504266
2026-01-07,3,9,0,0,0,57.856916083202506
2026-01-07,3,10,0,0,0,55.740790375763076
2026-01-07,3,11,0,0,0,40.554037531611876
2026-01-07,3,12,0,1,0,43.809087832527204
2026-01-07,3,13,0,0,0,23.024829660575698
2026-01-07,3,14,0,1,0,31.73133953009011
2026-01-07,3,15,0,1,0,43.91323134183178
2026-01-07,3,16,0,0,0,45.99171312432964
2026-01-07,3,17,0,0,1,67.50116471029106
2026-01-07,3,18,0,1,0,82.01148872638373
2026-01-07,3,19,0,0,0,62.83785553638366
2026-01-07,3,20,0,0,0,47.71026722658223
2026-01-07,3,21,0,1,0,53.885877771381544
2026-01-07,3,22,0,0,0,24.66320095444859
2026-01-07,3,23,0,0,0,21.804811564848343
2026-01-07,4,0,0,0,0,7.2173200763177725
2026-01-07,4,1,0,1,0,16.30160222385054
2026-01-07,4,2,0,0,0,7.3217561236605295
2026-01-07,4,3,0,0,0,0.8233916273532351
2026-01-07,4,4,0,1,0,19.214293423516885
2026-01-07,4,5,0,0,0,11.383039075369489
2026-01-07,4,6,0,0,1,26.50680500229454
2026-01-07,4,7,0,0,1,39.74832083598018
2026-01-07,4,8,0,0,1,48.16227530832192
2026-01-07,4,9,0,0,0,66.23822607672089
2026-01-07,4,10,0,0,0,48.07891870555893
2026-01-07,4,11,0,0,0,33.54955733166919
2026-01-07,4,12,0,0,0,17.63540696640996
2026-01-07,4,13,0,0,1,18.475624985768267
2026-01-07,4,14,0,0,0,18.06845684416178
2026-01-07,4,15,0,0,0,31.767531360020183
2026-01-07,4,16,0,0,0,40.666072898040994
2026-01-07,4,17,0,1,0,66.20881376637747
2026-01-07,4,18,0,0,0,57.729766464468355
2026-01-07,4,19,0,1,1,70.9894879235
2026-01-07,4,20,0,0,0,44.58893959880251
2026-01-07,4,21,0,0,0,31.42208462173932
2026-01-07,4,22,0,0,0,25.40899299593842
2026-01-07,4,23,0,0,0,18.952292553612278
2026-01-07,5,0,0,0,0,0.0
2026-01-07,5,1,0,0,0,9.551699937384154
2026-01-07,5,2,0,0,0,3.4296321528488134
2026-01-07,5,3,0,1,0,20.32825990797339
2026-01-07,5,4,0,0,0,0.0
2026-01-07,5,5,0,0,0,0.08153994054121672
2026-01-07,5,6,0,0,0,21.997248575145324
2026-01-07,5,7,0,0,0,26.997102314457397
2026-01-07,5,8,0,0,0,47.74957244085182
2026-01-07,5,9,0,0,0,40.04196867157568
2026-01-07,5,10,0,0,0,41.433344085825865
2026-01-07,5,11,0,0,0,33.3212274328734
2026-01-07,5,12,0,0,0,18.401465031707726
2026-01-07,5,13,0,0,0,18.136805169158908
2026-01-07,5,14,0,0,0,13.714896183868412
2026-01-07,5,15,0,0,0,23.879859691478586
2026-01-07,5,16,0,0,0,33.60127605200246
2026-01-07,5,17,0,0,0,52.379653805516035
2026-01-07,5,18,0,0,0,57.890266641053316
2026-01-07,5,19,0,0,0,51.75548990637882
2026-01-07,5,20,0,0,0,34.94711602373198
2026-01-07,5,21,0,0,1,37.30010788492798
2026-01-07,5,22,0,0,0,15.987986506173856
2026-01-07,5,23,0,0,0,12.65053843655485
2026-01-08,0,0,0,0,0,23.198656336247566
2026-01-08,0,1,0,0,0,13.217514728035539
2026-01-08,0,2,0,0,0,12.211881896754658
2026-01-08,0,3,0,1,0,25.892373863652214
2026-01-08,0,4,0,0,0,20.57910170676397
2026-01-08,0,5,0,0,0,12.717778188415588
2026-01-08,0,6,0,0,0,40.118470774698984
2026-01-08,0,7,0,0,1,53.239750837750265
2026-01-08,0,8,0,0,0,48.84550169862344
2026-01-08,0,9,0,0,0,55.10537045509919
2026-01-08,0,10,0,0,0,57.99688866305141
2026-01-08,0,11,0,1,0,49.575975720291474
2026-01-08,0,12,0,0,0,28.663017781719628
2026-01-08,0,13,0,0,0,29.96149276756214
2026-01-08,0,14,0,0,0,22.214687135946804
2026-01-08,0,15,0,0,0,38.8000495085936
2026-01-08,0,16,0,1,0,60.726693189283885
2026-01-08,0,17,0,0,0,60.278390422131544
2026-01-08,0,18,0,0,0,72.28743678833506
2026-01-08,0,19,0,0,0,68.00851740355695
2026-01-08,0,20,0,0,0,49.29003982358983
2026-01-08,0,21,0,0,0,42.226717034852875
2026-01-08,0,22,0,0,0,28.355115484000343
2026-01-08,0,23,0,0,0,29.728785604468133
2026-01-08,1,0,0,0,0,16.69423794684834
2026-01-08,1,1,0,0,0,7.385866264961202
2026-01-08,1,2,0,1,0,17.446865356382347
2026-01-08,1,3,0,0,0,8.317051793902309
2026-01-08,1,4,0,1,0,22.86644851390219
2026-01-08,1,5,0,0,1,18.49909990432307
2026-01-08,1,6,0,0,0,29.535387917150956
2026-01-08,1,7,0,0,0,40.679844282967224
2026-01-08,1,8,0,0,0,55.11962815796214
2026-01-08,1,9,0,0,0,59.96436568916572
2026-01-08,1,10,0,0,0,56.23048215357417
2026-01-08,1,11,0,0,0,38.17842910875381
2026-01-08,1,12,0,1,0,41.88717398565984
2026-01-08,1,13,0,0,0,26.063255440805474
2026-01-08,1,14,0,0,0,24.733353306519593
2026-01-08,1,15,0,1,0,52.49717376390556
2026-01-08,1,16,0,0,0,44.04780207080231
2026-01-08,1,17,0,0,0,56.57812085918049
2026-01-08,1,18,0,1,0,82.21057772825046
2026-01-08,1,19,0,1,0,74.67559505662332
2026-01-08,1,20,0,0,0,43.42167813529299
2026-01-08,1,21,0,1,0,51.65182331997944
2026-01-08,1,22,0,0,0,30.319359382991795
2026-01-08,1,23,0,0,1,29.491049586857667
2026-01-08,2,0,0,0,0,9.742053284127184
2026-01-08,2,1,0,0,0,9.970581136561739
2026-01-08,2,2,0,0,0,10.651737845115719
2026-01-08,2,3,0,0,0,11.67811349409117
2026-01-08,2,4,0,0,1,14.57508631038779
2026-01-08,2,5,0,1,0,25.722462700738298
2026-01-08,2,6,0,0,0,33.683155896241956
2026-01-08,2,7,0,1,0,43.074253207698895
2026-01-08,2,8,0,1,0,59.44572137382225
2026-01-08,2,9,0,0,0,57.54443558852127
2026-01-08,2,10,0,0,0,51.120305387545955
2026-01-08,2,11,0,0,0,34.72447876768263
2026-01-08,2,12,0,0,0,36.616923401986966
2026-01-08,2,13,0,0,0,20.654049633279712
2026-01-08,2,14,0,1,0,38.61278627486734
2026-01-08,2,15,0,0,0,33.55409815028454
2026-01-08,2,16,0,0,0,41.00291060007617
2026-01-08,2,17,0,1,0,72.39663378072893
2026-01-08,2,18,0,0,0,68.1072308532488
2026-01-08,2,19,0,0,0,59.350662246067174
2026-01-08,2,20,0,0,1,48.72535361570617
2026-01-08,2,21,0,1,0,45.4475627484229
2026-01-08,2,22,0,1,0,32.39970636918903
2026-01-08,2,23,0,1,0,28.339369148804963
2026-01-08,3,0,0,0,0,12.345015402688233
2026-01-08,3,1,0,0,0,16.234215315833552
2026-01-08,3,2,0,0,0,16.099199199229204
2026-01-08,3,3,0,0,0,16.658426010173027
2026-01-08,3,4,0,0,0,13.785357913414025
2026-01-08,3,5,0,0,1,21.941161055456227
2026-01-08,3,6,0,1,0,39.95919635559318
2026-01-08,3,7,0,0,0,34.14294327247958
2026-01-08,3,8,0,0,0,47.7691327350513
2026-01-08,3,9,0,0,0,65.00743703893123
2026-01-08,3,10,0,0,0,46.39234416415112
2026-01-08,3,11,0,0,1,43.892672420000174
2026-01-08,3,12,0,0,0,31.392211034405378
2026-01-08,3,13,0,1,1,51.48641820469126
2026-01-08,3,14,0,1,0,37.45467714177011
2026-01-08,3,15,0,0,0,38.15746344421844
2026-01-08,3,16,0,1,0,63.1283853250424
2026-01-08,3,17,0,1,0,73.67517172480228
2026-01-08,3,18,0,0,0,64.62476014368931
2026-01-08,3,19,0,0,0,62.38552123612272
2026-01-08,3,20,0,0,0,42.052916791145876
2026-01-08,3,21,0,0,0,36.55590745301534
2026-01-08,3,22,0,0,0,24.817844542329098
2026-01-08,3,23,0,0,0,21.418843163867734
2026-01-08,4,0,0,0,0,3.0381514150133677
2026-01-08,4,1,0,1,0,15.844287249326928
2026-01-08,4,2,0,0,0,9.325974142740243
2026-01-08,4,3,0,0,0,3.4956712537908468
2026-01-08,4,4,0,1,1,27.913870293386097
2026-01-08,4,5,0,0,0,4.060482774913025
2026-01-08,4,6,0,0,0,19.565689980254305
2026-01-08,4,7,0,0,0,35.2800592651923
2026-01-08,4,8,0,0,0,44.41229844769914
2026-01-08,4,9,0,0,0,55.10947787961446
2026-01-08,4,10,0,0,0,43.70638830844889
2026-01-08,4,11,0,0,0,31.016895432088354
2026-01-08,4,12,0,0,1,32.130884855095026
2026-01-08,4,13,0,0,0,23.350895271473366
2026-01-08,4,14,0,0,0,23.332174233212896
2026-01-08,4,15,0,0,0,26.41672983060333
2026-01-08,4,16,0,0,0,39.977048249192414
2026-01-08,4,17,0,1,0,69.09478993162993
2026-01-08,4,18,0,1,0,76.54109898440097
2026-01-08,4,19,0,1,0,64.38956717041393
2026-01-08,4,20,0,0,0,44.3139802136128
2026-01-08,4,21,0,0,0,28.44444083284386
2026-01-08,4,22,0,0,0,21.40006858562232
2026-01-08,4,23,0,0,0,17.197639132497844
2026-01-08,5,0,0,1,0,12.012704875741868
2026-01-08,5,1,0,0,0,0.0
2026-01-08,5,2,0,0,1,16.75038442217267
2026-01-08,5,3,0,0,0,1.074973795440045
2026-01-08,5,4,0,0,0,4.226714560676728
2026-01-08,5,5,0,1,0,15.3406543191766
2026-01-08,5,6,0,0,0,17.41374461949511
2026-01-08,5,7,0,0,0,33.28305957567205
2026-01-08,5,8,0,0,0,43.699281630513696
2026-01-08,5,9,0,1,0,62.86213303794062
2026-01-08,5,10,0,0,1,45.9109588521905
2026-01-08,5,11,0,0,0,29.472995190721416
2026-01-08,5,12,0,0,0,12.784780626783247
2026-01-08,5,13,0,0,0,16.413815936491652
2026-01-08,5,14,0,1,0,28.276716511119353
2026-01-08,5,15,0,0,0,26.095775721544566
2026-01-08,5,16,0,0,0,34.998109138063526
2026-01-08,5,17,0,1,0,62.54849514001012
2026-01-08,5,18,0,0,0,55.95666182157615
2026-01-08,5,19,0,0,0,48.45946755936471
2026-01-08,5,20,0,0,0,40.07794158351089
2026-01-08,5,21,0,0,0,17.754922974881104
2026-01-08,5,22,0,0,0,21.623855397518298
2026-01-08,5,23,0,0,0,9.724804786161682
2026-01-09,0,0,0,0,0,20.684484972041197
2026-01-09,0,1,0,0,0,7.817242968945386
2026-01-09,0,2,0,1,0,16.9103840400522
2026-01-09,0,3,0,1,0,20.581102024338655
2026-01-09,0,4,0,0,0,17.84715982306632
2026-01-09,0,5,0,0,0,14.691339118267333
2026-01-09,0,6,0,0,0,26.880608568300964
2026-01-09,0,7,0,0,0,41.76697706160697
2026-01-09,0,8,0,0,0,58.20686267627351
2026-01-09,0,9,0,0,0,61.63651484295353
2026-01-09,0,10,0,0,0,57.14317191560074
2026-01-09,0,11,0,0,0,39.12419162947696
2026-01-09,0,12,0,0,0,31.11592256381919
2026-01-09,0,13,0,0,0,32.87096063822115
2026-01-09,0,14,0,1,0,45.307971642625944
2026-01-09,0,15,0,1,1,49.86709325023438
2026-01-09,0,16,0,0,0,52.55864798927637
2026-01-09,0,17,0,0,0,64.58748410492618
2026-01-09,0,18,0,0,0,73.08884596719824
2026-01-09,0,19,0,0,0,58.38206650389604
2026-01-09,0,20,0,0,0,57.92915237648039
2026-01-09,0,21,0,1,0,53.872197375610384
2026-01-09,0,22,0,0,0,29.111297372219898
2026-01-09,0,23,0,0,0,22.551192262663626
2026-01-09,1,0,0,0,0,10.108711354759365
2026-01-09,1,1,0,0,0,9.004253851418508
2026-01-09,1,2,0,0,0,16.240331035693917
2026-01-09,1,3,0,0,0,13.93607698269727
2026-01-09,1,4,0,0,0,10.120457472515621
2026-01-09,1,5,0,0,0,10.531305072331241
2026-01-09,1,6,0,0,0,27.627183176964653
2026-01-09,1,7,0,0,0,36.317872859501115
2026-01-09,1,8,0,0,0,57.32537660589699
2026-01-09,1,9,0,0,0,60.64619976934899
2026-01-09,1,10,0,0,0,53.82922396348543
2026-01-09,1,11,0,0,0,39.30341944777415
2026-01-09,1,12,0,1,1,51.232761752936995
2026-01-09,1,13,0,0,0,26.87396063344343
2026-01-09,1,14,0,0,0,27.153231196945562
2026-01-09,1,15,0,0,0,31.28286541364183
2026-01-09,1,16,0,1,0,51.331332999676185
2026-01-09,1,17,0,0,0,62.18108023515431
2026-01-09,1,18,0,0,0,66.55134445734588
2026-01-09,1,19,0,0,0,65.87018113966312
2026-01-09,1,20,0,1,0,52.33069219663544
2026-01-09,1,21,0,0,0,37.640263437774884
2026-01-09,1,22,0,0,0,28.732115654812414
2026-01-09,1,23,0,0,0,23.721984171445534
2026-01-09,2,0,0,0,0,13.195811523233978
2026-01-09,2,1,0,0,0,6.029288632461679
2026-01-09,2,2,0,1,0,13.183773761636493
2026-01-09,2,3,0,0,0,8.158256340625016
2026-01-09,2,4,0,1,0,16.7641236415896
2026-01-09,2,5,0,1,0,15.635143828599924
2026-01-09,2,6,0,0,0,32.50075128144949
2026-01-09,2,7,0,0,0,37.20608766007983
2026-01-09,2,8,0,0,0,53.17665018433476
2026-01-09,2,9,0,1,0,68.82006659935577
2026-01-09,2,10,0,1,0,62.39693090995856
2026-01-09,2,11,0,0,0,29.910412877748517
2026-01-09,2,12,0,0,0,26.24367040607187
2026-01-09,2,13,0,0,0,31.576283571051352
2026-01-09,2,14,0,0,0,22.19497049877551
2026-01-09,2,15,0,0,0,37.58162934273259
2026-01-09,2,16,0,0,0,43.167367605983266
2026-01-09,2,17,0,0,0,56.357643319374425
2026-01-09,2,18,0,0,0,68.87298242727339
2026-01-09,2,19,0,0,0,64.4748661559635
2026-01-09,2,20,0,0,1,46.08246566943583
2026-01-09,2,21,0,1,0,43.03225348418638
2026-01-09,2,22,0,0,0,23.00634349673509
2026-01-09,2,23,0,1,0,34.31876057111052
2026-01-09,3,0,0,0,0,16.766374514518475
2026-01-09,3,1,0,1,0,21.937842152749344
2026-01-09,3,2,0,0,0,8.466471639875571
2026-01-09,3,3,0,0,0,20.092878556361036
2026-01-09,3,4,0,0,0,16.977259854648985
2026-01-09,3,5,0,0,0,17.421765715543756
2026-01-09,3,6,0,0,0,28.10857276251553
2026-01-09,3,7,0,0,0,43.589177881763575
2026-01-09,3,8,0,0,0,46.81347538292334
2026-01-09,3,9,0,0,0,58.410460337927134
2026-01-09,3,10,0,0,0,58.730744441151636
2026-01-09,3,11,0,0,0,38.467194508709355
2026-01-09,3,12,0,0,0,32.34280053443653
2026-01-09,3,13,0,0,0,27.838673380940843
2026-01-09,3,14,0,0,0,24.765852247582483
2026-01-09,3,15,0,0,0,36.80209938965244
2026-01-09,3,16,0,0,0,46.99837615726534
2026-01-09,3,17,0,0,0,57.23992564469277
2026-01-09,3,18,0,0,0,69.95153342586647
2026-01-09,3,19,0,0,0,53.91182684228461
2026-01-09,3,20,0,0,0,43.48473919354557
2026-01-09,3,21,0,1,0,46.50658458040151
2026-01-09,3,22,0,0,0,28.871200308328685
2026-01-09,3,23,0,0,0,26.858669262185614
2026-01-09,4,0,0,0,0,15.50593969393581
2026-01-09,4,1,0,0,0,4.6575748603017
2026-01-09,4,2,0,0,0,10.13134368863697
2026-01-09,4,3,0,0,0,4.341840850211046
2026-01-09,4,4,0,0,0,4.8676000577795415
2026-01-09,4,5,0,0,0,2.534598895484056
2026-01-09,4,6,0,0,1,29.080084216891287
2026-01-09,4,7,0,0,0,30.130644976427586
2026-01-09,4,8,0,0,0,45.44853903154867
2026-01-09,4,9,0,1,0,61.5573689880755
2026-01-09,4,10,0,0,1,55.85955759677147
2026-01-09,4,11,0,0,0,34.04623521421117
2026-01-09,4,12,0,0,0,21.52675821917628
2026-01-09,4,13,0,0,0,21.976440242473195
2026-01-09,4,14,0,0,0,18.450592226964808
2026-01-09,4,15,0,0,0,26.693156077118022
2026-01-09,4,16,0,0,0,38.72166689182947
2026-01-09,4,17,0,0,0,52.74586508334793
2026-01-09,4,18,0,0,0,54.16640048597482
2026-01-09,4,19,0,0,0,53.17546775144497
2026-01-09,4,20,0,0,0,37.765874398133086
2026-01-09,4,21,0,0,1,33.66063086700012
2026-01-09,4,22,0,0,0,20.414421316039263
2026-01-09,4,23,0,0,0,18.208300821594765
2026-01-09,5,0,0,0,0,0.0
2026-01-09,5,1,0,0,0,3.2121971829971567
2026-01-09,5,2,0,0,0,6.6791569881681845
2026-01-09,5,3,0,0,0,5.714625862201302
2026-01-09,5,4,0,0,0,0.0
2026-01-09,5,5,0,1,0,18.021250964626347
2026-01-09,5,6,0,0,0,20.633973153697784
2026-01-09,5,7,0,0,0,29.74409270527304
2026-01-09,5,8,0,0,0,48.44355852102351
2026-01-09,5,9,0,1,0,60.68253501108282
2026-01-09,5,10,0,1,0,52.06688805180755
2026-01-09,5,11,0,0,0,26.76143104004706
2026-01-09,5,12,0,0,0,18.24493890659092
2026-01-09,5,13,0,0,0,19.803740892819054
2026-01-09,5,14,0,0,0,15.398601692042416
2026-01-09,5,15,0,0,0,29.124001202125402
2026-01-09,5,16,0,0,0,38.310131466833234
2026-01-09,5,17,0,1,0,63.71234812131959
2026-01-09,5,18,0,0,0,57.01799409884621
2026-01-09,5,19,0,0,0,48.7141511944242
2026-01-09,5,20,0,0,0,43.914977953351546
2026-01-09,5,21,0,0,0,30.115811236391334
2026-01-09,5,22,0,0,0,17.007889150869023
2026-01-09,5,23,0,0,0,16.711612381237625
2026-01-10,0,0,1,0,0,10.1300397280614
2026-01-10,0,1,1,0,0,10.900914651009648
2026-01-10,0,2,1,0,0,16.31273163920506
2026-01-10,0,3,1,1,0,24.324542299426476
2026-01-10,0,4,1,0,0,15.229304934958869
2026-01-10,0,5,1,0,0,5.091877781205632
2026-01-10,0,6,1,0,0,32.93180679744352
2026-01-10,0,7,1,1,0,43.64032533310761
2026-01-10,0,8,1,0,0,45.590047226184446
2026-01-10,0,9,1,0,0,50.44140800720626
2026-01-10,0,10,1,0,0,40.3662631887841
2026-01-10,0,11,1,0,0,42.190319180848576
2026-01-10,0,12,1,0,0,31.223898636051466
2026-01-10,0,13,1,1,0,41.19193973766607
2026-01-10,0,14,1,1,0,38.245286729220446
2026-01-10,0,15,1,0,0,35.23201432185992
2026-01-10,0,16,1,0,0,36.530644214865795
2026-01-10,0,17,1,1,0,67.44388366953127
2026-01-10,0,18,1,1,0,62.92741317186157
2026-01-10,0,19,1,1,0,60.16299793095291
2026-01-10,0,20,1,1,0,47.87581181662213
2026-01-10,0,21,1,0,0,29.39674500115148
2026-01-10,0,22,1,0,0,23.688176110377007
2026-01-10,0,23,1,0,0,28.796106143599463
2026-01-10,1,0,1,1,0,15.9107431151301
2026-01-10,1,1,1,1,0,31.785274068964384
2026-01-10,1,2,1,0,0,6.837708552380956
2026-01-10,1,3,1,0,0,20.692679393749618
2026-01-10,1,4,1,0,0,2.097470631884315
2026-01-10,1,5,1,1,0,19.823401444606272
2026-01-10,1,6,1,0,0,27.758674889254962
2026-01-10,1,7,1,1,0,46.27171142389344
2026-01-10,1,8,1,0,0,45.38424366711793
2026-01-10,1,9,1,0,0,44.37790287951473
2026-01-10,1,10,1,0,0,43.63017520197002
2026-01-10,1,11,1,0,0,33.45398030059153
2026-01-10,1,12,1,0,0,26.826819277675025
2026-01-10,1,13,1,0,0,23.723145637264814
2026-01-10,1,14,1,1,0,40.01794195835961
2026-01-10,1,15,1,0,0,35.856681139700285
2026-01-10,1,16,1,0,0,38.57755557533244
2026-01-10,1,17,1,0,0,47.552651004173654
2026-01-10,1,18,1,0,0,55.902921052562874
2026-01-10,1,19,1,0,0,51.75037877971221
2026-01-10,1,20,1,0,0,43.97592579806252
2026-01-10,1,21,1,0,0,28.80166151901064
2026-01-10,1,22,1,0,0,22.18157501927565
2026-01-10,1,23,1,0,0,20.37303814420114
2026-01-10,2,0,1,1,0,20.938382361136085
2026-01-10,2,1,1,0,0,10.184404991816171
2026-01-10,2,2,1,0,0,11.97744632674568
2026-01-10,2,3,1,0,1,15.980328969224452
2026-01-10,2,4,1,0,0,5.821501512317633
2026-01-10,2,5,1,0,0,11.18828181679751
2026-01-10,2,6,1,0,0,25.60010760048191
2026-01-10,2,7,1,0,0,27.847060715955475
2026-01-10,2,8,1,1,0,55.27058312405559
2026-01-10,2,9,1,0,0,40.38684470509619
2026-01-10,2,10,1,0,0,41.31822152416585
2026-01-10,2,11,1,0,0,29.389270914229996
2026-01-10,2,12,1,0,0,21.202338702221407
2026-01-10,2,13,1,0,0,23.966343700370633
2026-01-10,2,14,1,0,0,24.889661530927977
2026-01-10,2,15,1,0,0,32.49522030854548
2026-01-10,2,16,1,0,0,37.51945888750538
2026-01-10,2,17,1,0,0,39.64748310372246
2026-01-10,2,18,1,0,0,47.37470398167233
2026-01-10,2,19,1,0,0,46.60299732197134
2026-01-10,2,20,1,0,0,39.08685389898427
2026-01-10,2,21,1,0,0,29.268780400683525
2026-01-10,2,22,1,0,0,21.387919710820448
2026-01-10,2,23,1,0,0,21.90724858417792
2026-01-10,3,0,1,0,0,8.149478137218532
2026-01-10,3,1,1,0,0,9.735245533883086
2026-01-10,3,2,1,1,0,26.557765797845075
2026-01-10,3,3,1,0,1,17.836486583679953
2026-01-10,3,4,1,0,0,15.508440639507677
2026-01-10,3,5,1,0,0,12.034916315415732
2026-01-10,3,6,1,0,0,24.858043579892183
2026-01-10,3,7,1,0,0,35.26949779372839
2026-01-10,3,8,1,0,0,42.847946372313864
2026-01-10,3,9,1,0,1,55.770794423082975
2026-01-10,3,10,1,0,0,38.36174330398285
2026-01-10,3,11,1,0,0,31.695715308401496
2026-01-10,3,12,1,0,0,31.985124781859188
2026-01-10,3,13,1,0,0,24.458055842777053
2026-01-10,3,14,1,0,0,23.932759966504126
2026-01-10,3,15,1,0,0,34.643593113271365
2026-01-10,3,16,1,1,0,47.676513163268964
2026-01-10,3,17,1,0,0,41.75895732539163
2026-01-10,3,18,1,0,0,54.695117850493794
2026-01-10,3,19,1,0,0,49.501172386443784
2026-01-10,3,20,1,0,0,38.33110573356285
2026-01-10,3,21,1,0,0,36.728014386289026
2026-01-10,3,22,1,0,0,29.395751634341263
2026-01-10,3,23,1,1,0,38.70041132869748
2026-01-10,4,0,1,0,0,9.507772610411532
2026-01-10,4,1,1,1,0,13.065697259318926
2026-01-10,4,2,1,0,0,1.0001728485053865
2026-01-10,4,3,1,0,0,4.649905988243234
2026-01-10,4,4,1,0,0,4.189750222812743
2026-01-10,4,5,1,0,0,2.3625041621313705
2026-01-10,4,6,1,0,0,16.25520960505671
2026-01-10,4,7,1,1,0,38.4150092032045
2026-01-10,4,8,1,1,0,46.639485342850826
2026-01-10,4,9,1,0,0,42.54056111984593
2026-01-10,4,10,1,0,0,28.86079182884697
2026-01-10,4,11,1,0,0,26.15458483565904
2026-01-10,4,12,1,0,1,34.3724875877603
2026-01-10,4,13,1,0,0,16.199536828220406
2026-01-10,4,14,1,0,0,25.55862465393257
2026-01-10,4,15,1,1,1,38.298439604351
2026-01-10,4,16,1,0,0,27.356050832018607
2026-01-10,4,17,1,0,0,37.26704555347794
2026-01-10,4,18,1,0,0,47.96460118765856
2026-01-10,4,19,1,0,0,42.11204528189936
2026-01-10,4,20,1,0,0,29.753044237776717
2026-01-10,4,21,1,0,0,26.261873195087578
2026-01-10,4,22,1,0,0,17.017959382320218
2026-01-10,4,23,1,0,1,20.843886454528175
2026-01-10,5,0,1,0,0,3.537335874815969
2026-01-10,5,1,1,1,0,10.08970790603751
2026-01-10,5,2,1,0,0,5.287860776181683
2026-01-10,5,3,1,1,0,18.11300855637673
2026-01-10,5,4,1,0,0,0.0
2026-01-10,5,5,1,0,0,0.0
2026-01-10,5,6,1,0,0,25.946664941706516
2026-01-10,5,7,1,0,1,31.643760259454364
2026-01-10,5,8,1,0,0,31.84979859392621
2026-01-10,5,9,1,0,0,40.61557103559217
2026-01-10,5,10,1,0,0,33.42901665600709
2026-01-10,5,11,1,0,0,25.529024266842413
2026-01-10,5,12,1,0,0,24.04630921844167
2026-01-10,5,13,1,0,0,11.170580349806588
2026-01-10,5,14,1,0,0,18.794776334093925
2026-01-10,5,15,1,0,0,25.244692719356472
2026-01-10,5,16,1,1,0,36.893949856052906
2026-01-10,5,17,1,0,0,41.21575961409021
2026-01-10,5,18,1,1,1,61.63505686860483
2026-01-10,5,19,1,0,0,35.423319000520024
2026-01-10,5,20,1,0,0,30.62635222220272
2026-01-10,5,21,1,0,0,23.625383389349754
2026-01-10,5,22,1,0,0,16.089824187200332
2026-01-10,5,23,1,1,0,19.165881297439828
2026-01-11,0,0,1,0,0,7.0503123213138945
2026-01-11,0,1,1,0,0,12.522181282028095
2026-01-11,0,2,1,0,0,12.132955219572896
2026-01-11,0,3,1,0,0,12.092478616082918
2026-01-11,0,4,1,0,0,18.6770488370506
2026-01-11,0,5,1,0,0,10.09775866089959
2026-01-11,0,6,1,0,0,31.041241854760948
2026-01-11,0,7,1,0,1,42.65038449031959
2026-01-11,0,8,1,0,0,50.85773684621443
2026-01-11,0,9,1,0,0,48.54508600328669
2026-01-11,0,10,1,1,0,53.36841212921814
2026-01-11,0,11,1,0,0,37.27477151634701
2026-01-11,0,12,1,0,0,26.091622700397085
2026-01-11,0,13,1,0,0,29.74485719175179
2026-01-11,0,14,1,0,0,35.9161179216796
2026-01-11,0,15,1,1,0,49.00958811000229
2026-01-11,0,16,1,0,0,41.77892195981778
2026-01-11,0,17,1,0,0,59.18409789251065
2026-01-11,0,18,1,1,0,67.25519581128859
2026-01-11,0,19,1,0,0,52.29951517711381
2026-01-11,0,20,1,1,1,60.52737487978336
2026-01-11,0,21,1,0,0,29.831385512608605
2026-01-11,0,22,1,0,0,29.561239145230534
2026-01-11,0,23,1,0,0,23.77901990418278
2026-01-11,1,0,1,1,0,23.88803831107463
2026-01-11,1,1,1,0,0,18.347583312639138
2026-01-11,1,2,1,0,0,15.086287435672919
2026-01-11,1,3,1,0,0,11.609247168693726
2026-01-11,1,4,1,0,0,10.04568359044616
2026-01-11,1,5,1,1,0,22.104157323849407
2026-01-11,1,6,1,0,0,27.900180162970432
2026-01-11,1,7,1,0,0,34.23689824549968
2026-01-11,1,8,1,0,0,37.632329968468966
2026-01-11,1,9,1,1,0,54.29114336772621
2026-01-11,1,10,1,0,0,40.774492696270684
2026-01-11,1,11,1,0,0,34.029231961852915
2026-01-11,1,12,1,1,0,35.16892875337704
2026-01-11,1,13,1,0,0,26.733746879962016
2026-01-11,1,14,1,0,0,29.150417171222177
2026-01-11,1,15,1,0,0,26.07980719301081
2026-01-11,1,16,1,0,0,29.927164659208728
2026-01-11,1,17,1,0,0,45.927660686639
2026-01-11,1,18,1,0,0,53.20015969349266
2026-01-11,1,19,1,0,0,50.706515490642595
2026-01-11,1,20,1,0,0,41.18183109130595
2026-01-11,1,21,1,0,0,31.351687714060812
2026-01-11,1,22,1,0,0,22.468006999277456
2026-01-11,1,23,1,0,0,24.775855314613104
2026-01-11,2,0,1,0,0,3.9336149586389677
2026-01-11,2,1,1,1,0,17.257574663890043
2026-01-11,2,2,1,0,0,14.080283707454676
2026-01-11,2,3,1,0,0,8.780983724390294
2026-01-11,2,4,1,1,0,19.504558198658735
2026-01-11,2,5,1,0,0,8.769208423727793
2026-01-11,2,6,1,0,0,25.71197924730606
2026-01-11,2,7,1,0,0,35.23374422026267
2026-01-11,2,8,1,0,0,37.44122499116227
2026-01-11,2,9,1,0,0,46.08267352147705
2026-01-11,2,10,1,0,0,34.24848715514324
2026-01-11,2,11,1,0,0,32.73469194663651
2026-01-11,2,12,1,0,0,32.18620939731167
2026-01-11,2,13,1,1,1,45.21278843003444
2026-01-11,2,14,1,0,0,25.538410250478396
2026-01-11,2,15,1,0,0,24.54396547610725
2026-01-11,2,16,1,0,0,38.43492777357094
2026-01-11,2,17,1,1,0,56.844359671335184
2026-01-11,2,18,1,0,0,44.573054449495416
2026-01-11,2,19,1,1,0,66.69420304870187
2026-01-11,2,20,1,0,0,34.43478915425205
2026-01-11,2,21,1,0,0,28.408631477451266
2026-01-11,2,22,1,1,0,39.105363686953076
2026-01-11,2,23,1,0,0,21.252175543911537
2026-01-11,3,0,1,0,0,13.191732745435996
2026-01-11,3,1,1,0,0,15.547307948519903
2026-01-11,3,2,1,1,0,24.030894856853195
2026-01-11,3,3,1,0,0,13.560109353833274
2026-01-11,3,4,1,0,0,13.769390597187005
2026-01-11,3,5,1,0,0,9.864522286096598
2026-01-11,3,6,1,0,0,29.17688673302234
2026-01-11,3,7,1,0,0,29.994448883771213
2026-01-11,3,8,1,0,0,44.51780167303144
2026-01-11,3,9,1,0,0,39.7906024630597
2026-01-11,3,10,1,0,0,37.27270952229094
2026-01-11,3,11,1,0,0,36.80715673321092
2026-01-11,3,12,1,0,0,30.552617579628734
2026-01-11,3,13,1,0,0,28.36260887783374
2026-01-11,3,14,1,0,0,32.29479556926635
2026-01-11,3,15,1,0,0,35.44352981919016
2026-01-11,3,16,1,0,0,38.58231170033955
2026-01-11,3,17,1,1,0,62.95879416505453
2026-01-11,3,18,1,0,0,52.3984712817934
2026-01-11,3,19,1,0,0,44.06812646568149
2026-01-11,3,20,1,0,0,36.92118350170685
2026-01-11,3,21,1,0,0,32.78266416352033
2026-01-11,3,22,1,0,0,27.1297623709675
2026-01-11,3,23,1,0,1,34.71478027421103
2026-01-11,4,0,1,0,0,9.231339110077965
2026-01-11,4,1,1,0,0,1.1328285486589502
2026-01-11,4,2,1,0,0,0.0
2026-01-11,4,3,1,0,0,1.7265891334154544
2026-01-11,4,4,1,0,0,2.2913641563715412
2026-01-11,4,5,1,0,0,11.922934661938397
2026-01-11,4,6,1,0,0,23.63233758584266
2026-01-11,4,7,1,0,0,25.381526961559683
2026-01-11,4,8,1,1,0,48.49785373641533
2026-01-11,4,9,1,0,0,41.87247961450268
2026-01-11,4,10,1,1,0,49.7935483072154
2026-01-11,4,11,1,0,0,28.403095366451872
2026-01-11,4,12,1,0,0,21.799907940410794
2026-01-11,4,13,1,0,0,20.390880055722896
2026-01-11,4,14,1,0,0,18.29735651410563
2026-01-11,4,15,1,0,0,27.82973213370785
2026-01-11,4,16,1,0,0,31.55706839526754
2026-01-11,4,17,1,0,0,47.82382902545347
2026-01-11,4,18,1,0,0,45.230319581143206
2026-01-11,4,19,1,0,0,42.77770495249891
2026-01-11,4,20,1,0,0,34.192057112249955
2026-01-11,4,21,1,0,0,23.18348414049608
2026-01-11,4,22,1,0,0,27.722503468488036
2026-01-11,4,23,1,0,0,18.295621402788488
2026-01-11,5,0,1,0,0,2.75856203365189
2026-01-11,5,1,1,0,0,0.0
2026-01-11,5,2,1,0,0,9.964059491301532
2026-01-11,5,3,1,0,0,0.0
2026-01-11,5,4,1,0,0,0.0
2026-01-11,5,5,1,0,0,0.0
2026-01-11,5,6,1,1,0,31.850842841125782
2026-01-11,5,7,1,0,0,21.449225820614735
2026-01-11,5,8,1,1,1,48.09059148527289
2026-01-11,5,9,1,0,0,34.81428512997975
2026-01-11,5,10,1,0,0,28.427329194722212
2026-01-11,5,11,1,0,0,21.731943382212382
2026-01-11,5,12,1,0,0,15.100245186767548
2026-01-11,5,13,1,0,0,15.771289154246105
2026-01-11,5,14,1,0,0,14.14545561458829
2026-01-11,5,15,1,0,0,17.846506911814533
2026-01-11,5,16,1,0,0,27.94568428718119
2026-01-11,5,17,1,0,1,43.347057785875606
2026-01-11,5,18,1,1,0,50.17026469508194
2026-01-11,5,19,1,1,0,52.08530154026548
2026-01-11,5,20,1,0,0,33.28056586661584
2026-01-11,5,21,1,0,0,29.0335907549196
2026-01-11,5,22,1,0,0,16.75133910565692
2026-01-11,5,23,1,0,0,16.117989993932035
2026-01-12,0,0,0,0,0,15.528230355638208
2026-01-12,0,1,0,0,0,9.618429294402144
2026-01-12,0,2,0,0,0,11.507255530441576
2026-01-12,0,3,0,0,1,19.16860666876376
2026-01-12,0,4,0,0,0,13.289478838287552
2026-01-12,0,5,0,0,0,15.831669613139747
2026-01-12,0,6,0,0,0,30.3102584253468
2026-01-12,0,7,0,0,0,39.86809274418282
2026-01-12,0,8,0,0,0,58.2082215036538
2026-01-12,0,9,0,0,0,64.07353711280768
2026-01-12,0,10,0,0,0,56.72711048885492
2026-01-12,0,11,0,0,0,42.467500727095214
2026-01-12,0,12,0,0,0,35.36756663972845
2026-01-12,0,13,0,0,0,34.99263632157666
2026-01-12,0,14,0,0,0,31.54312302654029
2026-01-12,0,15,0,1,0,44.56644057838483
2026-01-12,0,16,0,0,0,50.66215675739889
2026-01-12,0,17,0,0,0,59.41156779232192
2026-01-12,0,18,0,1,0,80.37574605450061
2026-01-12,0,19,0,0,0,54.67936588205528
2026-01-12,0,20,0,0,0,46.5490042647226
2026-01-12,0,21,0,0,0,36.99687514937709
2026-01-12,0,22,0,1,0,40.90495722447065
2026-01-12,0,23,0,0,0,28.79736973058514
2026-01-12,1,0,0,0,0,6.797344460855614
2026-01-12,1,1,0,0,0,12.001297224028145
2026-01-12,1,2,0,0,0,18.139964755746668
2026-01-12,1,3,0,0,0,14.42198139566062
2026-01-12,1,4,0,0,0,11.786183447308726
2026-01-12,1,5,0,0,0,18.084807602594953
2026-01-12,1,6,0,0,0,23.837589001943986
2026-01-12,1,7,0,0,0,43.64716054496465
2026-01-12,1,8,0,0,0,59.39128516937315
2026-01-12,1,9,0,0,0,59.05200566857453
2026-01-12,1,10,0,0,0,46.81443435195473
2026-01-12,1,11,0,0,0,35.86705024667081
2026-01-12,1,12,0,0,0,29.182532312289624
2026-01-12,1,13,0,0,0,20.170814737535952
2026-01-12,1,14,0,0,0,29.71067943556133
2026-01-12,1,15,0,0,0,37.124550748295874
2026-01-12,1,16,0,0,0,43.15087481523144
2026-01-12,1,17,0,0,0,62.44689145624386
2026-01-12,1,18,0,0,0,67.10105138218178
2026-01-12,1,19,0,0,0,64.538168277085
2026-01-12,1,20,0,0,0,54.581475706306435
2026-01-12,1,21,0,0,0,33.92468033904251
2026-01-12,1,22,0,0,0,27.254368251265852
2026-01-12,1,23,0,0,0,15.357622636266305
2026-01-12,2,0,0,0,0,11.32249053557615
2026-01-12,2,1,0,0,1,14.310740585984632
2026-01-12,2,2,0,0,0,12.032492211986481
2026-01-12,2,3,0,0,0,8.022242092144388
2026-01-12,2,4,0,0,0,3.8068421278074984
2026-01-12,2,5,0,0,0,6.412962795303651
2026-01-12,2,6,0,0,0,17.73551416473304
2026-01-12,2,7,0,0,0,36.85801233138069
2026-01-12,2,8,0,1,0,54.89249319340419
2026-01-12,2,9,0,0,1,69.47280827964028
2026-01-12,2,10,0,0,1,55.08813638683338
2026-01-12,2,11,0,0,0,34.455828596941096
2026-01-12,2,12,0,0,0,24.991162619271183
2026-01-12,2,13,0,0,0,20.871945771145
2026-01-12,2,14,0,0,0,19.009771549541217
2026-01-12,2,15,0,0,0,34.225837676350146
2026-01-12,2,16,0,0,0,41.075985539800854
2026-01-12,2,17,0,0,0,59.0249684871984
2026-01-12,2,18,0,0,0,59.59281635353497
2026-01-12,2,19,0,0,0,56.86494511726432
2026-01-12,2,20,0,0,0,46.765555546843025
2026-01-12,2,21,0,0,0,33.275898050864
2026-01-12,2,22,0,0,1,35.08953860918169
2026-01-12,2,23,0,0,0,29.158486296293844
2026-01-12,3,0,0,0,0,14.237480327017643
2026-01-12,3,1,0,0,0,8.665620518986707
2026-01-12,3,2,0,0,0,14.458748456553405
2026-01-12,3,3,0,0,0,10.221724528734292
2026-01-12,3,4,0,0,0,12.172577123685194
2026-01-12,3,5,0,0,0,17.62174918484437
2026-01-12,3,6,0,0,0,26.742393091679727
2026-01-12,3,7,0,1,0,51.24551815019675
2026-01-12,3,8,0,0,0,57.82409986596758
2026-01-12,3,9,0,0,0,60.79472972735372
2026-01-12,3,10,0,0,0,51.68845823059869
2026-01-12,3,11,0,0,0,33.000369214769776
2026-01-12,3,12,0,0,0,33.7138065964873
2026-01-12,3,13,0,1,0,41.67337486837643
2026-01-12,3,14,0,0,0,35.31931519209546
2026-01-12,3,15,0,0,0,32.519256355057166
2026-01-12,3,16,0,0,0,50.47243959948866
2026-01-12,3,17,0,0,0,59.55570562738074
2026-01-12,3,18,0,1,0,78.35508233306501
2026-01-12,3,19,0,0,0,63.060098746028885
2026-01-12,3,20,0,0,0,52.193455810283936
2026-01-12,3,21,0,0,0,27.900060705058927
2026-01-12,3,22,0,0,0,28.64443433755423
2026-01-12,3,23,0,0,0,22.171215807619248
2026-01-12,4,0,0,0,0,6.018216559839107
2026-01-12,4,1,0,0,0,5.503348272149623
2026-01-12,4,2,0,0,0,3.6699195383126755
2026-01-12,4,3,0,0,0,0.0
2026-01-12,4,4,0,0,0,3.2840357287914883
2026-01-12,4,5,0,0,0,7.906010231283021
2026-01-12,4,6,0,0,0,24.14070143780063
2026-01-12,4,7,0,1,0,49.84582107199272
2026-01-12,4,8,0,0,0,47.59667280637407
2026-01-12,4,9,0,0,0,57.30911176529561
2026-01-12,4,10,0,0,0,43.782865136895325
2026-01-12,4,11,0,1,0,46.57050182179883
2026-01-12,4,12,0,0,1,30.12883254473862
2026-01-12,4,13,0,0,0,18.24899190904354
2026-01-12,4,14,0,0,0,22.332184938785122
2026-01-12,4,15,0,0,0,29.891074189101374
2026-01-12,4,16,0,0,0,43.79747281051396
2026-01-12,4,17,0,0,0,61.339913706394555
2026-01-12,4,18,0,1,1,76.26423824720315
2026-01-12,4,19,0,0,0,58.17583162240942
2026-01-12,4,20,0,0,0,39.07105855477367
2026-01-12,4,21,0,0,0,17.691226513325578
2026-01-12,4,22,0,0,0,24.62307482525376
2026-01-12,4,23,0,1,0,33.06996965220619
2026-01-12,5,0,0,1,1,25.055587394199236
2026-01-12,5,1,0,0,0,0.0
2026-01-12,5,2,0,0,0,2.0222968187431998
2026-01-12,5,3,0,0,0,0.0
2026-01-12,5,4,0,0,0,5.6846968665109685
2026-01-12,5,5,0,0,0,6.737391240877377
2026-01-12,5,6,0,1,0,34.17498841371709
2026-01-12,5,7,0,0,1,36.17226549708671
2026-01-12,5,8,0,0,0,43.32830598089705
2026-01-12,5,9,0,1,0,65.20728480033539
2026-01-12,5,10,0,0,1,49.85724195222495
2026-01-12,5,11,0,0,0,31.824226910637925
2026-01-12,5,12,0,0,0,17.017210184895607
2026-01-12,5,13,0,0,0,15.337582637035327
2026-01-12,5,14,0,0,0,20.055275509140046
2026-01-12,5,15,0,0,0,22.45020992486615
2026-01-12,5,16,0,0,0,38.072588003373575
2026-01-12,5,17,0,1,0,67.86111377609946
2026-01-12,5,18,0,1,0,63.2550423845368
2026-01-12,5,19,0,0,0,53.561392206253366
2026-01-12,5,20,0,0,0,39.71056617150605
2026-01-12,5,21,0,0,0,34.435218125902566
2026-01-12,5,22,0,0,0,14.813079576947581
2026-01-12,5,23,0,0,0,15.245461201040975
2026-01-13,0,0,0,1,0,28.56010868876095
2026-01-13,0,1,0,0,0,16.43516313738332
2026-01-13,0,2,0,0,0,14.042473086342415
2026-01-13,0,3,0,0,0,16.34638768193146
2026-01-13,0,4,0,0,0,11.23830489623036
2026-01-13,0,5,0,0,0,8.968848405073082
2026-01-13,0,6,0,0,0,28.752540620352786
2026-01-13,0,7,0,1,0,56.73635972181087
2026-01-13,0,8,0,1,0,62.290441759142084
2026-01-13,0,9,0,0,0,57.53164562459666
2026-01-13,0,10,0,0,0,56.69228201932805
2026-01-13,0,11,0,0,0,42.13606606108763
2026-01-13,0,12,0,0,0,28.991061755154057
2026-01-13,0,13,0,0,0,28.89770027387216
2026-01-13,0,14,0,0,0,30.40219650967683
2026-01-13,0,15,0,0,0,36.859005868291895
2026-01-13,0,16,0,0,0,52.31966007665913
2026-01-13,0,17,0,0,0,65.62191219490657
2026-01-13,0,18,0,0,0,69.7870368632319
2026-01-13,0,19,0,0,0,64.34933347709966
2026-01-13,0,20,0,0,0,42.11598388235803
2026-01-13,0,21,0,0,0,46.11503820530081
2026-01-13,0,22,0,0,0,28.59626633644622
2026-01-13,0,23,0,0,0,27.03257766475807
2026-01-13,1,0,0,1,0,15.036814332403118
2026-01-13,1,1,0,0,0,10.680618594843333
2026-01-13,1,2,0,0,0,12.541386610636861
2026-01-13,1,3,0,0,0,13.470473722818344
2026-01-13,1,4,0,0,0,11.510218660030661
2026-01-13,1,5,0,0,0,13.704958984769569
2026-01-13,1,6,0,0,0,33.44480369101163
2026-01-13,1,7,0,1,0,43.55662664272317
2026-01-13,1,8,0,1,0,64.04621635494888
2026-01-13,1,9,0,0,0,55.24730640425225
2026-01-13,1,10,0,0,0,46.15970207482394
2026-01-13,1,11,0,0,0,31.91691841335436
2026-01-13,1,12,0,0,0,25.73216180385863
2026-01-13,1,13,0,0,0,22.590955083271286
2026-01-13,1,14,0,1,0,41.93035114281724
2026-01-13,1,15,0,0,0,26.283221474808904
2026-01-13,1,16,0,0,0,50.71687203410015
2026-01-13,1,17,0,0,0,59.54095012736516
2026-01-13,1,18,0,0,0,70.47150445804866
2026-01-13,1,19,0,0,0,68.82147591995364
2026-01-13,1,20,0,0,0,43.143250500453405
2026-01-13,1,21,0,1,0,44.44544988410305
2026-01-13,1,22,0,0,0,30.478548316122772
2026-01-13,1,23,0,0,0,25.34973645188773
2026-01-13,2,0,0,0,1,21.218134843956538
2026-01-13,2,1,0,0,0,8.611767547769727
2026-01-13,2,2,0,0,0,14.913488665987032
2026-01-13,2,3,0,0,0,10.953090024249812
2026-01-13,2,4,0,0,0,10.026131087214184
2026-01-13,2,5,0,1,0,22.647907961616454
2026-01-13,2,6,0,0,0,25.374465349728037
2026-01-13,2,7,0,0,0,38.20623088962858
2026-01-13,2,8,0,0,0,54.47022334110324
2026-01-13,2,9,0,0,1,63.35547424627904
2026-01-13,2,10,0,0,0,48.154868324242116
2026-01-13,2,11,0,0,0,29.15715971998941
2026-01-13,2,12,0,0,0,29.562915520029524
2026-01-13,2,13,0,0,0,19.66737700180096
2026-01-13,2,14,0,0,0,32.47679107487634
2026-01-13,2,15,0,1,0,44.54809046612663
2026-01-13,2,16,0,0,0,50.52110993565161
2026-01-13,2,17,0,0,1,69.12044780131555
2026-01-13,2,18,0,0,0,61.761930229265815
2026-01-13,2,19,0,0,0,64.69075715853474
2026-01-13,2,20,0,0,0,43.42877725692734
2026-01-13,2,21,0,0,0,28.258072588660884
2026-01-13,2,22,0,0,0,24.61500519312589
2026-01-13,2,23,0,1,0,36.82372105215572
2026-01-13,3,0,0,0,0,13.013591726673013
2026-01-13,3,1,0,0,0,9.380421486026403
2026-01-13,3,2,0,0,1,26.51158813900237
2026-01-13,3,3,0,0,0,14.110671754921428
2026-01-13,3,4,0,0,0,13.665414887862166
2026-01-13,3,5,0,0,0,17.069229057544312
2026-01-13,3,6,0,1,0,43.36386558651251
2026-01-13,3,7,0,1,0,49.99595618745243
2026-01-13,3,8,0,1,0,55.9638566863844
2026-01-13,3,9,0,0,0,56.25430924796337
2026-01-13,3,10,0,0,0,52.919039519326965
2026-01-13,3,11,0,0,0,42.22633202419015
2026-01-13,3,12,0,0,1,36.91055639385379
2026-01-13,3,13,0,0,0,26.216656422588386
2026-01-13,3,14,0,0,0,26.387085962478473
2026-01-13,3,15,0,0,0,33.89664648056415
2026-01-13,3,16,0,0,0,45.473684184586986
2026-01-13,3,17,0,0,0,68.76977188027308
2026-01-13,3,18,0,0,1,75.73747733024187
2026-01-13,3,19,0,0,0,65.23162876212716
2026-01-13,3,20,0,0,0,53.22616736663411
2026-01-13,3,21,0,0,0,39.15780007766346
2026-01-13,3,22,0,0,0,25.64975240927193
2026-01-13,3,23,0,0,0,30.371533705465808
2026-01-13,4,0,0,0,0,1.2775858390301607
2026-01-13,4,1,0,1,0,10.309601456134223
2026-01-13,4,2,0,0,0,1.6859556504917061
2026-01-13,4,3,0,0,0,6.7542364923932645
2026-01-13,4,4,0,0,0,9.772237961829294
2026-01-13,4,5,0,0,0,4.410981719886914
2026-01-13,4,6,0,0,0,21.81419887650298
2026-01-13,4,7,0,0,0,24.902641559825216
2026-01-13,4,8,0,1,0,59.05881720641619
2026-01-13,4,9,0,0,0,51.859983343500105
2026-01-13,4,10,0,0,0,39.46537596368329
2026-01-13,4,11,0,0,0,30.225682105370346
2026-01-13,4,12,0,1,0,28.131834572729197
2026-01-13,4,13,0,0,0,22.309087679026
2026-01-13,4,14,0,0,0,21.78926210301853
2026-01-13,4,15,0,0,0,22.162411577163258
2026-01-13,4,16,0,0,0,44.74899147090418
2026-01-13,4,17,0,0,0,52.285103540557394
2026-01-13,4,18,0,0,0,62.934805632222265
2026-01-13,4,19,0,0,0,57.55332752728781
2026-01-13,4,20,0,1,0,48.842619115933964
2026-01-13,4,21,0,0,0,33.3717043764683
2026-01-13,4,22,0,0,0,17.842715768432154
2026-01-13,4,23,0,0,0,15.885995441702608
2026-01-13,5,0,0,0,0,7.0983627193135685
2026-01-13,5,1,0,0,0,4.232472099064906
2026-01-13,5,2,0,1,0,12.439870499326274
2026-01-13,5,3,0,0,0,5.231562075139536
2026-01-13,5,4,0,0,0,5.767797775285976
2026-01-13,5,5,0,0,0,4.554050563339287
2026-01-13,5,6,0,0,1,22.549603331125017
2026-01-13,5,7,0,0,0,31.790420351880663
2026-01-13,5,8,0,0,0,40.90589033744199
2026-01-13,5,9,0,0,0,54.230050096825394
2026-01-13,5,10,0,0,0,40.22284647890597
2026-01-13,5,11,0,0,0,27.242583437293632
2026-01-13,5,12,0,0,1,24.751586955380578
2026-01-13,5,13,0,0,0,14.044148961132652
2026-01-13,5,14,0,0,0,15.319417028800444
2026-01-13,5,15,0,0,0,20.829696478801218
2026-01-13,5,16,0,0,0,33.89221578063795
2026-01-13,5,17,0,1,0,63.32664257093846
2026-01-13,5,18,0,0,0,58.04944458540925
2026-01-13,5,19,0,0,0,45.477890940041476
2026-01-13,5,20,0,1,0,47.060392982171216
2026-01-13,5,21,0,0,0,28.436278474069645
2026-01-13,5,22,0,0,0,20.885313309724832
2026-01-13,5,23,0,0,0,15.146065928434515
2026-01-14,0,0,0,0,0,14.867847352246306
2026-01-14,0,1,0,0,0,11.123662135712443
2026-01-14,0,2,0,0,0,14.665967640019028
2026-01-14,0,3,0,0,0,10.427310665418924
2026-01-14,0,4,0,0,0,9.220656253918165
2026-01-14,0,5,0,0,0,17.068774355642162
2026-01-14,0,6,0,0,0,37.4754937716177
2026-01-14,0,7,0,0,0,41.59363260553164
2026-01-14,0,8,0,0,0,54.40474811459572
2026-01-14,0,9,0,1,0,73.3083687093739
2026-01-14,0,10,0,0,0,57.01325470094615
2026-01-14,0,11,0,0,0,46.75972781051927
2026-01-14,0,12,0,1,0,36.633901504039784
2026-01-14,0,13,0,1,0,44.81139791893514
2026-01-14,0,14,0,1,0,42.17732844574196
2026-01-14,0,15,0,0,0,30.937077610990656
2026-01-14,0,16,0,1,0,60.34338065109657
2026-01-14,0,17,0,0,0,60.2590957979098
2026-01-14,0,18,0,1,0,82.96147445539575
2026-01-14,0,19,0,0,0,61.43407785340937
2026-01-14,0,20,0,0,0,52.80612037494351
2026-01-14,0,21,0,0,0,37.4509803240819
2026-01-14,0,22,0,0,0,31.896667451651584
2026-01-14,0,23,0,0,0,27.034682387047848
2026-01-14,1,0,0,0,0,9.667500994253647
2026-01-14,1,1,0,0,0,13.531360580672725
2026-01-14,1,2,0,0,0,5.955677338837575
2026-01-14,1,3,0,0,0,11.92226865072578
2026-01-14,1,4,0,0,0,8.30088006213376
2026-01-14,1,5,0,0,0,14.743289356844674
2026-01-14,1,6,0,1,0,38.38351630176711
2026-01-14,1,7,0,0,0,47.38363103465561
2026-01-14,1,8,0,1,0,56.29092620482251
2026-01-14,1,9,0,1,0,72.60936272616007
2026-01-14,1,10,0,0,0,44.93160877205591
2026-01-14,1,11,0,0,0,29.27695730644092
2026-01-14,1,12,0,0,0,31.68186566317388
2026-01-14,1,13,0,0,0,27.231486781169146
2026-01-14,1,14,0,0,1,37.73291073620454
2026-01-14,1,15,0,0,0,36.95979246562661
2026-01-14,1,16,0,0,0,38.72224317967182
2026-01-14,1,17,0,0,0,54.270285171692805
2026-01-14,1,18,0,0,0,61.278986924818746
2026-01-14,1,19,0,0,0,58.44954642667224
2026-01-14,1,20,0,1,0,56.34452560870542
2026-01-14,1,21,0,0,0,35.70340127141194
2026-01-14,1,22,0,0,0,28.468883609279153
2026-01-14,1,23,0,0,0,26.057952035542275
2026-01-14,2,0,0,0,0,11.091518725458627
2026-01-14,2,1,0,0,0,9.113025537306473
2026-01-14,2,2,0,0,0,6.967688294563368
2026-01-14,2,3,0,0,0,9.930630054060414
2026-01-14,2,4,0,0,0,16.6510308508119
2026-01-14,2,5,0,0,0,5.684623320701421
2026-01-14,2,6,0,0,0,31.27864165154135
2026-01-14,2,7,0,1,0,53.48873077649276
2026-01-14,2,8,0,0,0,55.78586935132739
2026-01-14,2,9,0,0,0,58.994990202009674
2026-01-14,2,10,0,0,0,42.65037913434265
2026-01-14,2,11,0,0,0,37.65592434154437
2026-01-14,2,12,0,0,0,26.837361955011175
2026-01-14,2,13,0,0,0,24.113876150743437
2026-01-14,2,14,0,0,0,12.865980912989363
2026-01-14,2,15,0,0,0,26.158842826950966
2026-01-14,2,16,0,1,0,53.823415241850896
2026-01-14,2,17,0,0,0,59.251388467002656
2026-01-14,2,18,0,0,0,77.71945801308227
2026-01-14,2,19,0,1,0,62.80031072775395
2026-01-14,2,20,0,0,0,39.331746832414225
2026-01-14,2,21,0,0,0,37.67087165323116
2026-01-14,2,22,0,0,0,17.890152088097967
2026-01-14,2,23,0,1,0,26.660642475811173
2026-01-14,3,0,0,0,0,16.52926382797759
2026-01-14,3,1,0,0,0,14.082887646073246
2026-01-14,3,2,0,0,0,5.995934529740057
2026-01-14,3,3,0,1,0,24.556990446179846
2026-01-14,3,4,0,0,0,16.663477543226634
2026-01-14,3,5,0,0,0,9.268036809184727
2026-01-14,3,6,0,1,0,26.15952378257994
2026-01-14,3,7,0,0,0,35.860846948602656
2026-01-14,3,8,0,0,1,61.56691057289532
2026-01-14,3,9,0,0,0,60.58016233551008
2026-01-14,3,10,0,0,0,55.37892167294947
2026-01-14,3,11,0,1,0,59.4145205686319
2026-01-14,3,12,0,0,0,29.612378217436554
2026-01-14,3,13,0,0,0,25.333665233363355
2026-01-14,3,14,0,0,0,26.322400177174206
2026-01-14,3,15,0,1,0,48.33630759597925
2026-01-14,3,16,0,0,0,53.172741230999826
2026-01-14,3,17,0,0,0,59.87208111465805
2026-01-14,3,18,0,0,0,69.5681216500183
2026-01-14,3,19,0,0,0,62.46360565505289
2026-01-14,3,20,0,0,0,45.793539357792326
2026-01-14,3,21,0,0,0,39.659231225530135
2026-01-14,3,22,0,1,0,35.47784227457457
2026-01-14,3,23,0,0,1,29.74344172540255
2026-01-14,4,0,0,0,0,7.289580489905619
2026-01-14,4,1,0,0,0,3.347564240079432
2026-01-14,4,2,0,0,0,6.754026763332756
2026-01-14,4,3,0,1,0,10.687247861259934
2026-01-14,4,4,0,1,0,8.508007358070195
2026-01-14,4,5,0,0,0,15.772788900907882
2026-01-14,4,6,0,0,0,17.356687966709735
2026-01-14,4,7,0,0,0,27.99847471110928
2026-01-14,4,8,0,0,0,49.742340020916075
2026-01-14,4,9,0,0,0,48.29332747554248
2026-01-14,4,10,0,0,0,45.99320045526184
2026-01-14,4,11,0,0,0,34.19143142199752
2026-01-14,4,12,0,0,0,24.208701409051017
2026-01-14,4,13,0,0,0,23.73897261605663
2026-01-14,4,14,0,1,0,29.027759575587496
2026-01-14,4,15,0,0,0,28.106950699996116
2026-01-14,4,16,0,0,0,45.47042837278603
2026-01-14,4,17,0,0,0,56.57272897463648
2026-01-14,4,18,0,1,0,70.85011552956487
2026-01-14,4,19,0,0,0,62.713420412470626
2026-01-14,4,20,0,0,0,41.38365913592192
2026-01-14,4,21,0,0,0,32.63014458450232
2026-01-14,4,22,0,1,0,37.44902609411218
2026-01-14,4,23,0,0,0,17.338807935995643
2026-01-14,5,0,0,1,0,16.130072780477803
2026-01-14,5,1,0,0,0,9.899568392695723
2026-01-14,5,2,0,0,0,5.315017888742017
2026-01-14,5,3,0,0,0,0.9996004534532672
2026-01-14,5,4,0,0,0,1.2027233326815492
2026-01-14,5,5,0,0,0,4.394439488929888
2026-01-14,5,6,0,0,1,25.482807837941852
2026-01-14,5,7,0,0,0,27.595122023680606
2026-01-14,5,8,0,0,0,42.077977915459876
2026-01-14,5,9,0,0,0,53.86662542662622
2026-01-14,5,10,0,0,0,43.851821941888
2026-01-14,5,11,0,1,0,41.37266236969818
2026-01-14,5,12,0,0,0,19.480884652068745
2026-01-14,5,13,0,0,0,15.476948303897867
2026-01-14,5,14,0,0,0,13.576132393829912
2026-01-14,5,15,0,0,0,24.779182716124136
2026-01-14,5,16,0,0,1,46.36187104519908
2026-01-14,5,17,0,0,0,50.665695889802905
2026-01-14,5,18,0,0,0,53.35475923889783
2026-01-14,5,19,0,0,0,52.62360272033672
2026-01-14,5,20,0,0,0,31.739307489647302
2026-01-14,5,21,0,0,0,30.086411053730465
2026-01-14,5,22,0,0,0,14.769765340034038
2026-01-14,5,23,0,1,0,17.694861951731067
2026-01-15,0,0,0,0,0,11.53627741482094
2026-01-15,0,1,0,0,0,14.519133341113665
2026-01-15,0,2,0,0,0,8.206740912344593
2026-01-15,0,3,0,0,0,8.393680043334772
2026-01-15,0,4,0,0,0,21.700040230673334
2026-01-15,0,5,0,0,0,14.319403796325084
2026-01-15,0,6,0,0,0,32.54444294193516
2026-01-15,0,7,0,0,0,40.04143190683772
2026-01-15,0,8,0,0,1,61.456843944390386
2026-01-15,0,9,0,0,0,57.39171717656254
2026-01-15,0,10,0,1,0,65.21196680083517
2026-01-15,0,11,0,0,0,42.533832886783614
2026-01-15,0,12,0,0,0,31.65370971264475
2026-01-15,0,13,0,0,0,32.13592723689775
2026-01-15,0,14,0,0,0,26.528858699676338
2026-01-15,0,15,0,0,0,43.64610021717979
2026-01-15,0,16,0,0,0,50.57421340623082
2026-01-15,0,17,0,0,0,66.06911968646028
2026-01-15,0,18,0,0,0,65.98608241977188
2026-01-15,0,19,0,0,0,65.2860673621671
2026-01-15,0,20,0,1,0,63.72692962398011
2026-01-15,0,21,0,1,0,44.270381606574084
2026-01-15,0,22,0,0,0,34.5819856823386
2026-01-15,0,23,0,0,0,20.95522165056227
2026-01-15,1,0,0,0,0,13.454342121833713
2026-01-15,1,1,0,0,0,11.356053065982382
2026-01-15,1,2,0,0,0,2.191145188311891
2026-01-15,1,3,0,0,0,16.76421530934978
2026-01-15,1,4,0,0,1,16.52628612271471
2026-01-15,1,5,0,0,0,8.430387778234415
2026-01-15,1,6,0,0,0,27.546839147957122
2026-01-15,1,7,0,0,0,40.349922257102584
2026-01-15,1,8,0,1,0,60.902296032945685
2026-01-15,1,9,0,1,0,68.0700849394378
2026-01-15,1,10,0,1,0,70.9958020774316
2026-01-15,1,11,0,0,0,39.745215740852544
2026-01-15,1,12,0,0,0,23.722158595040934
2026-01-15,1,13,0,0,0,23.364008306616867
2026-01-15,1,14,0,0,1,37.38969059083706
2026-01-15,1,15,0,0,0,36.7683070904033
2026-01-15,1,16,0,0,0,42.82041821619903
2026-01-15,1,17,0,0,0,63.82402647629499
2026-01-15,1,18,0,1,0,67.62913399617914
2026-01-15,1,19,0,0,0,68.84943394980289
2026-01-15,1,20,0,0,0,37.862176703815194
2026-01-15,1,21,0,0,0,29.895893006937833
2026-01-15,1,22,0,1,0,41.16995844533208
2026-01-15,1,23,0,0,0,25.66284995640277
2026-01-15,2,0,0,0,1,14.924618804663499
2026-01-15,2,1,0,0,0,12.964270814592291
2026-01-15,2,2,0,0,0,8.823831715794928
2026-01-15,2,3,0,0,0,6.764699575500924
2026-01-15,2,4,0,0,0,9.767943738910049
2026-01-15,2,5,0,0,0,14.87940495545778
2026-01-15,2,6,0,0,0,24.937393914983062
2026-01-15,2,7,0,1,0,47.998926143703066
2026-01-15,2,8,0,0,0,45.52424608121482
2026-01-15,2,9,0,1,1,84.99396465971734
2026-01-15,2,10,0,0,0,48.980901069051555
2026-01-15,2,11,0,1,0,49.387548563111366
2026-01-15,2,12,0,0,0,27.569869776263012
2026-01-15,2,13,0,0,0,24.127117586452545
2026-01-15,2,14,0,1,0,39.337824722919585
2026-01-15,2,15,0,0,0,23.853913365662088
2026-01-15,2,16,0,0,0,51.37248516504279
2026-01-15,2,17,0,0,0,58.4704226449864
2026-01-15,2,18,0,0,0,62.94160470065162
2026-01-15,2,19,0,0,0,63.7905519658347
2026-01-15,2,20,0,0,0,42.10704447730165
2026-01-15,2,21,0,0,0,31.370455877186117
2026-01-15,2,22,0,0,0,18.680636335853556
2026-01-15,2,23,0,1,0,37.74092343706165
2026-01-15,3,0,0,1,0,23.29029238015229
2026-01-15,3,1,0,0,0,14.187842111330445
2026-01-15,3,2,0,0,0,11.733017548910873
2026-01-15,3,3,0,0,0,4.616084409265919
2026-01-15,3,4,0,0,0,18.91390259035671
2026-01-15,3,5,0,0,0,14.020476550223895
2026-01-15,3,6,0,0,0,18.364909972192766
2026-01-15,3,7,0,0,0,41.62636152406957
2026-01-15,3,8,0,0,0,57.075575983658375
2026-01-15,3,9,0,0,0,61.263999173157615
2026-01-15,3,10,0,0,0,52.35196144960488
2026-01-15,3,11,0,0,0,37.37705482471666
2026-01-15,3,12,0,0,0,32.323495678811575
2026-01-15,3,13,0,0,0,22.503668208610375
2026-01-15,3,14,0,0,0,34.35536664436818
2026-01-15,3,15,0,0,0,34.41969366852384
2026-01-15,3,16,0,1,0,64.31679791532602
2026-01-15,3,17,0,0,0,59.156680544623335
2026-01-15,3,18,0,0,0,65.49798145020517
2026-01-15,3,19,0,0,0,62.476846521902985
2026-01-15,3,20,0,0,0,47.640103722978154
2026-01-15,3,21,0,0,0,32.41424029866184
2026-01-15,3,22,0,0,0,28.406138095127226
2026-01-15,3,23,0,0,0,24.595939215074328
2026-01-15,4,0,0,1,0,13.348591169241388
2026-01-15,4,1,0,1,0,19.458344833376916
2026-01-15,4,2,0,1,0,15.374017953365735
2026-01-15,4,3,0,0,0,0.0
2026-01-15,4,4,0,0,0,9.612815744305749
2026-01-15,4,5,0,1,0,21.56550198249846
2026-01-15,4,6,0,0,0,18.382012099526072
2026-01-15,4,7,0,0,0,32.20821881825636
2026-01-15,4,8,0,0,0,50.06602929901553
2026-01-15,4,9,0,0,0,57.706341437601836
2026-01-15,4,10,0,0,0,41.5808052309023
2026-01-15,4,11,0,0,0,33.16906580243798
2026-01-15,4,12,0,0,0,22.136088136260064
2026-01-15,4,13,0,1,0,34.97248252004324
2026-01-15,4,14,0,1,0,33.88736160082836
2026-01-15,4,15,0,1,0,51.59987959125781
2026-01-15,4,16,0,0,0,43.64817449847594
2026-01-15,4,17,0,0,0,46.01975946247917
2026-01-15,4,18,0,0,0,63.48976424482608
2026-01-15,4,19,0,0,0,49.519433920682786
2026-01-15,4,20,0,0,0,40.970548772621804
2026-01-15,4,21,0,0,0,34.132496206773226
2026-01-15,4,22,0,0,0,16.743191955514995
2026-01-15,4,23,0,0,0,19.23540943799308
2026-01-15,5,0,0,0,0,8.282174460664269
2026-01-15,5,1,0,0,0,0.0
2026-01-15,5,2,0,0,0,0.0
2026-01-15,5,3,0,0,0,0.6197944784083365
2026-01-15,5,4,0,0,0,4.336231976789577
2026-01-15,5,5,0,1,1,22.84480075298445
2026-01-15,5,6,0,0,0,26.58807830487129
2026-01-15,5,7,0,0,0,24.56373960596149
2026-01-15,5,8,0,0,0,42.02653687761828
2026-01-15,5,9,0,0,0,52.119382220810095
2026-01-15,5,10,0,0,0,41.2967413333956
2026-01-15,5,11,0,0,0,34.0179307357656
2026-01-15,5,12,0,1,0,22.794970330582004
2026-01-15,5,13,0,0,0,17.96429213734696
2026-01-15,5,14,0,0,0,18.514586447389902
2026-01-15,5,15,0,0,1,35.681371369359184
2026-01-15,5,16,0,1,0,53.4271461804986
2026-01-15,5,17,0,0,0,54.207918915748245
2026-01-15,5,18,0,0,0,54.73260844828639
2026-01-15,5,19,0,0,0,57.86624823384697
2026-01-15,5,20,0,0,0,40.61046822995826
2026-01-15,5,21,0,1,0,40.4904352284467
2026-01-15,5,22,0,0,0,17.28933192209446
2026-01-15,5,23,0,0,0,14.401827463475168
2026-01-16,0,0,0,0,0,10.231524770385121
2026-01-16,0,1,0,0,0,22.481485047436387
2026-01-16,0,2,0,0,0,11.357464489138899
2026-01-16,0,3,0,0,0,16.744260979567166
2026-01-16,0,4,0,0,0,12.50803905050657
2026-01-16,0,5,0,1,0,20.97500305725845
2026-01-16,0,6,0,0,0,36.736458043043896
2026-01-16,0,7,0,0,0,41.92946301247763
2026-01-16,0,8,0,0,0,56.57809683547705
2026-01-16,0,9,0,0,0,61.98718635026381
2026-01-16,0,10,0,0,0,50.926326651519126
2026-01-16,0,11,0,0,0,36.431016746622525
2026-01-16,0,12,0,0,0,30.204990577738307
2026-01-16,0,13,0,0,0,27.45079664843479
2026-01-16,0,14,0,0,0,37.42604385282344
2026-01-16,0,15,0,0,0,35.93324857660639
2026-01-16,0,16,0,0,0,55.11510545426302
2026-01-16,0,17,0,0,0,63.26079562282916
2026-01-16,0,18,0,1,0,70.30964972891061
2026-01-16,0,19,0,0,0,69.58633850010764
2026-01-16,0,20,0,0,0,54.642128708364034
2026-01-16,0,21,0,0,0,37.97630662681606
2026-01-16,0,22,0,1,0,42.68659195302673
2026-01-16,0,23,0,1,0,43.15905894458642
2026-01-16,1,0,0,0,0,13.434729709443364
2026-01-16,1,1,0,1,0,21.636419490937733
2026-01-16,1,2,0,0,0,17.48786877604704
2026-01-16,1,3,0,1,0,27.85713675378112
2026-01-16,1,4,0,0,0,9.782005508145451
2026-01-16,1,5,0,0,1,17.002010281780095
2026-01-16,1,6,0,1,0,37.29279182078578
2026-01-16,1,7,0,0,0,41.12325082487793
2026-01-16,1,8,0,0,0,52.34867861942325
2026-01-16,1,9,0,0,0,60.58462772456139
2026-01-16,1,10,0,1,0,65.88296447084326
2026-01-16,1,11,0,0,1,41.245830036387666
2026-01-16,1,12,0,0,0,27.739001810278506
2026-01-16,1,13,0,1,0,35.4564833397123
2026-01-16,1,14,0,0,0,26.027544930440484
2026-01-16,1,15,0,0,0,31.951133268685755
2026-01-16,1,16,0,0,0,43.6019247631166
2026-01-16,1,17,0,0,0,58.963049466746114
2026-01-16,1,18,0,0,0,67.4720390703047
2026-01-16,1,19,0,0,0,64.1141026634401
2026-01-16,1,20,0,0,0,51.67801216310243
2026-01-16,1,21,0,0,0,37.22051867042964
2026-01-16,1,22,0,0,0,25.08715810548191
2026-01-16,1,23,0,1,0,37.3795107024671
2026-01-16,2,0,0,1,0,21.65389323021023
2026-01-16,2,1,0,0,0,3.177776366017933
2026-01-16,2,2,0,0,0,10.65786558214067
2026-01-16,2,3,0,0,0,12.015650044714215
2026-01-16,2,4,0,0,1,17.908213585271188
2026-01-16,2,5,0,0,0,11.163744470288044
2026-01-16,2,6,0,0,0,24.632519391904903
2026-01-16,2,7,0,0,0,41.529240038059356
2026-01-16,2,8,0,0,0,45.35105228547801
2026-01-16,2,9,0,0,0,56.72727527220326
2026-01-16,2,10,0,0,0,52.75597354201157
2026-01-16,2,11,0,0,0,35.1022567910303
2026-01-16,2,12,0,0,0,14.592890752427353
2026-01-16,2,13,0,0,0,19.10465453254799
2026-01-16,2,14,0,0,0,22.762855752796213
2026-01-16,2,15,0,1,0,42.247270596154344
2026-01-16,2,16,0,1,0,55.64400111149485
2026-01-16,2,17,0,0,0,56.8381820590262
2026-01-16,2,18,0,0,0,69.68026567466683
2026-01-16,2,19,0,0,1,61.67234897621742
2026-01-16,2,20,0,0,0,50.62353654554369
2026-01-16,2,21,0,0,0,31.88311093523545
2026-01-16,2,22,0,1,0,29.912103512948136
2026-01-16,2,23,0,0,0,21.000382847660088
2026-01-16,3,0,0,1,0,22.433127675612884
2026-01-16,3,1,0,0,0,13.14082775672932
2026-01-16,3,2,0,0,0,13.532848354850888
2026-01-16,3,3,0,0,1,24.862670176762904
2026-01-16,3,4,0,0,0,11.127976377653269
2026-01-16,3,5,0,0,0,17.723097506299354
2026-01-16,3,6,0,0,0,31.361214684522118
2026-01-16,3,7,0,0,0,32.86643155615376
2026-01-16,3,8,0,0,0,55.53140142802969
2026-01-16,3,9,0,0,0,56.673302290001914
2026-01-16,3,10,0,0,0,59.77335633360509
2026-01-16,3,11,0,1,0,49.131022543794344
2026-01-16,3,12,0,0,0,28.36873473199783
2026-01-16,3,13,0,0,0,36.08776005343692
2026-01-16,3,14,0,0,0,27.935780146692856
2026-01-16,3,15,0,0,0,33.054453889427954
2026-01-16,3,16,0,0,0,46.241529381234464
2026-01-16,3,17,0,0,0,61.952749282922056
2026-01-16,3,18,0,0,0,68.79508276774308
2026-01-16,3,19,0,0,0,63.85309692964611
2026-01-16,3,20,0,0,0,43.497911668563965
2026-01-16,3,21,0,1,0,43.04274913672132
2026-01-16,3,22,0,0,0,21.6801362830338
2026-01-16,3,23,0,0,0,22.439437859320005
2026-01-16,4,0,0,0,1,18.49963090366008
2026-01-16,4,1,0,0,1,17.28653141082258
2026-01-16,4,2,0,0,0,14.776573473531593
2026-01-16,4,3,0,0,0,2.128654625468877
2026-01-16,4,4,0,0,0,8.316532742822663
2026-01-16,4,5,0,0,0,4.970622354891583
2026-01-16,4,6,0,0,0,15.20943733258678
2026-01-16,4,7,0,0,0,30.694248102578186
2026-01-16,4,8,0,0,0,53.12799272194726
2026-01-16,4,9,0,0,0,48.46360745269948
2026-01-16,4,10,0,0,0,39.150558764918756
2026-01-16,4,11,0,0,0,37.23379389942312
2026-01-16,4,12,0,1,0,34.68576044463296
2026-01-16,4,13,0,1,0,28.45416577847252
2026-01-16,4,14,0,0,0,19.530608154344634
2026-01-16,4,15,0,0,0,25.051106005735424
2026-01-16,4,16,0,0,0,47.13546759079159
2026-01-16,4,17,0,0,0,52.6814025229013
2026-01-16,4,18,0,0,0,66.99930724670345
2026-01-16,4,19,0,1,0,66.37920381566526
2026-01-16,4,20,0,0,0,36.08837061093904
2026-01-16,4,21,0,0,0,20.540632984325228
2026-01-16,4,22,0,0,0,25.811748115358387
2026-01-16,4,23,0,1,0,31.626893698074873
2026-01-16,5,0,0,1,0,12.145650226255247
2026-01-16,5,1,0,0,0,5.672588952097623
2026-01-16,5,2,0,0,0,0.0
2026-01-16,5,3,0,0,0,9.144953960810689
2026-01-16,5,4,0,0,0,0.0
2026-01-16,5,5,0,0,0,0.0
2026-01-16,5,6,0,0,0,18.291919223908856
2026-01-16,5,7,0,0,0,27.016186800015085
2026-01-16,5,8,0,0,0,41.559979863707845
2026-01-16,5,9,0,0,0,47.80676204577829
2026-01-16,5,10,0,0,0,44.994003890136376
2026-01-16,5,11,0,0,0,35.2008835009772
2026-01-16,5,12,0,0,0,17.378627141463134
2026-01-16,5,13,0,0,0,15.031615321940349
2026-01-16,5,14,0,0,0,18.202889461510598
2026-01-16,5,15,0,0,0,27.265075907416364
2026-01-16,5,16,0,0,0,36.61772852900602
2026-01-16,5,17,0,0,0,48.56167464625063
2026-01-16,5,18,0,0,0,64.22757845817794
2026-01-16,5,19,0,1,0,58.02558718369934
2026-01-16,5,20,0,0,0,33.25275487058364
2026-01-16,5,21,0,0,0,19.369341133211485
2026-01-16,5,22,0,0,0,16.822503183160954
2026-01-16,5,23,0,1,0,27.048248737672495
2026-01-17,0,0,1,0,0,15.537717788040972
2026-01-17,0,1,1,0,0,12.091176117543627
2026-01-17,0,2,1,0,1,24.4464294318302
2026-01-17,0,3,1,0,0,18.370513532463043
2026-01-17,0,4,1,0,0,12.484351450122276
2026-01-17,0,5,1,0,0,14.628489848873235
2026-01-17,0,6,1,0,1,37.643093197341706
2026-01-17,0,7,1,1,0,47.144396937338215
2026-01-17,0,8,1,0,0,41.20173370564932
2026-01-17,0,9,1,0,0,51.49244217700305
2026-01-17,0,10,1,0,0,34.99421754668233
2026-01-17,0,11,1,0,0,34.67295987530474
2026-01-17,0,12,1,0,0,25.001359486823294
2026-01-17,0,13,1,1,1,48.33054529666884
2026-01-17,0,14,1,1,0,39.79180552845906
2026-01-17,0,15,1,0,0,36.59632800440315
2026-01-17,0,16,1,0,1,52.26719658562037
2026-01-17,0,17,1,0,0,38.565949042231466
2026-01-17,0,18,1,0,0,62.499363822586126
2026-01-17,0,19,1,0,0,49.139083531326584
2026-01-17,0,20,1,1,0,59.332122143900385
2026-01-17,0,21,1,1,0,44.57867586837253
2026-01-17,0,22,1,1,0,40.46589473878642
2026-01-17,0,23,1,0,0,25.169075990983377
2026-01-17,1,0,1,1,0,16.230132634179697
2026-01-17,1,1,1,0,0,15.635206075859136
2026-01-17,1,2,1,0,0,6.150842258579145
2026-01-17,1,3,1,0,0,9.05719829661872
2026-01-17,1,4,1,1,0,15.220784865917363
2026-01-17,1,5,1,1,0,20.915233811951243
2026-01-17,1,6,1,0,1,33.962500127315366
2026-01-17,1,7,1,1,0,47.58467171269016
2026-01-17,1,8,1,0,0,36.6974161734887
2026-01-17,1,9,1,0,0,43.99926722005339
2026-01-17,1,10,1,0,0,37.41053563843654
2026-01-17,1,11,1,0,0,28.35226502286846
2026-01-17,1,12,1,1,0,39.41931591453006
2026-01-17,1,13,1,0,0,20.836180053211237
2026-01-17,1,14,1,0,0,35.517061467884325
2026-01-17,1,15,1,0,0,33.36521449918299
2026-01-17,1,16,1,0,0,35.36800705347528
2026-01-17,1,17,1,0,0,46.486394741609196
2026-01-17,1,18,1,0,0,46.25956564365586
2026-01-17,1,19,1,1,0,58.696679473347174
2026-01-17,1,20,1,0,0,37.81782646789379
2026-01-17,1,21,1,1,0,36.01632626426859
2026-01-17,1,22,1,0,0,26.92001307280014
2026-01-17,1,23,1,0,0,21.608655328007224
2026-01-17,2,0,1,0,0,8.636140458397023
2026-01-17,2,1,1,0,0,6.756286629806936
2026-01-17,2,2,1,0,1,21.798329851050283
2026-01-17,2,3,1,0,0,14.532970359048537
2026-01-17,2,4,1,0,0,16.44858716395347
2026-01-17,2,5,1,0,0,8.607657262297382
2026-01-17,2,6,1,1,0,37.951348301083584
2026-01-17,2,7,1,0,0,21.18769949195338
2026-01-17,2,8,1,0,0,42.04626321857531
2026-01-17,2,9,1,0,0,51.17744056285056
2026-01-17,2,10,1,0,0,44.573377291973415
2026-01-17,2,11,1,0,0,25.94484242914057
2026-01-17,2,12,1,0,0,17.086174700344287
2026-01-17,2,13,1,0,0,30.81741132422515
2026-01-17,2,14,1,0,0,21.967957149582347
2026-01-17,2,15,1,0,0,24.273610494713232
2026-01-17,2,16,1,0,0,39.69907255836185
2026-01-17,2,17,1,0,0,43.70618494948912
2026-01-17,2,18,1,0,1,58.08684051089353
2026-01-17,2,19,1,0,0,44.57703766757286
2026-01-17,2,20,1,0,1,46.6204215964212
2026-01-17,2,21,1,0,0,25.745383271313546
2026-01-17,2,22,1,0,0,26.98883039577783
2026-01-17,2,23,1,0,0,21.17636686089427
2026-01-17,3,0,1,0,0,9.573004666972079
2026-01-17,3,1,1,0,0,12.607528566480255
2026-01-17,3,2,1,0,0,13.952930530681265
2026-01-17,3,3,1,0,0,12.498949063838054
2026-01-17,3,4,1,0,0,15.114527417670693
2026-01-17,3,5,1,1,0,28.592151760604484
2026-01-17,3,6,1,0,0,29.492765496221182
2026-01-17,3,7,1,0,0,33.92225934537463
2026-01-17,3,8,1,0,0,38.371799128434176
2026-01-17,3,9,1,0,0,52.79265876322783
2026-01-17,3,10,1,0,0,47.825831532008166
2026-01-17,3,11,1,0,0,31.91824118430562
2026-01-17,3,12,1,1,0,41.45893164838636
2026-01-17,3,13,1,1,0,39.016790908623754
2026-01-17,3,14,1,0,0,35.0643822017103
2026-01-17,3,15,1,0,0,42.0694293581323
2026-01-17,3,16,1,0,0,39.845108996227935
2026-01-17,3,17,1,0,0,51.32039970728705
2026-01-17,3,18,1,0,0,54.70467270723038
2026-01-17,3,19,1,0,0,48.47512818277609
2026-01-17,3,20,1,0,0,43.58245210687632
2026-01-17,3,21,1,0,0,36.34703791282528
2026-01-17,3,22,1,0,0,25.825128191416017
2026-01-17,3,23,1,0,0,30.42172729417474
2026-01-17,4,0,1,1,0,19.502963892606132
2026-01-17,4,1,1,0,1,10.227680425370256
2026-01-17,4,2,1,1,0,15.831524716896212
2026-01-17,4,3,1,0,0,8.330213597801151
2026-01-17,4,4,1,0,1,18.004000255064895
2026-01-17,4,5,1,0,0,4.7458093651713735
2026-01-17,4,6,1,0,0,15.148534598853727
2026-01-17,4,7,1,0,0,25.86287077683945
2026-01-17,4,8,1,1,0,48.603209780788156
2026-01-17,4,9,1,0,0,37.47217653201424
2026-01-17,4,10,1,0,0,36.96926807277954
2026-01-17,4,11,1,0,0,27.397005480860333
2026-01-17,4,12,1,0,0,14.916937873689982
2026-01-17,4,13,1,0,0,12.357375397679522
2026-01-17,4,14,1,0,0,22.271497253195577
2026-01-17,4,15,1,0,0,21.541640138749706
2026-01-17,4,16,1,0,0,33.32976908544935
2026-01-17,4,17,1,0,0,40.41180846290677
2026-01-17,4,18,1,0,0,43.71811200337757
2026-01-17,4,19,1,0,0,36.2974962383158
2026-01-17,4,20,1,0,1,44.3740692832253
2026-01-17,4,21,1,0,0,31.058790730475643
2026-01-17,4,22,1,0,0,21.900346213470016
2026-01-17,4,23,1,0,0,23.34878367767796
2026-01-17,5,0,1,0,0,5.401948850369972
2026-01-17,5,1,1,0,0,2.5489511491935875
2026-01-17,5,2,1,0,0,2.884857913111645
2026-01-17,5,3,1,0,0,2.088117750836079
2026-01-17,5,4,1,1,0,13.713785777127764
2026-01-17,5,5,1,0,0,1.861021955762279
2026-01-17,5,6,1,1,1,34.51269523324121
2026-01-17,5,7,1,0,0,25.385952646977263
2026-01-17,5,8,1,0,0,33.5191293963065
2026-01-17,5,9,1,0,0,36.63543476669506
2026-01-17,5,10,1,0,0,35.63668058305005
2026-01-17,5,11,1,0,0,19.994136001296038
2026-01-17,5,12,1,0,0,13.266208334429436
2026-01-17,5,13,1,0,0,13.144842707309813
2026-01-17,5,14,1,0,0,16.45326938162557
2026-01-17,5,15,1,1,0,36.011963621345195
2026-01-17,5,16,1,0,0,30.03229166782809
2026-01-17,5,17,1,0,0,43.97704364197538
2026-01-17,5,18,1,0,0,43.10932711045488
2026-01-17,5,19,1,1,0,50.528024408415796
2026-01-17,5,20,1,1,0,34.82129303543787
2026-01-17,5,21,1,0,0,21.28175097346565
2026-01-17,5,22,1,0,0,17.658214747600812
2026-01-17,5,23,1,0,0,17.819463349334722
2026-01-18,0,0,1,0,0,14.456470322116793
2026-01-18,0,1,1,0,0,10.251405807270555
2026-01-18,0,2,1,0,0,18.250246036986642
2026-01-18,0,3,1,1,0,26.526627576809922
2026-01-18,0,4,1,0,0,14.210637281511891
2026-01-18,0,5,1,0,0,18.82365643949874
2026-01-18,0,6,1,0,0,20.099569694077577
2026-01-18,0,7,1,0,0,30.35862362386448
2026-01-18,0,8,1,0,0,43.21866069835589
2026-01-18,0,9,1,0,0,46.536816477740096
2026-01-18,0,10,1,1,1,63.00089600563112
2026-01-18,0,11,1,1,0,52.185114690119306
2026-01-18,0,12,1,0,0,34.286837058116426
2026-01-18,0,13,1,0,0,30.160786937221882
2026-01-18,0,14,1,0,0,31.669639870770254
2026-01-18,0,15,1,0,0,35.890444160863616
2026-01-18,0,16,1,0,0,43.57883391657534
2026-01-18,0,17,1,0,0,59.46518865968271
2026-01-18,0,18,1,0,0,59.560330353167906
2026-01-18,0,19,1,1,0,66.81362757387525
2026-01-18,0,20,1,1,0,54.91378170929539
2026-01-18,0,21,1,0,0,31.197383064628774
2026-01-18,0,22,1,0,0,25.756894600143944
2026-01-18,0,23,1,0,0,24.082539096723423
2026-01-18,1,0,1,0,0,10.019729751188876
2026-01-18,1,1,1,0,0,8.537212537463711
2026-01-18,1,2,1,0,0,8.779425074347962
2026-01-18,1,3,1,0,1,17.24749042962917
2026-01-18,1,4,1,1,0,19.123307591152592
2026-01-18,1,5,1,0,0,17.945378009282415
2026-01-18,1,6,1,0,0,24.533419025641514
2026-01-18,1,7,1,0,0,31.92911088828628
2026-01-18,1,8,1,0,0,31.984275204019013
2026-01-18,1,9,1,0,0,50.72165675090701
2026-01-18,1,10,1,0,0,44.91688619467626
2026-01-18,1,11,1,1,0,48.20636039489685
2026-01-18,1,12,1,0,0,25.09402351988113
2026-01-18,1,13,1,0,1,38.284702445971305
2026-01-18,1,14,1,0,0,24.26584780901448
2026-01-18,1,15,1,0,0,33.293286046680734
2026-01-18,1,16,1,0,0,40.962891763643306
2026-01-18,1,17,1,1,0,57.42104488156903
2026-01-18,1,18,1,1,0,68.4331862806177
2026-01-18,1,19,1,0,0,48.04592935574483
2026-01-18,1,20,1,0,0,39.32778586973667
2026-01-18,1,21,1,0,0,33.308070435202445
2026-01-18,1,22,1,0,0,24.31035210624189
2026-01-18,1,23,1,1,1,43.8283213891234
2026-01-18,2,0,1,0,0,14.397272231365024
2026-01-18,2,1,1,0,0,11.424923456860471
2026-01-18,2,2,1,0,0,8.18016239735047
2026-01-18,2,3,1,0,0,1.5141848259333388
2026-01-18,2,4,1,0,0,8.767467159512861
2026-01-18,2,5,1,1,0,18.693251386413348
2026-01-18,2,6,1,0,0,27.251665383110222
2026-01-18,2,7,1,1,0,41.245746329717875
2026-01-18,2,8,1,0,0,37.243418200306245
2026-01-18,2,9,1,1,0,56.45887305559459
2026-01-18,2,10,1,0,0,37.16826546648146
2026-01-18,2,11,1,0,0,36.80788709126913
2026-01-18,2,12,1,0,0,35.77226539486847
2026-01-18,2,13,1,0,0,20.61030748354384
2026-01-18,2,14,1,0,0,27.44497916329083
2026-01-18,2,15,1,0,0,32.319635266056586
2026-01-18,2,16,1,0,0,35.82547449688762
2026-01-18,2,17,1,0,0,40.76242025730261
2026-01-18,2,18,1,0,0,52.14676201449447
2026-01-18,2,19,1,0,0,40.03218948381013
2026-01-18,2,20,1,0,0,36.07143002140644
2026-01-18,2,21,1,0,0,34.02686816900131
2026-01-18,2,22,1,0,0,20.23818425232054
2026-01-18,2,23,1,0,0,22.95746235226444
2026-01-18,3,0,1,0,1,16.5537645140511
2026-01-18,3,1,1,0,1,15.545591306863582
2026-01-18,3,2,1,0,0,12.844554946231495
2026-01-18,3,3,1,0,0,12.033841127102113
2026-01-18,3,4,1,0,0,15.098509076326359
2026-01-18,3,5,1,0,1,21.782508404802982
2026-01-18,3,6,1,0,0,24.89239102117084
2026-01-18,3,7,1,0,0,32.9913917230822
2026-01-18,3,8,1,0,0,43.70458520274518
2026-01-18,3,9,1,0,1,59.75890550071671
2026-01-18,3,10,1,0,0,44.00135293021368
2026-01-18,3,11,1,1,0,42.09629515233316
2026-01-18,3,12,1,0,0,23.46255475903454
2026-01-18,3,13,1,1,0,34.64474740213883
2026-01-18,3,14,1,0,0,27.677490800842083
2026-01-18,3,15,1,0,0,32.978107539889784
2026-01-18,3,16,1,0,0,38.89690421665647
2026-01-18,3,17,1,0,0,47.999335378235905
2026-01-18,3,18,1,0,0,48.609282557120025
2026-01-18,3,19,1,0,0,49.69692835402405
2026-01-18,3,20,1,0,0,43.48227575172375
2026-01-18,3,21,1,0,0,31.403671331765064
2026-01-18,3,22,1,0,0,19.80882156317033
2026-01-18,3,23,1,0,0,22.419548126319796
2026-01-18,4,0,1,1,0,17.203917135314974
2026-01-18,4,1,1,0,0,4.467475146375364
2026-01-18,4,2,1,0,0,6.737682078086176
2026-01-18,4,3,1,0,0,6.513075203679048
2026-01-18,4,4,1,0,0,2.945442567769683
2026-01-18,4,5,1,0,0,7.11210202873633
2026-01-18,4,6,1,0,0,19.198223378344025
2026-01-18,4,7,1,0,0,32.81784705931647
2026-01-18,4,8,1,1,0,59.69075843452468
2026-01-18,4,9,1,0,0,40.61645145450494
2026-01-18,4,10,1,0,0,34.61457808699992
2026-01-18,4,11,1,0,0,32.98938850778724
2026-01-18,4,12,1,0,0,23.58496674198712
2026-01-18,4,13,1,0,0,21.680500348003807
2026-01-18,4,14,1,0,0,23.218289325689057
2026-01-18,4,15,1,0,0,30.746609850396567
2026-01-18,4,16,1,0,0,34.39356886670645
2026-01-18,4,17,1,0,0,40.40201345144929
2026-01-18,4,18,1,0,0,43.34401970748524
2026-01-18,4,19,1,0,0,44.03498424262512
2026-01-18,4,20,1,0,0,30.505216108422044
2026-01-18,4,21,1,0,0,23.851380350817998
2026-01-18,4,22,1,0,1,33.538287383751204
2026-01-18,4,23,1,0,0,22.271545570322747
2026-01-18,5,0,1,1,0,17.466530662208765
2026-01-18,5,1,1,0,0,0.0
2026-01-18,5,2,1,0,0,0.0
2026-01-18,5,3,1,0,0,0.3224075559749484
2026-01-18,5,4,1,0,0,1.9901551083514777
2026-01-18,5,5,1,0,0,6.129784205925156
2026-01-18,5,6,1,0,0,20.872294365158837
2026-01-18,5,7,1,0,0,26.595084248302303
2026-01-18,5,8,1,0,0,40.61518031502742
2026-01-18,5,9,1,0,0,36.77964506755448
2026-01-18,5,10,1,0,0,27.045017062771933
2026-01-18,5,11,1,0,0,26.947910618926528
2026-01-18,5,12,1,0,0,20.546184339211678
2026-01-18,5,13,1,1,0,28.25777898471824
2026-01-18,5,14,1,0,0,18.439893580631118
2026-01-18,5,15,1,0,0,20.41279390311818
2026-01-18,5,16,1,0,0,28.211911144935343
2026-01-18,5,17,1,0,0,38.64323525746913
2026-01-18,5,18,1,0,0,41.30910806080426
2026-01-18,5,19,1,1,0,53.25500326389227
2026-01-18,5,20,1,0,0,31.560582926224598
2026-01-18,5,21,1,0,0,27.12001571912697
2026-01-18,5,22,1,0,0,5.1537561278328745
2026-01-18,5,23,1,0,0,15.248329955704582
2026-01-19,0,0,0,1,0,20.56783787200353
2026-01-19,0,1,0,0,0,14.923095231087402
2026-01-19,0,2,0,0,0,11.514585177329982
2026-01-19,0,3,0,0,0,18.30380345575756
2026-01-19,0,4,0,0,0,17.773927350699402
2026-01-19,0,5,0,0,0,19.594732843533812
2026-01-19,0,6,0,0,1,38.90090881037163
2026-01-19,0,7,0,0,0,35.11348153144033
2026-01-19,0,8,0,1,0,64.42528920088054
2026-01-19,0,9,0,0,1,73.12903190579327
2026-01-19,0,10,0,0,0,52.05388158351121
2026-01-19,0,11,0,1,0,53.27385710713684
2026-01-19,0,12,0,0,0,31.91728559948509
2026-01-19,0,13,0,1,0,42.41465515104572
2026-01-19,0,14,0,1,0,38.96020578783626
2026-01-19,0,15,0,0,0,39.80634166243241
2026-01-19,0,16,0,0,0,39.98903506852045
2026-01-19,0,17,0,1,0,73.00198850735802
2026-01-19,0,18,0,0,0,67.74567510937251
2026-01-19,0,19,0,0,0,67.76783517780987
2026-01-19,0,20,0,0,0,46.7815440629609
2026-01-19,0,21,0,0,0,41.67191125099646
2026-01-19,0,22,0,0,0,25.09745357723688
2026-01-19,0,23,0,1,0,30.52299325213098
2026-01-19,1,0,0,0,0,10.129963231267068
2026-01-19,1,1,0,1,0,17.662885647924856
2026-01-19,1,2,0,0,0,7.1901259918520894
2026-01-19,1,3,0,0,0,7.095000274175325
2026-01-19,1,4,0,0,0,10.96693902937254
2026-01-19,1,5,0,0,0,13.930980254050214
2026-01-19,1,6,0,1,0,28.920251590180158
2026-01-19,1,7,0,0,0,39.732841274489786
2026-01-19,1,8,0,0,0,49.28214486829255
2026-01-19,1,9,0,0,0,60.744964610166136
2026-01-19,1,10,0,0,0,53.28408133830542
2026-01-19,1,11,0,0,0,38.15548428422491
2026-01-19,1,12,0,0,0,28.463522209243518
2026-01-19,1,13,0,1,0,38.363432344062346
2026-01-19,1,14,0,0,0,29.609859533749567
2026-01-19,1,15,0,0,0,33.9527126255697
2026-01-19,1,16,0,0,0,45.70719602942773
2026-01-19,1,17,0,0,0,56.206821451664304
2026-01-19,1,18,0,1,1,85.74119973159011
2026-01-19,1,19,0,1,0,70.88320811002146
2026-01-19,1,20,0,0,0,42.209838799488224
2026-01-19,1,21,0,0,0,36.57561759462363
2026-01-19,1,22,0,0,0,25.502329188383285
2026-01-19,1,23,0,0,0,23.15954185493785
2026-01-19,2,0,0,0,0,6.69141134756879
2026-01-19,2,1,0,0,0,5.406242184249963
2026-01-19,2,2,0,1,0,22.24937164313066
2026-01-19,2,3,0,0,0,3.497198749185258
2026-01-19,2,4,0,0,0,4.027120273705799
2026-01-19,2,5,0,0,0,11.16789293731619
2026-01-19,2,6,0,0,0,21.892259372407736
2026-01-19,2,7,0,0,0,24.243066082235686
2026-01-19,2,8,0,0,0,51.9053765412041
2026-01-19,2,9,0,0,1,69.98316448738773
2026-01-19,2,10,0,0,0,45.78993540807674
2026-01-19,2,11,0,0,0,34.498940622879914
2026-01-19,2,12,0,0,0,34.207354489475776
2026-01-19,2,13,0,0,0,25.657340193628468
2026-01-19,2,14,0,0,0,20.145600129654923
2026-01-19,2,15,0,0,0,31.286315392359196
2026-01-19,2,16,0,1,0,54.911497240249204
2026-01-19,2,17,0,0,0,62.6223100903494
2026-01-19,2,18,0,0,0,59.01061306290714
2026-01-19,2,19,0,0,0,63.62295354112197
2026-01-19,2,20,0,0,0,43.11966693138086
2026-01-19,2,21,0,0,0,32.241501056203404
2026-01-19,2,22,0,0,0,20.91844699433875
2026-01-19,2,23,0,0,0,21.34626212251162
2026-01-19,3,0,0,0,0,11.338039279264741
2026-01-19,3,1,0,0,0,11.762001938119344
2026-01-19,3,2,0,0,0,11.903392711300697
2026-01-19,3,3,0,0,0,14.853367977475317
2026-01-19,3,4,0,0,0,8.818508504722264
2026-01-19,3,5,0,0,0,16.066082492988283
2026-01-19,3,6,0,1,0,35.17810118344987
2026-01-19,3,7,0,0,0,32.70521625811903
2026-01-19,3,8,0,1,0,64.02011785593244
2026-01-19,3,9,0,0,0,58.61115050342824
2026-01-19,3,10,0,0,0,47.74982825077196
2026-01-19,3,11,0,1,0,57.415682406191635
2026-01-19,3,12,0,1,0,44.258659205357446
2026-01-19,3,13,0,0,0,29.41240159593362
2026-01-19,3,14,0,0,0,23.879857642747204
2026-01-19,3,15,0,0,0,34.14502760373537
2026-01-19,3,16,0,0,0,43.281337085719905
2026-01-19,3,17,0,0,0,62.113531278883904
2026-01-19,3,18,0,0,0,67.91993193766451
2026-01-19,3,19,0,0,0,54.94239766614563
2026-01-19,3,20,0,0,0,47.73226690253013
2026-01-19,3,21,0,0,0,42.13199420677196
2026-01-19,3,22,0,0,0,31.916791001091045
2026-01-19,3,23,0,0,0,22.85399513350337
2026-01-19,4,0,0,0,0,7.3728775806046505
2026-01-19,4,1,0,0,0,7.114470937484625
2026-01-19,4,2,0,0,1,12.429539811168931
2026-01-19,4,3,0,0,0,5.173137549511734
2026-01-19,4,4,0,0,0,0.0
2026-01-19,4,5,0,0,0,6.929435714083674
2026-01-19,4,6,0,0,0,21.23593249460358
2026-01-19,4,7,0,0,0,30.451527256500672
2026-01-19,4,8,0,0,0,54.244911524636265
2026-01-19,4,9,0,0,0,50.263754211063215
2026-01-19,4,10,0,0,0,42.75758605678166
2026-01-19,4,11,0,0,0,33.10399103611877
2026-01-19,4,12,0,0,0,28.245040842359675
2026-01-19,4,13,0,0,0,17.00055223869353
2026-01-19,4,14,0,0,0,17.119271897236608
2026-01-19,4,15,0,0,0,24.779567671170973
2026-01-19,4,16,0,0,0,40.38339870884834
2026-01-19,4,17,0,0,0,53.17138849182807
2026-01-19,4,18,0,0,0,71.62723802366821
2026-01-19,4,19,0,0,0,52.619214507739294
2026-01-19,4,20,0,0,0,42.377263425798155
2026-01-19,4,21,0,0,0,33.13326627377501
2026-01-19,4,22,0,0,0,22.10017363703785
2026-01-19,4,23,0,0,0,15.611614760887893
2026-01-19,5,0,0,0,0,3.6194892046645113
2026-01-19,5,1,0,0,0,0.0
2026-01-19,5,2,0,0,0,4.351844047880606
2026-01-19,5,3,0,0,0,0.0
2026-01-19,5,4,0,0,0,5.053897687084843
2026-01-19,5,5,0,0,0,5.117242469289852
2026-01-19,5,6,0,0,0,19.65381164404587
2026-01-19,5,7,0,1,0,40.45871635232505
2026-01-19,5,8,0,0,0,46.40796832760854
2026-01-19,5,9,0,0,0,45.46471518535125
2026-01-19,5,10,0,0,0,41.142024715317284
2026-01-19,5,11,0,0,0,19.989695923853994
2026-01-19,5,12,0,1,0,18.341890980331126
2026-01-19,5,13,0,0,0,20.4589230740129
2026-01-19,5,14,0,1,0,30.25401712565194
2026-01-19,5,15,0,1,0,36.655587107966724
2026-01-19,5,16,0,0,0,43.75998413608602
2026-01-19,5,17,0,0,0,47.827090819353025
2026-01-19,5,18,0,0,0,59.31433742388278
2026-01-19,5,19,0,0,0,47.30107068739932
2026-01-19,5,20,0,0,0,44.19775640948552
2026-01-19,5,21,0,0,0,25.97721414711533
2026-01-19,5,22,0,0,0,18.08737754742102
2026-01-19,5,23,0,0,0,25.708197770155987
2026-01-20,0,0,0,0,0,18.896501801128906
2026-01-20,0,1,0,0,0,13.737417871827985
2026-01-20,0,2,0,1,0,26.828431920933568
2026-01-20,0,3,0,0,0,30.10773892385619
2026-01-20,0,4,0,0,1,16.87804446493659
2026-01-20,0,5,0,0,0,12.52096203900355
2026-01-20,0,6,0,1,0,46.78303975794364
2026-01-20,0,7,0,0,0,45.59313062186593
2026-01-20,0,8,0,0,0,57.886553503555234
2026-01-20,0,9,0,0,0,59.70188259220198
2026-01-20,0,10,0,0,0,52.975377504608474
2026-01-20,0,11,0,0,0,38.38729815766346
2026-01-20,0,12,0,0,0,25.52053780601463
2026-01-20,0,13,0,0,1,40.13675840515483
2026-01-20,0,14,0,1,0,46.83647573812973
2026-01-20,0,15,0,0,0,42.47435520620789
2026-01-20,0,16,0,0,0,46.40765115117577
2026-01-20,0,17,0,0,0,59.79541098179899
2026-01-20,0,18,0,0,0,65.80170075164838
2026-01-20,0,19,0,1,0,80.68172794435547
2026-01-20,0,20,0,0,0,51.58188459757456
2026-01-20,0,21,0,0,0,36.70091579488759
2026-01-20,0,22,0,0,0,32.09965036032879
2026-01-20,0,23,0,1,0,38.07979694733022
2026-01-20,1,0,0,0,0,12.39893132424355
2026-01-20,1,1,0,0,0,4.026805340436846
2026-01-20,1,2,0,0,0,10.206652493831731
2026-01-20,1,3,0,0,0,6.379826274778682
2026-01-20,1,4,0,0,0,15.378567963771982
2026-01-20,1,5,0,0,0,6.2111142937342585
2026-01-20,1,6,0,0,0,24.916184452634173
2026-01-20,1,7,0,0,0,39.18450784083747
2026-01-20,1,8,0,0,0,51.39814469829316
2026-01-20,1,9,0,0,0,60.92908753162903
2026-01-20,1,10,0,1,0,65.22101873408107
2026-01-20,1,11,0,0,0,44.29280643217395
2026-01-20,1,12,0,0,0,28.730071999215966
2026-01-20,1,13,0,0,0,27.69349096077414
2026-01-20,1,14,0,1,0,35.869202387789606
2026-01-20,1,15,0,0,0,30.059211466931345
2026-01-20,1,16,0,0,0,39.864184007313085
2026-01-20,1,17,0,0,0,65.76093903949804
2026-01-20,1,18,0,0,0,67.30321828962522
2026-01-20,1,19,0,0,0,60.644303756179454
2026-01-20,1,20,0,0,0,42.65378447705254
2026-01-20,1,21,0,0,0,29.789210791296014
2026-01-20,1,22,0,0,0,29.424360278997646
2026-01-20,1,23,0,0,0,21.17264624843029
2026-01-20,2,0,0,0,0,7.316620673767114
2026-01-20,2,1,0,0,0,6.30941944650832
2026-01-20,2,2,0,1,1,27.61033576217234
2026-01-20,2,3,0,0,0,8.350133144857862
2026-01-20,2,4,0,0,0,9.997246383419581
2026-01-20,2,5,0,0,0,4.9449748000678415
2026-01-20,2,6,0,0,0,31.68106529115021
2026-01-20,2,7,0,1,0,47.14102187202738
2026-01-20,2,8,0,1,0,56.48954733952937
2026-01-20,2,9,0,1,0,66.32227230789141
2026-01-20,2,10,0,0,0,55.285043750372495
2026-01-20,2,11,0,0,0,37.55549347752526
2026-01-20,2,12,0,0,0,27.027612160537064
2026-01-20,2,13,0,0,0,23.263887212437446
2026-01-20,2,14,0,0,0,26.430279679766414
2026-01-20,2,15,0,0,0,30.823727034276676
2026-01-20,2,16,0,0,1,54.51136871144554
2026-01-20,2,17,0,0,0,63.16593816183348
2026-01-20,2,18,0,0,0,63.742730340853676
2026-01-20,2,19,0,0,0,60.25518840844258
2026-01-20,2,20,0,0,0,43.954145256680604
2026-01-20,2,21,0,1,0,39.162927024646336
2026-01-20,2,22,0,0,0,27.1997904464261
2026-01-20,2,23,0,0,0,21.115273956290988
2026-01-20,3,0,0,1,0,19.504164657296684
2026-01-20,3,1,0,1,1,28.944750117642396
2026-01-20,3,2,0,0,0,9.605969325184782
2026-01-20,3,3,0,0,0,6.416522289846428
2026-01-20,3,4,0,0,0,14.581863661565869
2026-01-20,3,5,0,0,0,7.482243201566725
2026-01-20,3,6,0,0,0,25.56651037637622
2026-01-20,3,7,0,0,0,40.16213334484404
2026-01-20,3,8,0,0,0,55.15104696377641
2026-01-20,3,9,0,0,0,53.57868712652462
2026-01-20,3,10,0,0,0,55.214090619838515
2026-01-20,3,11,0,0,1,43.16060212528311
2026-01-20,3,12,0,0,0,37.91214758431698
2026-01-20,3,13,0,1,0,42.54885141530804
2026-01-20,3,14,0,0,0,28.008894194861575
2026-01-20,3,15,0,0,0,39.70763422796838
2026-01-20,3,16,0,0,0,45.32894379176131
2026-01-20,3,17,0,0,0,55.22895110935666
2026-01-20,3,18,0,0,0,62.293186277790305
2026-01-20,3,19,0,0,0,64.99493934774853
2026-01-20,3,20,0,0,0,38.12300539989015
2026-01-20,3,21,0,0,0,43.522286599729924
2026-01-20,3,22,0,0,0,27.13030813710146
2026-01-20,3,23,0,0,0,26.738107940382324
2026-01-20,4,0,0,0,0,2.895229073820725
2026-01-20,4,1,0,0,0,6.806921433760356
2026-01-20,4,2,0,1,0,21.53602252890035
2026-01-20,4,3,0,1,0,8.836311329411817
2026-01-20,4,4,0,0,1,20.762819065731065
2026-01-20,4,5,0,0,0,11.486118403737132
2026-01-20,4,6,0,0,0,23.12132802868886
2026-01-20,4,7,0,1,0,44.03755529054921
2026-01-20,4,8,0,1,0,54.0747313845819
2026-01-20,4,9,0,0,0,55.93414794557398
2026-01-20,4,10,0,0,1,56.03299748158916
2026-01-20,4,11,0,0,0,29.34723809695465
2026-01-20,4,12,0,0,0,22.51733416721731
2026-01-20,4,13,0,0,0,22.422542967067947
2026-01-20,4,14,0,0,0,25.428774344934617
2026-01-20,4,15,0,0,0,30.95332228375378
2026-01-20,4,16,0,0,0,43.29516690387322
2026-01-20,4,17,0,0,0,53.92938320536128
2026-01-20,4,18,0,0,1,70.1519000326448
2026-01-20,4,19,0,0,0,59.41359378585789
2026-01-20,4,20,0,0,0,40.859014538852534
2026-01-20,4,21,0,0,0,32.99481374748945
2026-01-20,4,22,0,0,0,18.516621824858014
2026-01-20,4,23,0,1,0,33.19002683049208
2026-01-20,5,0,0,1,0,16.907930980502734
2026-01-20,5,1,0,0,0,7.345543000993976
2026-01-20,5,2,0,0,0,4.8353466718470575
2026-01-20,5,3,0,0,0,4.91671685467403
2026-01-20,5,4,0,0,0,6.3321239068254025
2026-01-20,5,5,0,0,0,4.678616721688417
2026-01-20,5,6,0,0,0,21.767999453579755
2026-01-20,5,7,0,0,0,29.78693392174419
2026-01-20,5,8,0,0,0,37.66352728173403
2026-01-20,5,9,0,0,0,53.42383119132079
2026-01-20,5,10,0,0,0,43.101418602112325
2026-01-20,5,11,0,0,0,26.211948273474853
2026-01-20,5,12,0,0,0,19.750448632196335
2026-01-20,5,13,0,0,0,24.622763357060435
2026-01-20,5,14,0,0,0,17.48825845583755
2026-01-20,5,15,0,0,1,37.752224320530054
2026-01-20,5,16,0,0,0,37.20312386293128
2026-01-20,5,17,0,1,0,55.37383886033277
2026-01-20,5,18,0,1,0,70.83294196693166
2026-01-20,5,19,0,1,0,61.664849360952374
2026-01-20,5,20,0,0,0,43.62536597704099
2026-01-20,5,21,0,0,0,26.02676928040054
2026-01-20,5,22,0,1,0,24.816910408022125
2026-01-20,5,23,0,1,0,20.909805653336832
2026-01-21,0,0,0,1,1,28.308604636651893
2026-01-21,0,1,0,1,0,22.53345549156842
2026-01-21,0,2,0,0,0,6.056976301382231
2026-01-21,0,3,0,0,0,15.621303297023024
2026-01-21,0,4,0,0,0,14.04023181812544
2026-01-21,0,5,0,0,0,13.362454000371313
2026-01-21,0,6,0,0,0,30.015331181543953
2026-01-21,0,7,0,0,0,43.16926662512914
2026-01-21,0,8,0,0,0,55.43817018893155
2026-01-21,0,9,0,0,0,71.11468451043197
2026-01-21,0,10,0,0,0,58.46168303552912
2026-01-21,0,11,0,0,0,44.05198702765632
2026-01-21,0,12,0,0,0,28.995516645267596
2026-01-21,0,13,0,0,0,35.74038336301152
2026-01-21,0,14,0,0,0,29.171636637326497
2026-01-21,0,15,0,0,0,33.05232745571489
2026-01-21,0,16,0,0,0,49.155551946939894
2026-01-21,0,17,0,0,0,68.05599979566342
2026-01-21,0,18,0,0,0,65.16610087417128
2026-01-21,0,19,0,0,0,63.76781007636643
2026-01-21,0,20,0,0,0,45.413396754031474
2026-01-21,0,21,0,0,0,33.141584705090466
2026-01-21,0,22,0,0,0,23.113169638843083
2026-01-21,0,23,0,0,0,34.48130839729917
2026-01-21,1,0,0,0,0,7.044114872266391
2026-01-21,1,1,0,0,0,15.913168678998794
2026-01-21,1,2,0,0,0,13.820308253866125
2026-01-21,1,3,0,0,0,7.708876574142129
2026-01-21,1,4,0,1,0,21.50361197442569
2026-01-21,1,5,0,0,0,13.819886867904975
2026-01-21,1,6,0,0,0,29.40136520768583
2026-01-21,1,7,0,0,0,37.006049127565575
2026-01-21,1,8,0,0,0,59.25564181460686
2026-01-21,1,9,0,0,0,56.19934117322955
2026-01-21,1,10,0,0,0,50.034999216991025
2026-01-21,1,11,0,0,0,35.94682053530205
2026-01-21,1,12,0,0,0,28.158509226967535
2026-01-21,1,13,0,0,0,30.68317926532761
2026-01-21,1,14,0,0,0,22.987325066186862
2026-01-21,1,15,0,0,0,29.453546503758137
2026-01-21,1,16,0,0,0,47.397768645000596
2026-01-21,1,17,0,0,0,64.83359139500534
2026-01-21,1,18,0,0,0,67.86673137242587
2026-01-21,1,19,0,0,0,57.68544477475979
2026-01-21,1,20,0,0,0,44.33836054482924
2026-01-21,1,21,0,0,0,32.86317204712265
2026-01-21,1,22,0,1,0,36.4985341197595
2026-01-21,1,23,0,0,0,30.666588224155632
2026-01-21,2,0,0,0,0,4.216486133223749
2026-01-21,2,1,0,0,0,2.7507901035696483
2026-01-21,2,2,0,1,0,18.527626128650702
2026-01-21,2,3,0,0,0,11.414120296823473
2026-01-21,2,4,0,0,0,8.691679758272516
2026-01-21,2,5,0,0,1,16.017536635916024
2026-01-21,2,6,0,0,0,26.11807302147535
2026-01-21,2,7,0,0,0,34.769403438370546
2026-01-21,2,8,0,1,0,63.62641282535378
2026-01-21,2,9,0,1,0,69.88501932873609
2026-01-21,2,10,0,1,0,66.62504573089792
2026-01-21,2,11,0,0,0,36.19039343179971
2026-01-21,2,12,0,1,0,35.43888308172894
2026-01-21,2,13,0,0,0,22.255031940972415
2026-01-21,2,14,0,0,0,28.63926171468496
2026-01-21,2,15,0,0,0,30.868235651833558
2026-01-21,2,16,0,0,0,39.12020929411778
2026-01-21,2,17,0,0,0,63.4516994431244
2026-01-21,2,18,0,0,0,64.13592823655087
2026-01-21,2,19,0,0,0,56.50851509438105
2026-01-21,2,20,0,0,0,49.383421245595045
2026-01-21,2,21,0,1,0,48.132469514246985
2026-01-21,2,22,0,0,0,30.93853175066229
2026-01-21,2,23,0,0,0,31.94557493359859
2026-01-21,3,0,0,0,0,15.824511716888432
2026-01-21,3,1,0,0,0,9.350612896546707
2026-01-21,3,2,0,1,0,25.665509847191053
2026-01-21,3,3,0,1,0,24.128479774894377
2026-01-21,3,4,0,0,0,8.596571652846373
2026-01-21,3,5,0,1,0,21.432689564431737
2026-01-21,3,6,0,1,0,39.82676333386214
2026-01-21,3,7,0,0,0,35.11973224565
2026-01-21,3,8,0,0,0,54.50764594630194
2026-01-21,3,9,0,1,0,64.70461774065201
2026-01-21,3,10,0,0,0,50.243787059612835
2026-01-21,3,11,0,0,0,38.48154468807556
2026-01-21,3,12,0,0,0,26.169450250751694
2026-01-21,3,13,0,0,0,30.811755834554653
2026-01-21,3,14,0,1,0,40.48810928610453
2026-01-21,3,15,0,1,0,44.17043644829235
2026-01-21,3,16,0,0,0,51.51193074865635
2026-01-21,3,17,0,0,0,54.92449203685624
2026-01-21,3,18,0,0,0,63.39398281229444
2026-01-21,3,19,0,1,0,72.38334854640794
2026-01-21,3,20,0,0,0,36.83465526272991
2026-01-21,3,21,0,0,0,41.74902486635124
2026-01-21,3,22,0,0,0,26.925202641810795
2026-01-21,3,23,0,0,0,29.838997304809773
2026-01-21,4,0,0,1,1,29.52252445918611
2026-01-21,4,1,0,1,0,17.82672349039533
2026-01-21,4,2,0,1,0,19.264339885246574
2026-01-21,4,3,0,0,0,9.53769583117997
2026-01-21,4,4,0,0,0,4.015989647113331
2026-01-21,4,5,0,0,0,3.569897563106903
2026-01-21,4,6,0,0,0,23.919905722348915
2026-01-21,4,7,0,0,0,30.889932544487166
2026-01-21,4,8,0,0,1,48.081122933841634
2026-01-21,4,9,0,0,0,52.89182393257944
2026-01-21,4,10,0,0,0,41.49517949554557
2026-01-21,4,11,0,0,0,24.131491341291127
2026-01-21,4,12,0,1,0,32.4594919475541
2026-01-21,4,13,0,0,0,14.81845125560061
2026-01-21,4,14,0,1,0,30.738788267882796
2026-01-21,4,15,0,0,0,20.226340126479638
2026-01-21,4,16,0,0,0,43.88263606669777
2026-01-21,4,17,0,0,0,54.029091814964445
2026-01-21,4,18,0,0,1,74.88229501468666
2026-01-21,4,19,0,0,0,49.884171868693244
2026-01-21,4,20,0,0,0,35.00665609519718
2026-01-21,4,21,0,0,0,26.463256644109133
2026-01-21,4,22,0,0,0,23.168327751642448
2026-01-21,4,23,0,0,0,26.97719872765532
2026-01-21,5,0,0,1,0,16.57453423622597
2026-01-21,5,1,0,1,0,18.78526364300197
2026-01-21,5,2,0,0,0,4.199293308154887
2026-01-21,5,3,0,1,0,14.051427131815917
2026-01-21,5,4,0,0,0,0.0
2026-01-21,5,5,0,0,0,3.3783500783632894
2026-01-21,5,6,0,0,0,20.767505022043203
2026-01-21,5,7,0,0,0,26.048500201067842
2026-01-21,5,8,0,0,0,42.32366494162659
2026-01-21,5,9,0,0,0,53.8452798999082
2026-01-21,5,10,0,0,0,46.598541855145726
2026-01-21,5,11,0,0,0,24.809906376091853
2026-01-21,5,12,0,0,0,13.223817567464994
2026-01-21,5,13,0,0,0,17.20513885586666
2026-01-21,5,14,0,0,0,16.39542033924154
2026-01-21,5,15,0,0,0,19.003411069922297
2026-01-21,5,16,0,0,0,41.92104390614813
2026-01-21,5,17,0,0,0,53.793339644305746
2026-01-21,5,18,0,0,0,60.259565685326784
2026-01-21,5,19,0,0,0,52.89044862236265
2026-01-21,5,20,0,0,0,37.66804991294035
2026-01-21,5,21,0,0,0,22.426864909769726
2026-01-21,5,22,0,0,0,14.350160099836215
2026-01-21,5,23,0,1,0,31.004694668586964
2026-01-22,0,0,0,0,0,19.397680925722945
2026-01-22,0,1,0,0,0,13.711117561877321
2026-01-22,0,2,0,0,0,10.516863206781114
2026-01-22,0,3,0,0,0,12.532240297629981
2026-01-22,0,4,0,0,0,19.262706212664348
2026-01-22,0,5,0,0,0,18.10983912726777
2026-01-22,0,6,0,0,0,22.526316773259953
2026-01-22,0,7,0,0,0,35.10293168043678
2026-01-22,0,8,0,1,0,65.7054285229129
2026-01-22,0,9,0,0,0,67.01697303668517
2026-01-22,0,10,0,0,1,64.47631342195787
2026-01-22,0,11,0,1,0,45.93765790347703
2026-01-22,0,12,0,0,0,26.457533953653368
2026-01-22,0,13,0,0,0,29.276561413814672
2026-01-22,0,14,0,0,0,32.238448662783476
2026-01-22,0,15,0,0,0,38.02088804290668
2026-01-22,0,16,0,0,0,47.05282202232384
2026-01-22,0,17,0,0,0,59.25392682133915
2026-01-22,0,18,0,0,0,68.20657421749773
2026-01-22,0,19,0,0,0,67.22745019075275
2026-01-22,0,20,0,0,0,55.42254406523465
2026-01-22,0,21,0,0,0,32.71528231090326
2026-01-22,0,22,0,1,0,46.07158563468449
2026-01-22,0,23,0,0,0,25.247786930369394
2026-01-22,1,0,0,0,0,17.219447381896753
2026-01-22,1,1,0,0,1,21.621307949583002
2026-01-22,1,2,0,0,0,9.381504785561976
2026-01-22,1,3,0,0,0,8.70916593977531
2026-01-22,1,4,0,0,0,19.595917575139566
2026-01-22,1,5,0,0,0,7.374222293179556
2026-01-22,1,6,0,0,0,29.376185141652932
2026-01-22,1,7,0,0,1,45.387227706699726
2026-01-22,1,8,0,0,0,56.74581436089947
2026-01-22,1,9,0,0,0,54.25222397085673
2026-01-22,1,10,0,0,0,49.78100736683824
2026-01-22,1,11,0,0,0,32.64628112419224
2026-01-22,1,12,0,0,0,27.18440586417737
2026-01-22,1,13,0,0,0,27.12421830631352
2026-01-22,1,14,0,0,0,26.092584533623665
2026-01-22,1,15,0,0,0,36.000422919415264
2026-01-22,1,16,0,0,0,43.73195722111763
2026-01-22,1,17,0,0,0,64.21040655189269
2026-01-22,1,18,0,0,1,79.2036508609402
2026-01-22,1,19,0,1,0,75.26109952667265
2026-01-22,1,20,0,0,0,43.04484177144944
2026-01-22,1,21,0,0,0,36.15591831848465
2026-01-22,1,22,0,0,0,25.60334383861424
2026-01-22,1,23,0,1,0,33.81729846436854
2026-01-22,2,0,0,0,0,7.915980918234636
2026-01-22,2,1,0,0,0,7.42326347879825
2026-01-22,2,2,0,0,0,6.641789160860287
2026-01-22,2,3,0,0,0,4.176449634335133
2026-01-22,2,4,0,1,0,12.922838241323161
2026-01-22,2,5,0,0,0,8.602254623537881
2026-01-22,2,6,0,0,0,25.604304199667915
2026-01-22,2,7,0,0,0,32.203292626989075
2026-01-22,2,8,0,0,0,51.71876108052709
2026-01-22,2,9,0,1,0,69.7006988302767
2026-01-22,2,10,0,1,0,64.36375204718169
2026-01-22,2,11,0,0,0,38.993907734376094
2026-01-22,2,12,0,1,0,24.148723144717025
2026-01-22,2,13,0,0,0,25.037953376511403
2026-01-22,2,14,0,0,0,27.27467981142403
2026-01-22,2,15,0,0,0,29.96424599600619
2026-01-22,2,16,0,1,0,59.48493459053846
2026-01-22,2,17,0,0,0,56.810031527294775
2026-01-22,2,18,0,0,0,64.28773367122739
2026-01-22,2,19,0,0,0,54.605052809049546
2026-01-22,2,20,0,0,0,48.53009992780831
2026-01-22,2,21,0,0,0,36.520625282711954
2026-01-22,2,22,0,1,0,32.55011836005886
2026-01-22,2,23,0,0,0,23.170802516839164
2026-01-22,3,0,0,0,0,13.690753223023616
2026-01-22,3,1,0,0,0,12.443978631551321
2026-01-22,3,2,0,1,0,28.12591265405274
2026-01-22,3,3,0,0,0,16.937912953269304
2026-01-22,3,4,0,0,0,13.945639895889586
2026-01-22,3,5,0,0,0,17.190412224498687
2026-01-22,3,6,0,0,0,28.237342839704713
2026-01-22,3,7,0,0,0,47.674858943755154
2026-01-22,3,8,0,1,0,68.80023720661544
2026-01-22,3,9,0,0,0,54.32917157840166
2026-01-22,3,10,0,0,0,59.31915472546385
2026-01-22,3,11,0,0,0,40.53037337240193
2026-01-22,3,12,0,0,0,32.43548998190886
2026-01-22,3,13,0,0,0,21.242597729786475
2026-01-22,3,14,0,1,0,38.204958518776806
2026-01-22,3,15,0,0,0,43.852906755341046
2026-01-22,3,16,0,0,0,43.44095808870893
2026-01-22,3,17,0,0,0,60.404924568595334
2026-01-22,3,18,0,0,1,74.85585020883975
2026-01-22,3,19,0,0,0,48.58911611595095
2026-01-22,3,20,0,0,0,45.02926491445005
2026-01-22,3,21,0,0,0,29.53973557181319
2026-01-22,3,22,0,0,0,33.47862656576525
2026-01-22,3,23,0,0,0,24.150104753512224
2026-01-22,4,0,0,0,0,1.3193826523021084
2026-01-22,4,1,0,0,0,0.13980594297080007
2026-01-22,4,2,0,0,0,3.319552613224041
2026-01-22,4,3,0,0,0,12.901821859589734
2026-01-22,4,4,0,0,0,5.095177303002638
2026-01-22,4,5,0,0,0,4.999395999531372
2026-01-22,4,6,0,1,0,35.24909200588452
2026-01-22,4,7,0,0,0,31.150966273311838
2026-01-22,4,8,0,1,0,56.400048091229564
2026-01-22,4,9,0,0,0,58.87958445733513
2026-01-22,4,10,0,0,0,48.73168050733509
2026-01-22,4,11,0,0,0,31.00746393525294
2026-01-22,4,12,0,1,0,30.046278412342602
2026-01-22,4,13,0,0,0,25.112029954605983
2026-01-22,4,14,0,0,0,15.24163041368777
2026-01-22,4,15,0,0,0,23.654500663294318
2026-01-22,4,16,0,0,0,39.890649649647486
2026-01-22,4,17,0,0,0,53.3728385177447
2026-01-22,4,18,0,0,0,57.14141036632186
2026-01-22,4,19,0,1,0,60.56536464059656
2026-01-22,4,20,0,1,0,44.56289398920015
2026-01-22,4,21,0,0,0,28.0125230992314
2026-01-22,4,22,0,0,0,21.312484104672308
2026-01-22,4,23,0,0,0,12.056430650458047
2026-01-22,5,0,0,1,0,14.398109128227066
2026-01-22,5,1,0,0,0,0.0
2026-01-22,5,2,0,0,0,0.0
2026-01-22,5,3,0,0,0,0.0
2026-01-22,5,4,0,0,1,9.454744074835222
2026-01-22,5,5,0,1,0,13.958424663651574
2026-01-22,5,6,0,1,0,28.831572712056275
2026-01-22,5,7,0,0,0,26.11909121682592
2026-01-22,5,8,0,0,0,33.44988995179413
2026-01-22,5,9,0,0,0,45.338469527441674
2026-01-22,5,10,0,1,0,60.74804128316222
2026-01-22,5,11,0,0,0,20.811479778870194
2026-01-22,5,12,0,0,0,15.66319254846934
2026-01-22,5,13,0,0,0,19.924133656085402
2026-01-22,5,14,0,1,0,25.877211293909912
2026-01-22,5,15,0,1,1,39.723104925838086
2026-01-22,5,16,0,0,0,35.03139903736965
2026-01-22,5,17,0,0,0,48.57084092656053
2026-01-22,5,18,0,0,0,55.55486990952037
2026-01-22,5,19,0,0,0,50.111333995555235
2026-01-22,5,20,0,0,0,35.92648780673938
2026-01-22,5,21,0,0,0,26.737309815308915
2026-01-22,5,22,0,0,0,16.049224402568466
2026-01-22,5,23,0,1,0,18.512864656672257
2026-01-23,0,0,0,1,0,30.345810824520733
2026-01-23,0,1,0,0,0,16.966364050636468
2026-01-23,0,2,0,0,0,14.72365316988873
2026-01-23,0,3,0,0,0,11.297209545752349
2026-01-23,0,4,0,0,0,15.074351538089998
2026-01-23,0,5,0,0,0,15.752793976062891
2026-01-23,0,6,0,0,0,33.66894102970944
2026-01-23,0,7,0,0,0,41.78589527245017
2026-01-23,0,8,0,0,0,65.75193692944735
2026-01-23,0,9,0,0,0,59.54941738371828
2026-01-23,0,10,0,0,0,51.18888786380891
2026-01-23,0,11,0,0,1,54.752236403281884
2026-01-23,0,12,0,0,0,28.791752138707047
2026-01-23,0,13,0,0,0,21.2196094635931
2026-01-23,0,14,0,0,0,36.466675839027886
2026-01-23,0,15,0,0,0,38.846815918176794
2026-01-23,0,16,0,0,0,57.83360313836505
2026-01-23,0,17,0,0,0,62.805416896389254
2026-01-23,0,18,0,0,0,72.84123666565452
2026-01-23,0,19,0,0,0,62.33887405627383
2026-01-23,0,20,0,0,0,45.000286574419306
2026-01-23,0,21,0,0,0,37.152896036304874
2026-01-23,0,22,0,0,0,26.82639020275139
2026-01-23,0,23,0,0,0,23.871712357160607
2026-01-23,1,0,0,0,1,15.424738083980552
2026-01-23,1,1,0,0,0,11.859508745707888
2026-01-23,1,2,0,0,0,6.429338424771278
2026-01-23,1,3,0,0,0,13.126695245473721
2026-01-23,1,4,0,0,0,7.7683356439558935
2026-01-23,1,5,0,0,0,10.509218116934827
2026-01-23,1,6,0,1,0,44.03229345033359
2026-01-23,1,7,0,0,0,39.634823588374616
2026-01-23,1,8,0,1,0,64.65395056178276
2026-01-23,1,9,0,1,1,85.96116687017704
2026-01-23,1,10,0,0,0,51.29374861328861
2026-01-23,1,11,0,0,0,30.657358600025763
2026-01-23,1,12,0,1,0,39.604540547779024
2026-01-23,1,13,0,0,0,24.37452070011243
2026-01-23,1,14,0,0,0,37.68969468905958
2026-01-23,1,15,0,0,0,31.745584231551494
2026-01-23,1,16,0,1,0,55.99746766949418
2026-01-23,1,17,0,0,0,56.80863627687631
2026-01-23,1,18,0,0,0,69.91606906923838
2026-01-23,1,19,0,1,0,72.08017942829085
2026-01-23,1,20,0,1,0,56.67871691685133
2026-01-23,1,21,0,0,0,29.94512359840395
2026-01-23,1,22,0,0,0,22.439069427740403
2026-01-23,1,23,0,0,0,28.521247688948236
2026-01-23,2,0,0,0,0,8.869491967752577
2026-01-23,2,1,0,0,0,4.770668677359631
2026-01-23,2,2,0,0,1,15.178091768719522
2026-01-23,2,3,0,0,0,9.408493311594665
2026-01-23,2,4,0,0,0,6.768624988374098
2026-01-23,2,5,0,0,0,12.215834092205483
2026-01-23,2,6,0,0,0,25.47847536439679
2026-01-23,2,7,0,0,0,29.80611437628084
2026-01-23,2,8,0,1,0,56.92592518964803
2026-01-23,2,9,0,0,0,57.2996333500476
2026-01-23,2,10,0,0,0,52.612705360837666
2026-01-23,2,11,0,0,0,32.199739472568005
2026-01-23,2,12,0,0,0,23.39829130191653
2026-01-23,2,13,0,0,0,27.55156059529885
2026-01-23,2,14,0,0,0,23.537582640312515
2026-01-23,2,15,0,0,0,43.00020811337389
2026-01-23,2,16,0,0,0,47.028026560628064
2026-01-23,2,17,0,0,0,56.9820345416792
2026-01-23,2,18,0,0,0,64.27055622057705
2026-01-23,2,19,0,0,0,53.62319301279037
2026-01-23,2,20,0,0,0,39.82990289305514
2026-01-23,2,21,0,1,1,54.877926581323514
2026-01-23,2,22,0,0,1,31.42205384551075
2026-01-23,2,23,0,1,0,36.356581072568765
2026-01-23,3,0,0,0,0,17.340323398991085
2026-01-23,3,1,0,0,0,15.010990337259646
2026-01-23,3,2,0,1,0,23.40542503911142
2026-01-23,3,3,0,0,0,12.228638538129239
2026-01-23,3,4,0,1,0,20.244671118944346
2026-01-23,3,5,0,1,1,30.030107330854953
2026-01-23,3,6,0,0,0,27.02229846150713
2026-01-23,3,7,0,0,0,38.07424829762782
2026-01-23,3,8,0,1,0,64.4697034361052
2026-01-23,3,9,0,0,0,65.45190207950264
2026-01-23,3,10,0,0,0,52.35959117684016
2026-01-23,3,11,0,0,0,41.382800408211196
2026-01-23,3,12,0,0,0,36.71175970641849
2026-01-23,3,13,0,0,0,20.907002986907013
2026-01-23,3,14,0,0,0,29.23964024169597
2026-01-23,3,15,0,0,1,42.80301353812431
2026-01-23,3,16,0,0,0,48.433720798708585
2026-01-23,3,17,0,1,0,75.57003233035363
2026-01-23,3,18,0,0,0,68.01145036149647
2026-01-23,3,19,0,1,0,69.51275305397762
2026-01-23,3,20,0,0,1,57.787082613314695
2026-01-23,3,21,0,1,0,43.921158595982085
2026-01-23,3,22,0,0,0,23.802047853041156
2026-01-23,3,23,0,0,0,20.287039518261185
2026-01-23,4,0,0,0,0,11.476939271360749
2026-01-23,4,1,0,1,0,18.95149441379466
2026-01-23,4,2,0,0,0,0.0
2026-01-23,4,3,0,0,1,11.655294721579303
2026-01-23,4,4,0,0,0,5.596471790255619
2026-01-23,4,5,0,0,0,3.4709231474814723
2026-01-23,4,6,0,0,0,25.607191622431852
2026-01-23,4,7,0,0,0,26.72796262628428
2026-01-23,4,8,0,0,0,57.63203548382117
2026-01-23,4,9,0,0,0,55.69814969845896
2026-01-23,4,10,0,0,0,51.51686731924358
2026-01-23,4,11,0,0,0,31.355726288655518
2026-01-23,4,12,0,0,0,15.101989863822418
2026-01-23,4,13,0,0,0,18.24252109166784
2026-01-23,4,14,0,0,0,25.56302445086719
2026-01-23,4,15,0,1,0,36.839377865651095
2026-01-23,4,16,0,0,1,52.50095157773669
2026-01-23,4,17,0,0,0,52.51892315520547
2026-01-23,4,18,0,0,0,60.87015578144029
2026-01-23,4,19,0,0,0,56.06600164705429
2026-01-23,4,20,0,0,0,39.333289754003594
2026-01-23,4,21,0,0,0,23.247237734629326
2026-01-23,4,22,0,0,1,32.681690707461534
2026-01-23,4,23,0,0,0,20.626551270010857
2026-01-23,5,0,0,1,0,9.7127724581298
2026-01-23,5,1,0,0,0,0.0
2026-01-23,5,2,0,0,0,6.922404167952923
2026-01-23,5,3,0,0,0,0.0
2026-01-23,5,4,0,1,0,13.23593774368929
2026-01-23,5,5,0,1,0,24.962670875875723
2026-01-23,5,6,0,0,0,22.67051560588132
2026-01-23,5,7,0,1,0,34.43893955814993
2026-01-23,5,8,0,0,0,46.64365335487251
2026-01-23,5,9,0,0,0,50.98729514460836
2026-01-23,5,10,0,0,1,57.114698550036685
2026-01-23,5,11,0,0,0,23.34298404298144
2026-01-23,5,12,0,0,0,25.880039614908604
2026-01-23,5,13,0,0,0,20.574987862927685
2026-01-23,5,14,0,0,0,22.802262747644246
2026-01-23,5,15,0,0,0,24.01744821680686
2026-01-23,5,16,0,0,0,30.140432893169912
2026-01-23,5,17,0,0,0,49.74471971918738
2026-01-23,5,18,0,0,0,58.967633637847676
2026-01-23,5,19,0,0,0,45.07744200514939
2026-01-23,5,20,0,0,0,36.828601115408595
2026-01-23,5,21,0,0,0,32.7306602864736
2026-01-23,5,22,0,0,0,19.11303934869007
2026-01-23,5,23,0,0,0,17.555644071048686
2026-01-24,0,0,1,0,0,6.852609435219228
2026-01-24,0,1,1,1,0,27.319242009515925
2026-01-24,0,2,1,0,0,9.017730893501831
2026-01-24,0,3,1,0,0,15.550319526901237
2026-01-24,0,4,1,0,0,15.438413020951918
2026-01-24,0,5,1,0,0,18.008296715843848
2026-01-24,0,6,1,1,0,34.46082775559615
2026-01-24,0,7,1,0,0,37.84957240690699
2026-01-24,0,8,1,0,0,45.17629806568573
2026-01-24,0,9,1,1,0,59.63974706747484
2026-01-24,0,10,1,0,0,45.58064397977052
2026-01-24,0,11,1,0,0,30.236199583078026
2026-01-24,0,12,1,0,0,28.003271920044345
2026-01-24,0,13,1,1,0,37.14184190006482
2026-01-24,0,14,1,0,0,23.601633145949123
2026-01-24,0,15,1,1,0,44.92032217820647
2026-01-24,0,16,1,0,0,40.729230167824795
2026-01-24,0,17,1,0,0,48.033829986328534
2026-01-24,0,18,1,0,0,54.19833993079032
2026-01-24,0,19,1,0,0,52.21222689400514
2026-01-24,0,20,1,0,0,43.99195209479457
2026-01-24,0,21,1,0,0,27.00586619412255
2026-01-24,0,22,1,0,0,30.018031796871465
2026-01-24,0,23,1,0,0,27.836248844586414
2026-01-24,1,0,1,1,0,22.469463041947588
2026-01-24,1,1,1,0,0,12.64409330349341
2026-01-24,1,2,1,0,0,11.925008808925057
2026-01-24,1,3,1,0,0,14.304989418931934
2026-01-24,1,4,1,0,0,2.7877165874200696
2026-01-24,1,5,1,0,0,19.65979488838846
2026-01-24,1,6,1,1,0,36.579782254099584
2026-01-24,1,7,1,0,0,30.318382328741755
2026-01-24,1,8,1,1,0,50.227841872182836
2026-01-24,1,9,1,1,0,55.900049569678956
2026-01-24,1,10,1,1,0,61.07074379307294
2026-01-24,1,11,1,0,0,38.7291913570161
2026-01-24,1,12,1,0,0,27.555411326559998
2026-01-24,1,13,1,0,0,24.552445426747518
2026-01-24,1,14,1,1,1,50.138459827443306
2026-01-24,1,15,1,0,0,29.07507971594749
2026-01-24,1,16,1,0,1,48.511156188774216
2026-01-24,1,17,1,0,0,41.233486757593965
2026-01-24,1,18,1,0,1,67.30324955630948
2026-01-24,1,19,1,0,0,44.05697529779174
2026-01-24,1,20,1,0,0,41.771240186182524
2026-01-24,1,21,1,1,0,41.6240308006314
2026-01-24,1,22,1,0,0,28.739727373682182
2026-01-24,1,23,1,0,0,25.45237690615859
2026-01-24,2,0,1,1,0,23.146398976204154
2026-01-24,2,1,1,0,0,11.275825058818825
2026-01-24,2,2,1,0,0,4.911138635176582
2026-01-24,2,3,1,0,0,0.4721556707242449
2026-01-24,2,4,1,0,0,7.239989943054884
2026-01-24,2,5,1,1,0,23.610542982864995
2026-01-24,2,6,1,0,0,31.400434011271802
2026-01-24,2,7,1,0,0,27.479074909569444
2026-01-24,2,8,1,0,1,47.12245215020036
2026-01-24,2,9,1,1,0,56.050889174958854
2026-01-24,2,10,1,0,0,39.19962183524836
2026-01-24,2,11,1,0,0,35.658493400712345
2026-01-24,2,12,1,0,0,15.995259472911416
2026-01-24,2,13,1,0,0,22.421607980894148
2026-01-24,2,14,1,0,1,28.048737605251702
2026-01-24,2,15,1,0,0,24.74638819111032
2026-01-24,2,16,1,1,1,59.39515172866847
2026-01-24,2,17,1,0,0,48.713434769076095
2026-01-24,2,18,1,0,0,42.601190650305604
2026-01-24,2,19,1,0,0,43.30903516709297
2026-01-24,2,20,1,0,0,37.07881833744266
2026-01-24,2,21,1,0,0,29.327238998078055
2026-01-24,2,22,1,0,0,27.757161431386677
2026-01-24,2,23,1,0,0,25.8285352884566
2026-01-24,3,0,1,1,0,16.696306604814666
2026-01-24,3,1,1,0,0,15.463231493054188
2026-01-24,3,2,1,0,1,22.9809398822726
2026-01-24,3,3,1,0,0,12.761792506210181
2026-01-24,3,4,1,0,0,11.253382099048322
2026-01-24,3,5,1,0,0,12.393792470011515
2026-01-24,3,6,1,0,0,25.30931193102008
2026-01-24,3,7,1,1,0,41.75387552528299
2026-01-24,3,8,1,0,0,45.62200942949205
2026-01-24,3,9,1,0,0,45.4086304446892
2026-01-24,3,10,1,0,0,40.410329154691986
2026-01-24,3,11,1,0,0,38.63000159532614
2026-01-24,3,12,1,0,1,44.119504285740206
2026-01-24,3,13,1,0,0,30.15322032848918
2026-01-24,3,14,1,0,0,29.286289051869144
2026-01-24,3,15,1,0,0,26.90185851330091
2026-01-24,3,16,1,1,0,50.81780688989426
2026-01-24,3,17,1,0,0,45.57904320310638
2026-01-24,3,18,1,0,0,55.000192156262415
2026-01-24,3,19,1,0,0,50.49746995661925
2026-01-24,3,20,1,0,0,36.71338468349391
2026-01-24,3,21,1,0,0,41.05292777527079
2026-01-24,3,22,1,0,0,28.596073640914103
2026-01-24,3,23,1,0,0,15.468206646751563
2026-01-24,4,0,1,0,0,6.571274142421976
2026-01-24,4,1,1,0,0,4.122802792320324
2026-01-24,4,2,1,0,0,2.7415261068993897
2026-01-24,4,3,1,0,0,4.722552585305009
2026-01-24,4,4,1,0,0,0.0
2026-01-24,4,5,1,0,0,3.4157176929327533
2026-01-24,4,6,1,0,1,32.715591398591876
2026-01-24,4,7,1,0,0,24.350424138770748
2026-01-24,4,8,1,0,0,35.38017856301178
2026-01-24,4,9,1,0,1,41.778850676217616
2026-01-24,4,10,1,0,0,34.69976286849798
2026-01-24,4,11,1,0,0,22.30737988997343
2026-01-24,4,12,1,0,0,17.074934133680966
2026-01-24,4,13,1,0,0,16.988284600014982
2026-01-24,4,14,1,0,0,16.165797477481657
2026-01-24,4,15,1,0,0,23.158197916000624
2026-01-24,4,16,1,0,0,26.182816597489172
2026-01-24,4,17,1,0,0,44.549208707482
2026-01-24,4,18,1,0,0,48.069206117352465
2026-01-24,4,19,1,1,0,48.23941643220375
2026-01-24,4,20,1,0,0,28.715109583409514
2026-01-24,4,21,1,0,0,25.614609091878496
2026-01-24,4,22,1,0,0,20.94066776406099
2026-01-24,4,23,1,0,0,16.127080440240434
2026-01-24,5,0,1,0,0,2.728758841096499
2026-01-24,5,1,1,0,0,6.08029629904256
2026-01-24,5,2,1,0,0,2.8596769587608297
2026-01-24,5,3,1,0,1,11.135283466812815
2026-01-24,5,4,1,0,0,0.0
2026-01-24,5,5,1,1,0,6.46315767629427
2026-01-24,5,6,1,0,0,15.48129287181936
2026-01-24,5,7,1,0,0,22.755260649947495
2026-01-24,5,8,1,0,1,40.95445728030761
2026-01-24,5,9,1,0,0,35.30728792392178
2026-01-24,5,10,1,0,0,32.40207586198042
2026-01-24,5,11,1,0,0,17.802210787022023
2026-01-24,5,12,1,0,0,21.834709865405983
2026-01-24,5,13,1,0,0,13.990601182053862
2026-01-24,5,14,1,0,0,16.891263048688472
2026-01-24,5,15,1,0,0,32.40802577577659
2026-01-24,5,16,1,0,0,21.674197765855425
2026-01-24,5,17,1,0,0,42.30057192233644
2026-01-24,5,18,1,0,0,39.36888095799885
2026-01-24,5,19,1,0,0,36.601415118396
2026-01-24,5,20,1,0,0,26.529441959754486
2026-01-24,5,21,1,0,0,21.05516247841475
2026-01-24,5,22,1,0,0,10.621332696879962
2026-01-24,5,23,1,0,0,16.73402373978321
2026-01-25,0,0,1,0,0,6.651160056250468
2026-01-25,0,1,1,0,1,29.89464621005452
2026-01-25,0,2,1,0,0,13.797219435391698
2026-01-25,0,3,1,0,0,14.110456036316378
2026-01-25,0,4,1,0,0,15.096805437320464
2026-01-25,0,5,1,0,0,17.68177536572768
2026-01-25,0,6,1,0,0,26.208375906057725
2026-01-25,0,7,1,0,0,37.72794123106623
2026-01-25,0,8,1,0,0,44.41452643024707
2026-01-25,0,9,1,0,0,55.071899018526274
2026-01-25,0,10,1,0,0,44.90695099523894
2026-01-25,0,11,1,0,0,32.72138120531836
2026-01-25,0,12,1,0,0,33.59431002208037
2026-01-25,0,13,1,0,0,27.28178796715513
2026-01-25,0,14,1,0,1,34.20764046631695
2026-01-25,0,15,1,0,0,33.40154212506715
2026-01-25,0,16,1,0,0,40.661826582504105
2026-01-25,0,17,1,0,0,48.38436544875334
2026-01-25,0,18,1,0,0,53.218472544838455
2026-01-25,0,19,1,0,0,49.69512934971314
2026-01-25,0,20,1,0,0,38.78294670458712
2026-01-25,0,21,1,0,1,45.8001690282504
2026-01-25,0,22,1,0,0,26.805795070778355
2026-01-25,0,23,1,0,0,28.151567064210177
2026-01-25,1,0,1,0,0,9.7630771417604
2026-01-25,1,1,1,0,0,14.281705150653924
2026-01-25,1,2,1,0,0,11.700935397364864
2026-01-25,1,3,1,0,0,6.463127654204567
2026-01-25,1,4,1,0,0,13.694001183669604
2026-01-25,1,5,1,0,0,9.039205894326921
2026-01-25,1,6,1,0,0,24.353899715949357
2026-01-25,1,7,1,0,0,34.542008296559615
2026-01-25,1,8,1,0,0,41.185888571300616
2026-01-25,1,9,1,1,0,55.03342723006246
2026-01-25,1,10,1,0,0,44.90395288486602
2026-01-25,1,11,1,0,0,31.22618549650383
2026-01-25,1,12,1,0,0,30.891168811988535
2026-01-25,1,13,1,0,0,23.50876704014592
2026-01-25,1,14,1,0,0,29.530353863172884
2026-01-25,1,15,1,0,0,33.975682112092834
2026-01-25,1,16,1,0,0,35.90579409191621
2026-01-25,1,17,1,0,0,42.315400921274154
2026-01-25,1,18,1,0,0,58.318478629517514
2026-01-25,1,19,1,0,0,45.01750816417368
2026-01-25,1,20,1,1,0,56.82009368815284
2026-01-25,1,21,1,0,0,23.30761721381569
2026-01-25,1,22,1,0,0,23.625915558835587
2026-01-25,1,23,1,0,0,24.145195726753986
2026-01-25,2,0,1,0,0,13.110919138150768
2026-01-25,2,1,1,1,0,16.79443159636647
2026-01-25,2,2,1,0,0,4.121022100241161
2026-01-25,2,3,1,0,0,8.510302632218787
2026-01-25,2,4,1,0,0,10.646386252783154
2026-01-25,2,5,1,0,0,6.9871394240299285
2026-01-25,2,6,1,0,0,25.56448120594756
2026-01-25,2,7,1,0,0,25.177605935411414
2026-01-25,2,8,1,0,0,48.0419051170748
2026-01-25,2,9,1,0,0,42.7032696816849
2026-01-25,2,10,1,0,0,40.872987505970826
2026-01-25,2,11,1,1,0,40.82969430243953
2026-01-25,2,12,1,0,0,26.70258555736689
2026-01-25,2,13,1,0,0,24.45451335807796
2026-01-25,2,14,1,0,0,17.924243836735215
2026-01-25,2,15,1,0,0,22.851965093887642
2026-01-25,2,16,1,0,0,41.97667037041696
2026-01-25,2,17,1,1,0,58.02412041016757
2026-01-25,2,18,1,0,0,52.86770537329103
2026-01-25,2,19,1,0,0,39.22737632651881
2026-01-25,2,20,1,0,0,27.386217247413022
2026-01-25,2,21,1,0,0,26.07946281717633
2026-01-25,2,22,1,0,0,19.706118872786206
2026-01-25,2,23,1,0,0,22.96827176523742
2026-01-25,3,0,1,0,0,16.179885233349143
2026-01-25,3,1,1,0,0,9.316004177417646
2026-01-25,3,2,1,0,0,8.775069914641826
2026-01-25,3,3,1,0,0,10.158449479096786
2026-01-25,3,4,1,0,0,5.143786729752307
2026-01-25,3,5,1,0,0,13.2363477458356
2026-01-25,3,6,1,1,0,37.64655208561116
2026-01-25,3,7,1,1,0,48.433940098034455
2026-01-25,3,8,1,0,0,44.30505973817058
2026-01-25,3,9,1,0,0,46.350464880069495
2026-01-25,3,10,1,0,0,47.36774002557687
2026-01-25,3,11,1,0,0,31.59347351355745
2026-01-25,3,12,1,0,0,37.967886531154704
2026-01-25,3,13,1,0,0,27.102203622120626
2026-01-25,3,14,1,0,0,28.382815500812224
2026-01-25,3,15,1,0,0,32.86042087779599
2026-01-25,3,16,1,1,0,45.446187452137465
2026-01-25,3,17,1,0,0,52.68718337548032
2026-01-25,3,18,1,0,0,52.48020853647299
2026-01-25,3,19,1,1,0,66.73128045715033
2026-01-25,3,20,1,0,0,45.27745100258592
2026-01-25,3,21,1,0,0,31.8021739571307
2026-01-25,3,22,1,0,0,29.51069385634714
2026-01-25,3,23,1,0,0,24.81845468539754
2026-01-25,4,0,1,0,0,7.006573233671373
2026-01-25,4,1,1,1,0,14.888499804698027
2026-01-25,4,2,1,0,0,5.744180461485987
2026-01-25,4,3,1,0,0,8.268391557218091
2026-01-25,4,4,1,0,0,7.041975263342678
2026-01-25,4,5,1,0,0,0.0
2026-01-25,4,6,1,0,0,15.739215546893702
2026-01-25,4,7,1,0,0,32.00618949232799
2026-01-25,4,8,1,1,0,49.0570663223896
2026-01-25,4,9,1,0,0,35.631693765237344
2026-01-25,4,10,1,0,0,40.708487150262876
2026-01-25,4,11,1,0,0,18.122747303022713
2026-01-25,4,12,1,0,0,25.163394983042906
2026-01-25,4,13,1,0,0,18.30370431442836
2026-01-25,4,14,1,1,0,32.18433068663508
2026-01-25,4,15,1,0,0,26.688995595319227
2026-01-25,4,16,1,1,0,47.85867681815619
2026-01-25,4,17,1,0,0,36.640991274838534
2026-01-25,4,18,1,1,0,51.64555942211947
2026-01-25,4,19,1,1,0,55.977749751713446
2026-01-25,4,20,1,0,0,36.41320920566291
2026-01-25,4,21,1,0,0,18.422431498703812
2026-01-25,4,22,1,0,0,17.295569228710796
2026-01-25,4,23,1,1,0,27.274355468367375
2026-01-25,5,0,1,0,0,0.0
2026-01-25,5,1,1,1,0,10.114044044345992
2026-01-25,5,2,1,0,0,0.0
2026-01-25,5,3,1,0,0,4.093507032873317
2026-01-25,5,4,1,0,1,12.368794088907485
2026-01-25,5,5,1,0,0,8.56746972316553
2026-01-25,5,6,1,0,0,14.094502394119795
2026-01-25,5,7,1,0,0,23.851439423244223
2026-01-25,5,8,1,0,0,38.37379052462289
2026-01-25,5,9,1,0,0,35.22245216487488
2026-01-25,5,10,1,0,0,34.997101195041985
2026-01-25,5,11,1,0,0,19.09088825737997
2026-01-25,5,12,1,0,0,17.1598752481827
2026-01-25,5,13,1,0,0,21.534282658471117
2026-01-25,5,14,1,0,0,16.194326244376423
2026-01-25,5,15,1,0,0,20.337424989438254
2026-01-25,5,16,1,1,1,43.75667318754963
2026-01-25,5,17,1,0,0,39.979163597662875
2026-01-25,5,18,1,0,0,47.2949476568937
2026-01-25,5,19,1,0,0,45.35455427661816
2026-01-25,5,20,1,0,0,24.97093347965803
2026-01-25,5,21,1,0,0,25.838165415409012
2026-01-25,5,22,1,0,0,16.23235519395672
2026-01-25,5,23,1,0,0,12.544039729597493
2026-01-26,0,0,0,0,0,17.39103801609896
2026-01-26,0,1,0,0,0,19.016080992597438
2026-01-26,0,2,0,0,0,15.14838632411706
2026-01-26,0,3,0,1,0,22.502395786002268
2026-01-26,0,4,0,0,0,4.78562141582416
2026-01-26,0,5,0,1,0,24.613693804151005
2026-01-26,0,6,0,0,0,32.93232390777703
2026-01-26,0,7,0,0,0,41.45251390457626
2026-01-26,0,8,0,0,0,58.860827452143575
2026-01-26,0,9,0,0,0,63.09182256300405
2026-01-26,0,10,0,0,0,62.395866108014076
2026-01-26,0,11,0,0,0,38.38232160703059
2026-01-26,0,12,0,0,0,29.930900081318324
2026-01-26,0,13,0,0,0,30.202851006617305
2026-01-26,0,14,0,0,0,28.90291553682056
2026-01-26,0,15,0,1,0,56.13739509823647
2026-01-26,0,16,0,0,0,47.51558792457217
2026-01-26,0,17,0,0,0,61.79391679393884
2026-01-26,0,18,0,0,0,75.0018802187125
2026-01-26,0,19,0,0,0,69.71124365427522
2026-01-26,0,20,0,0,0,51.797918066408414
2026-01-26,0,21,0,0,0,44.547645983298665
2026-01-26,0,22,0,0,0,26.252445656440514
2026-01-26,0,23,0,0,0,25.63942473887983
2026-01-26,1,0,0,0,0,13.191416769016195
2026-01-26,1,1,0,1,0,19.906626378163896
2026-01-26,1,2,0,0,0,13.346026153681324
2026-01-26,1,3,0,0,0,12.838729505670978
2026-01-26,1,4,0,0,0,14.235529036691307
2026-01-26,1,5,0,0,0,7.798360925145936
2026-01-26,1,6,0,0,0,28.5522277210128
2026-01-26,1,7,0,1,0,43.72477991299608
2026-01-26,1,8,0,1,0,62.36282083046512
2026-01-26,1,9,0,0,0,67.18721925589931
2026-01-26,1,10,0,0,0,46.180045802904495
2026-01-26,1,11,0,0,0,36.35859291315276
2026-01-26,1,12,0,0,0,30.58273544177736
2026-01-26,1,13,0,1,0,32.07168544544916
2026-01-26,1,14,0,0,0,29.990591392478997
2026-01-26,1,15,0,0,0,33.93998056554392
2026-01-26,1,16,0,0,0,44.3584596117299
2026-01-26,1,17,0,0,0,56.82247316658521
2026-01-26,1,18,0,0,0,67.46218474742864
2026-01-26,1,19,0,0,0,62.85832780490515
2026-01-26,1,20,0,0,0,50.35352961605957
2026-01-26,1,21,0,0,1,44.756406808069315
2026-01-26,1,22,0,0,0,27.187901041210804
2026-01-26,1,23,0,0,0,22.826022033161518
2026-01-26,2,0,0,0,0,8.175905319324432
2026-01-26,2,1,0,0,0,14.724536111383284
2026-01-26,2,2,0,0,0,0.0
2026-01-26,2,3,0,0,0,7.691146558895665
2026-01-26,2,4,0,0,0,2.2036022926626195
2026-01-26,2,5,0,0,0,17.10864689306704
2026-01-26,2,6,0,0,0,22.08094892517224
2026-01-26,2,7,0,0,0,35.35026605825955
2026-01-26,2,8,0,0,0,47.783924721801505
2026-01-26,2,9,0,0,0,56.9651829904728
2026-01-26,2,10,0,0,0,50.658548868325056
2026-01-26,2,11,0,0,0,34.68405104785507
2026-01-26,2,12,0,0,0,21.713509122441284
2026-01-26,2,13,0,0,0,27.67515123209896
2026-01-26,2,14,0,1,0,44.38146952108962
2026-01-26,2,15,0,0,0,34.27401937347993
2026-01-26,2,16,0,0,0,41.27494326167646
2026-01-26,2,17,0,0,0,56.730316094669
2026-01-26,2,18,0,0,0,63.29294276847407
2026-01-26,2,19,0,0,0,56.61028597708099
2026-01-26,2,20,0,0,1,49.84302450945653
2026-01-26,2,21,0,1,0,49.13171984123464
2026-01-26,2,22,0,1,0,31.809767232593288
2026-01-26,2,23,0,0,0,23.599185796508408
2026-01-26,3,0,0,0,0,21.58846691591544
2026-01-26,3,1,0,0,0,6.799098670732854
2026-01-26,3,2,0,0,0,14.60523748426885
2026-01-26,3,3,0,0,0,12.825241224762898
2026-01-26,3,4,0,0,0,16.826794943118824
2026-01-26,3,5,0,1,0,26.54113891844391
2026-01-26,3,6,0,0,0,21.313753622299682
2026-01-26,3,7,0,0,0,37.3812140704587
2026-01-26,3,8,0,0,0,51.59891427152053
2026-01-26,3,9,0,0,0,62.72714519213474
2026-01-26,3,10,0,0,0,59.262780796647284
2026-01-26,3,11,0,0,0,37.192305497387736
2026-01-26,3,12,0,1,0,33.089021257673465
2026-01-26,3,13,0,1,0,35.9223575239653
2026-01-26,3,14,0,1,0,48.26616576681459
2026-01-26,3,15,0,0,0,32.79961568807357
2026-01-26,3,16,0,0,0,44.57721473067967
2026-01-26,3,17,0,0,0,58.44072873244584
2026-01-26,3,18,0,0,0,64.70213586253723
2026-01-26,3,19,0,0,1,68.9816926726899
2026-01-26,3,20,0,0,0,49.159943898434925
2026-01-26,3,21,0,0,0,39.692758550444644
2026-01-26,3,22,0,0,0,33.207089608377345
2026-01-26,3,23,0,0,0,28.7208439306169
2026-01-26,4,0,0,0,1,9.05481943949847
2026-01-26,4,1,0,0,0,6.362468549968087
2026-01-26,4,2,0,0,0,5.659041344106247
2026-01-26,4,3,0,0,0,1.874556649526765
2026-01-26,4,4,0,0,0,0.0
2026-01-26,4,5,0,1,0,18.626355768878756
2026-01-26,4,6,0,1,0,41.89111220974031
2026-01-26,4,7,0,0,0,25.584331419761412
2026-01-26,4,8,0,0,0,45.790963384829936
2026-01-26,4,9,0,0,0,57.3834144559999
2026-01-26,4,10,0,0,0,50.56994453067061
2026-01-26,4,11,0,1,0,42.44176750822042
2026-01-26,4,12,0,0,0,22.20713288672473
2026-01-26,4,13,0,0,0,13.991149585560184
2026-01-26,4,14,0,0,0,24.80135351778844
2026-01-26,4,15,0,0,0,25.562012371175935
2026-01-26,4,16,0,0,0,31.251365080532953
2026-01-26,4,17,0,1,0,72.27904972547947
2026-01-26,4,18,0,0,0,61.21173635400238
2026-01-26,4,19,0,0,0,57.12847401572473
2026-01-26,4,20,0,1,0,50.950229758895254
2026-01-26,4,21,0,0,0,35.54048768239552
2026-01-26,4,22,0,0,0,22.450198259433595
2026-01-26,4,23,0,0,0,25.826169158672368
2026-01-26,5,0,0,0,0,4.1560890283683705
2026-01-26,5,1,0,0,0,10.1440768999509
2026-01-26,5,2,0,0,0,2.337107087130355
2026-01-26,5,3,0,0,0,4.690440866948121
2026-01-26,5,4,0,1,0,11.215253789482523
2026-01-26,5,5,0,1,0,14.91352132649476
2026-01-26,5,6,0,0,0,15.363882695824177
2026-01-26,5,7,0,1,0,38.5856765939646
2026-01-26,5,8,0,1,0,58.56895630446966
2026-01-26,5,9,0,1,0,62.10637160616379
2026-01-26,5,10,0,1,0,57.46359975092723
2026-01-26,5,11,0,0,0,26.118151989883714
2026-01-26,5,12,0,0,0,15.243938796236002
2026-01-26,5,13,0,0,0,26.90657227055533
2026-01-26,5,14,0,0,0,18.462984260100303
2026-01-26,5,15,0,0,0,25.202195420677185
2026-01-26,5,16,0,0,0,41.504983520071534
2026-01-26,5,17,0,0,0,51.048298703185516
2026-01-26,5,18,0,0,1,70.43932310674833
2026-01-26,5,19,0,0,0,49.39289863809229
2026-01-26,5,20,0,0,0,42.86495999999992
2026-01-26,5,21,0,0,1,36.241130325341224
2026-01-26,5,22,0,0,0,14.02304743321844
2026-01-26,5,23,0,0,0,17.00178941697729
2026-01-27,0,0,0,0,0,11.93169931143079
2026-01-27,0,1,0,0,0,18.267252156333303
2026-01-27,0,2,0,0,0,12.757014332337318
2026-01-27,0,3,0,1,1,20.673222181151875
2026-01-27,0,4,0,0,0,15.442972371844498
2026-01-27,0,5,0,0,0,17.64699747093932
2026-01-27,0,6,0,0,0,31.915303214359486
2026-01-27,0,7,0,0,1,45.33156407097717
2026-01-27,0,8,0,0,1,61.39459337424548
2026-01-27,0,9,0,1,0,67.70554877712546
2026-01-27,0,10,0,1,0,66.93131558780448
2026-01-27,0,11,0,0,0,46.310521437577705
2026-01-27,0,12,0,0,0,28.437593603132704
2026-01-27,0,13,0,0,0,31.734686665192672
2026-01-27,0,14,0,0,0,33.54104914733513
2026-01-27,0,15,0,0,0,37.06428415562476
2026-01-27,0,16,0,0,0,46.948876003708484
2026-01-27,0,17,0,0,0,57.98405770503726
2026-01-27,0,18,0,0,0,66.4012804173978
2026-01-27,0,19,0,0,0,60.74850183937003
2026-01-27,0,20,0,0,0,46.279458576774005
2026-01-27,0,21,0,0,0,34.13953289006418
2026-01-27,0,22,0,0,0,28.651900382834008
2026-01-27,0,23,0,0,0,34.44734387690629
2026-01-27,1,0,0,0,0,19.52921827487375
2026-01-27,1,1,0,0,0,10.372473513189338
2026-01-27,1,2,0,0,0,8.876757834317145
2026-01-27,1,3,0,0,0,11.416826882986348
2026-01-27,1,4,0,0,0,7.43476258446382
2026-01-27,1,5,0,0,0,13.247084312094543
2026-01-27,1,6,0,0,0,28.320399906278084
2026-01-27,1,7,0,0,0,46.088470347281174
2026-01-27,1,8,0,1,0,75.83260066871587
2026-01-27,1,9,0,1,0,64.86940333334515
2026-01-27,1,10,0,1,0,64.06746750346866
2026-01-27,1,11,0,1,1,60.62881575142532
2026-01-27,1,12,0,0,0,31.21208964404558
2026-01-27,1,13,0,0,0,25.662379341473336
2026-01-27,1,14,0,0,0,26.530080993054405
2026-01-27,1,15,0,0,1,43.51227274498649
2026-01-27,1,16,0,1,0,57.29819247452318
2026-01-27,1,17,0,0,0,57.55355462117776
2026-01-27,1,18,0,0,0,64.58528736314148
2026-01-27,1,19,0,0,1,73.45521581811421
2026-01-27,1,20,0,1,0,57.47908429284062
2026-01-27,1,21,0,0,0,34.5763352650239
2026-01-27,1,22,0,0,0,31.73123369317146
2026-01-27,1,23,0,0,0,20.172437510133445
2026-01-27,2,0,0,0,0,3.287373482652411
2026-01-27,2,1,0,1,0,23.89876060438078
2026-01-27,2,2,0,1,0,28.7402756425394
2026-01-27,2,3,0,0,0,2.868203220061285
2026-01-27,2,4,0,0,0,5.3710973811683065
2026-01-27,2,5,0,0,0,14.556390488656014
2026-01-27,2,6,0,0,0,34.464429994715346
2026-01-27,2,7,0,1,1,53.423236029456305
2026-01-27,2,8,0,0,0,46.673150762142164
2026-01-27,2,9,0,1,0,67.7900307054767
2026-01-27,2,10,0,0,0,47.83403661182123
2026-01-27,2,11,0,0,0,35.83957583958974
2026-01-27,2,12,0,0,0,26.18000353429531
2026-01-27,2,13,0,0,0,21.60283966556154
2026-01-27,2,14,0,0,0,20.461396027529567
2026-01-27,2,15,0,0,0,30.637430306086415
2026-01-27,2,16,0,0,0,49.19390628323509
2026-01-27,2,17,0,0,1,59.517630975908666
2026-01-27,2,18,0,1,0,80.89465933919611
2026-01-27,2,19,0,1,0,70.54521229838606
2026-01-27,2,20,0,0,0,46.45164978724581
2026-01-27,2,21,0,1,0,36.731815891555485
2026-01-27,2,22,0,0,0,23.652161930583027
2026-01-27,2,23,0,0,0,20.0781251293908
2026-01-27,3,0,0,1,0,28.774797269578837
2026-01-27,3,1,0,0,0,13.324082950480296
2026-01-27,3,2,0,0,0,10.436406142296937
2026-01-27,3,3,0,1,0,22.304405295460676
2026-01-27,3,4,0,1,0,25.244245913037304
2026-01-27,3,5,0,0,0,20.26615078776037
2026-01-27,3,6,0,0,0,26.31108590101434
2026-01-27,3,7,0,0,0,37.268343048169996
2026-01-27,3,8,0,0,0,57.567342324355124
2026-01-27,3,9,0,0,0,62.587373668658095
2026-01-27,3,10,0,0,0,54.89784906649199
2026-01-27,3,11,0,0,0,33.84768059136198
2026-01-27,3,12,0,0,0,30.934634774592716
2026-01-27,3,13,0,0,0,21.095875767424076
2026-01-27,3,14,0,0,0,22.121135631427865
2026-01-27,3,15,0,0,0,27.9893640825789
2026-01-27,3,16,0,0,0,54.75143812213562
2026-01-27,3,17,0,0,0,60.29177197410747
2026-01-27,3,18,0,0,0,65.36684249528379
2026-01-27,3,19,0,0,0,65.20213105631439
2026-01-27,3,20,0,1,0,52.101635993108026
2026-01-27,3,21,0,0,0,34.35349763119779
2026-01-27,3,22,0,0,0,28.207885294160086
2026-01-27,3,23,0,1,0,38.27013606129639
2026-01-27,4,0,0,0,0,3.6317961213862033
2026-01-27,4,1,0,0,0,3.850782521905851
2026-01-27,4,2,0,0,0,9.321846136582046
2026-01-27,4,3,0,0,0,7.837052985443025
2026-01-27,4,4,0,0,0,0.0
2026-01-27,4,5,0,0,0,1.348850371673766
2026-01-27,4,6,0,0,0,20.858819320050845
2026-01-27,4,7,0,0,0,29.23934217182615
2026-01-27,4,8,0,0,0,42.30020558061511
2026-01-27,4,9,0,0,0,52.559401702929904
2026-01-27,4,10,0,0,0,49.697210698378214
2026-01-27,4,11,0,0,0,27.833939431073738
2026-01-27,4,12,0,0,0,23.730645772205957
2026-01-27,4,13,0,0,0,24.127219433756327
2026-01-27,4,14,0,0,0,19.67246130070631
2026-01-27,4,15,0,1,0,36.759266077428364
2026-01-27,4,16,0,0,0,41.04653681694074
2026-01-27,4,17,0,0,0,50.92126669163506
2026-01-27,4,18,0,0,0,65.31369016347857
2026-01-27,4,19,0,0,0,53.337642487227235
2026-01-27,4,20,0,0,1,42.04136736651293
2026-01-27,4,21,0,0,0,28.523431014709576
2026-01-27,4,22,0,0,0,19.087068559582892
2026-01-27,4,23,0,0,0,22.787290357490317
2026-01-27,5,0,0,0,0,2.4805071214331793
2026-01-27,5,1,0,0,0,0.0
2026-01-27,5,2,0,0,0,3.0615169256467354
2026-01-27,5,3,0,0,0,4.794814960500145
2026-01-27,5,4,0,0,0,0.0
2026-01-27,5,5,0,0,0,7.258178131943369
2026-01-27,5,6,0,0,0,20.82482314859891
2026-01-27,5,7,0,0,0,31.419893908364763
2026-01-27,5,8,0,0,0,39.106591066525496
2026-01-27,5,9,0,1,0,65.52994576099682
2026-01-27,5,10,0,0,0,35.05743733463826
2026-01-27,5,11,0,0,0,24.807478482082676
2026-01-27,5,12,0,0,0,23.789007789158305
2026-01-27,5,13,0,1,1,41.10083154099141
2026-01-27,5,14,0,0,0,13.499264543718965
2026-01-27,5,15,0,0,0,18.996080296853904
2026-01-27,5,16,0,1,0,49.95837684420324
2026-01-27,5,17,0,0,0,43.45787909320763
2026-01-27,5,18,0,0,0,56.14927490424993
2026-01-27,5,19,0,0,0,50.9718835750702
2026-01-27,5,20,0,0,0,39.274186089400544
2026-01-27,5,21,0,0,0,36.25375796100708
2026-01-27,5,22,0,1,0,30.804992583818542
2026-01-27,5,23,0,0,0,10.286822803782488
2026-01-28,0,0,0,0,0,17.99067651218031
2026-01-28,0,1,0,0,0,15.495278286321675
2026-01-28,0,2,0,1,0,28.2521794990933
2026-01-28,0,3,0,0,0,13.536738585832499
2026-01-28,0,4,0,0,0,14.372239830369105
2026-01-28,0,5,0,0,0,11.3780017090997
2026-01-28,0,6,0,1,1,57.163371114364686
2026-01-28,0,7,0,0,0,43.15990092701778
2026-01-28,0,8,0,0,0,52.939016178266925
2026-01-28,0,9,0,0,1,71.2340188529668
2026-01-28,0,10,0,0,0,56.71022094650315
2026-01-28,0,11,0,0,0,38.61322961792755
2026-01-28,0,12,0,0,0,35.269808023296065
2026-01-28,0,13,0,0,0,29.953427410927976
2026-01-28,0,14,0,0,0,31.91387576828291
2026-01-28,0,15,0,0,0,39.51267304655253
2026-01-28,0,16,0,0,0,50.06330359875791
2026-01-28,0,17,0,0,0,69.59332136547475
2026-01-28,0,18,0,0,0,75.27723465213676
2026-01-28,0,19,0,0,0,64.95835007729076
2026-01-28,0,20,0,0,1,54.70718220774812
2026-01-28,0,21,0,0,0,36.362403910015125
2026-01-28,0,22,0,0,0,27.725473637429342
2026-01-28,0,23,0,0,0,25.983767432121837
2026-01-28,1,0,0,1,0,27.10701931744021
2026-01-28,1,1,0,0,0,6.280414592215283
2026-01-28,1,2,0,0,0,11.754715080545177
2026-01-28,1,3,0,1,0,25.039627678939766
2026-01-28,1,4,0,0,0,7.121819517924836
2026-01-28,1,5,0,0,0,12.473735031607989
2026-01-28,1,6,0,0,1,35.82567126546455
2026-01-28,1,7,0,0,0,38.99801775241483
2026-01-28,1,8,0,0,0,55.20871656949666
2026-01-28,1,9,0,0,0,56.82998646756152
2026-01-28,1,10,0,0,0,55.01947230751361
2026-01-28,1,11,0,0,0,41.408361291923896
2026-01-28,1,12,0,0,0,31.91056621576155
2026-01-28,1,13,0,0,1,28.35281817045604
2026-01-28,1,14,0,0,1,35.79703258758361
2026-01-28,1,15,0,0,0,31.50941275220874
2026-01-28,1,16,0,1,0,55.6569061168758
2026-01-28,1,17,0,0,0,63.286071232680676
2026-01-28,1,18,0,0,0,74.42423958305503
2026-01-28,1,19,0,1,0,72.06427066205859
2026-01-28,1,20,0,0,0,44.94839232215871
2026-01-28,1,21,0,0,0,34.51337339914619
2026-01-28,1,22,0,0,0,32.29645826945345
2026-01-28,1,23,0,0,0,23.584669943480556
2026-01-28,2,0,0,0,0,1.5328149867391412
2026-01-28,2,1,0,0,0,3.235070717810215
2026-01-28,2,2,0,0,0,12.368636848887187
2026-01-28,2,3,0,0,0,11.867252115583323
2026-01-28,2,4,0,0,0,16.813907550115285
2026-01-28,2,5,0,0,0,5.445544688833052
2026-01-28,2,6,0,0,0,20.931827570071974
2026-01-28,2,7,0,0,0,30.25928137072906
2026-01-28,2,8,0,0,0,47.52836149225624
2026-01-28,2,9,0,0,0,58.17053805577374
2026-01-28,2,10,0,0,0,49.74958169671833
2026-01-28,2,11,0,0,0,31.12806531708773
2026-01-28,2,12,0,0,0,34.19065083531351
2026-01-28,2,13,0,0,0,23.840003712651956
2026-01-28,2,14,0,1,0,35.15960846595462
2026-01-28,2,15,0,0,0,39.43518302795186
2026-01-28,2,16,0,1,0,54.65328073076095
2026-01-28,2,17,0,0,0,58.82906395595019
2026-01-28,2,18,0,0,0,68.74637525320998
2026-01-28,2,19,0,0,0,53.557601419810766
2026-01-28,2,20,0,0,0,42.34697685772478
2026-01-28,2,21,0,0,0,39.70729372311243
2026-01-28,2,22,0,0,0,27.904952531476194
2026-01-28,2,23,0,0,0,19.86022514300655
2026-01-28,3,0,0,1,0,22.98528624153923
2026-01-28,3,1,0,0,0,9.614969183167421
2026-01-28,3,2,0,0,0,14.745741301192293
2026-01-28,3,3,0,0,0,8.681321432972757
2026-01-28,3,4,0,0,0,10.601355925183025
2026-01-28,3,5,0,0,0,21.963009866933334
2026-01-28,3,6,0,1,0,37.63187013420581
2026-01-28,3,7,0,0,0,30.576773622229766
2026-01-28,3,8,0,0,0,51.41682841199507
2026-01-28,3,9,0,0,0,61.14186807955891
2026-01-28,3,10,0,0,0,52.67720394170526
2026-01-28,3,11,0,0,0,35.882754151730836
2026-01-28,3,12,0,0,0,28.603605401237882
2026-01-28,3,13,0,1,0,40.429492287012636
2026-01-28,3,14,0,0,0,29.389084495031916
2026-01-28,3,15,0,0,0,35.76828581352464
2026-01-28,3,16,0,0,0,48.842223539861806
2026-01-28,3,17,0,0,0,62.41370173291428
2026-01-28,3,18,0,0,0,68.55373813518767
2026-01-28,3,19,0,1,0,76.23691245597185
2026-01-28,3,20,0,0,0,42.88781577806573
2026-01-28,3,21,0,0,0,39.06860415056605
2026-01-28,3,22,0,0,1,32.369356918806616
2026-01-28,3,23,0,0,0,25.234868982581673
2026-01-28,4,0,0,0,0,4.637574927143502
2026-01-28,4,1,0,1,0,13.553636704048607
2026-01-28,4,2,0,0,0,0.45013418391216486
2026-01-28,4,3,0,0,0,5.2236821922403385
2026-01-28,4,4,0,1,0,9.484559117566015
2026-01-28,4,5,0,0,0,3.812999003488334
2026-01-28,4,6,0,0,0,27.644941459572298
2026-01-28,4,7,0,0,0,28.90201916297818
2026-01-28,4,8,0,0,1,52.105905120620754
2026-01-28,4,9,0,0,0,59.1072899195115
2026-01-28,4,10,0,1,0,58.77830225163233
2026-01-28,4,11,0,0,0,28.64987570457105
2026-01-28,4,12,0,0,0,21.967216754466097
2026-01-28,4,13,0,1,0,33.10780644854972
2026-01-28,4,14,0,0,0,19.843062707260433
2026-01-28,4,15,0,0,0,28.96870289429107
2026-01-28,4,16,0,0,0,46.78681196691315
2026-01-28,4,17,0,0,0,52.74796569157985
2026-01-28,4,18,0,0,0,66.37250894472379
2026-01-28,4,19,0,0,0,59.65294531420742
2026-01-28,4,20,0,0,1,52.039239762391176
2026-01-28,4,21,0,0,0,30.969320427242394
2026-01-28,4,22,0,0,0,20.887804043160997
2026-01-28,4,23,0,0,0,13.330006977378329
2026-01-28,5,0,0,0,0,5.1846914937415995
2026-01-28,5,1,0,0,0,7.806353538650245
2026-01-28,5,2,0,0,0,0.0
2026-01-28,5,3,0,0,0,0.0
2026-01-28,5,4,0,0,0,0.0
2026-01-28,5,5,0,0,0,2.6935629735472952
2026-01-28,5,6,0,0,0,19.278229931277597
2026-01-28,5,7,0,0,0,29.811011049978237
2026-01-28,5,8,0,0,1,53.46007623413156
2026-01-28,5,9,0,0,0,49.82957837028272
2026-01-28,5,10,0,1,0,55.885395062798004
2026-01-28,5,11,0,0,0,36.33003859982265
2026-01-28,5,12,0,0,0,12.773011959524037
2026-01-28,5,13,0,0,1,24.611859333245512
2026-01-28,5,14,0,0,0,22.999967013260672
2026-01-28,5,15,0,1,0,40.534429451424245
2026-01-28,5,16,0,0,0,37.963858708621075
2026-01-28,5,17,0,0,0,49.82235798551761
2026-01-28,5,18,0,0,0,54.608392834689
2026-01-28,5,19,0,0,0,51.92094044229142
2026-01-28,5,20,0,0,0,42.03223348280146
2026-01-28,5,21,0,0,0,26.46321716081474
2026-01-28,5,22,0,1,0,27.975518887513047
2026-01-28,5,23,0,1,0,25.76239803593867
2026-01-29,0,0,0,1,0,16.731559159350624
2026-01-29,0,1,0,1,0,25.38798875981922
2026-01-29,0,2,0,0,0,10.863914514314793
2026-01-29,0,3,0,0,0,10.403442841341093
2026-01-29,0,4,0,0,0,13.404656694580945
2026-01-29,0,5,0,0,0,13.559023419121921
2026-01-29,0,6,0,0,1,34.9106151961611
2026-01-29,0,7,0,0,0,37.97186746226527
2026-01-29,0,8,0,0,0,48.03249969940419
2026-01-29,0,9,0,0,0,63.788020382594574
2026-01-29,0,10,0,0,0,57.13422308420134
2026-01-29,0,11,0,0,1,48.512890344939905
2026-01-29,0,12,0,0,0,30.93993114879659
2026-01-29,0,13,0,0,0,25.181896227981888
2026-01-29,0,14,0,0,0,29.635989516740104
2026-01-29,0,15,0,0,0,37.8441848615783
2026-01-29,0,16,0,0,0,50.29704677663804
2026-01-29,0,17,0,0,0,68.86381176399044
2026-01-29,0,18,0,0,0,71.34519691382445
2026-01-29,0,19,0,0,0,63.721184618284504
2026-01-29,0,20,0,0,1,59.01915929636921
2026-01-29,0,21,0,0,0,37.41355307143465
2026-01-29,0,22,0,0,0,33.33922711400187
2026-01-29,0,23,0,0,0,31.460676957784866
2026-01-29,1,0,0,0,0,11.40183714111979
2026-01-29,1,1,0,0,1,20.22212808629195
2026-01-29,1,2,0,0,0,9.795167572541216
2026-01-29,1,3,0,1,0,25.163033452103864
2026-01-29,1,4,0,0,0,12.200131509824832
2026-01-29,1,5,0,0,1,15.92567284886941
2026-01-29,1,6,0,0,0,28.035316780206752
2026-01-29,1,7,0,0,0,37.97285117960822
2026-01-29,1,8,0,0,0,55.89819819883934
2026-01-29,1,9,0,0,0,60.11398432517131
2026-01-29,1,10,0,0,0,41.417714864922374
2026-01-29,1,11,0,0,0,38.71950420009091
2026-01-29,1,12,0,0,0,23.4408135341041
2026-01-29,1,13,0,0,0,28.420941881928293
2026-01-29,1,14,0,0,0,30.835174543848385
2026-01-29,1,15,0,0,0,36.35066063322507
2026-01-29,1,16,0,0,0,50.27918082906478
2026-01-29,1,17,0,0,0,63.34346160878581
2026-01-29,1,18,0,0,0,66.18443622232175
2026-01-29,1,19,0,1,0,72.66845693997182
2026-01-29,1,20,0,0,0,47.941856043729096
2026-01-29,1,21,0,0,0,33.960017140056806
2026-01-29,1,22,0,0,0,31.281291820795754
2026-01-29,1,23,0,1,0,30.682883318661176
2026-01-29,2,0,0,0,0,15.584021365739353
2026-01-29,2,1,0,0,0,0.0
2026-01-29,2,2,0,0,0,8.270864213954198
2026-01-29,2,3,0,1,0,22.213200694685735
2026-01-29,2,4,0,0,0,8.845524382112952
2026-01-29,2,5,0,0,0,3.478839379625515
2026-01-29,2,6,0,0,0,34.37013984141122
2026-01-29,2,7,0,0,0,32.916399589139715
2026-01-29,2,8,0,0,0,59.14299180335418
2026-01-29,2,9,0,0,0,54.43443929043449
2026-01-29,2,10,0,0,0,47.40573489824674
2026-01-29,2,11,0,0,0,33.40050728623619
2026-01-29,2,12,0,1,0,35.37751654255615
2026-01-29,2,13,0,1,0,35.28521446230246
2026-01-29,2,14,0,0,0,23.523774345997804
2026-01-29,2,15,0,0,0,29.071758039702402
2026-01-29,2,16,0,0,0,41.56928933728821
2026-01-29,2,17,0,0,0,53.397006036639304
2026-01-29,2,18,0,0,0,67.22033705617244
2026-01-29,2,19,0,1,0,75.1691191806703
2026-01-29,2,20,0,0,0,49.79409130974015
2026-01-29,2,21,0,0,0,30.255307323486793
2026-01-29,2,22,0,0,0,18.470210071652687
2026-01-29,2,23,0,0,0,23.939571494110815
2026-01-29,3,0,0,0,0,13.618109957171054
2026-01-29,3,1,0,0,0,12.331566296944757
2026-01-29,3,2,0,0,0,12.170426250041787
2026-01-29,3,3,0,0,0,10.263018898063919
2026-01-29,3,4,0,0,0,11.487436630996367
2026-01-29,3,5,0,0,1,22.996142776776185
2026-01-29,3,6,0,0,0,31.15585826468859
2026-01-29,3,7,0,0,0,41.33674101954937
2026-01-29,3,8,0,0,0,52.80736655099423
2026-01-29,3,9,0,1,1,78.37533168836987
2026-01-29,3,10,0,0,0,52.52950067966567
2026-01-29,3,11,0,0,0,43.34885919762891
2026-01-29,3,12,0,0,0,24.4161751527789
2026-01-29,3,13,0,0,0,26.982884679641867
2026-01-29,3,14,0,0,0,23.979362064062485
2026-01-29,3,15,0,0,0,36.13358528167433
2026-01-29,3,16,0,0,0,51.22756422195889
2026-01-29,3,17,0,0,0,57.83905119520468
2026-01-29,3,18,0,0,0,65.81899418311798
2026-01-29,3,19,0,1,0,76.32254098337437
2026-01-29,3,20,0,0,0,50.04740251912844
2026-01-29,3,21,0,1,0,48.65323921749529
2026-01-29,3,22,0,0,0,30.289865018519773
2026-01-29,3,23,0,0,0,27.476126828288535
2026-01-29,4,0,0,1,0,24.96609961433355
2026-01-29,4,1,0,0,0,3.272686772502285
2026-01-29,4,2,0,0,0,4.998054210202655
2026-01-29,4,3,0,0,0,0.0
2026-01-29,4,4,0,0,0,4.102410365710204
2026-01-29,4,5,0,0,0,1.928941479021049
2026-01-29,4,6,0,0,0,17.836951868018208
2026-01-29,4,7,0,0,0,29.32529611006225
2026-01-29,4,8,0,0,0,43.92274400396372
2026-01-29,4,9,0,0,1,66.27003402579204
2026-01-29,4,10,0,0,0,45.54577822273066
2026-01-29,4,11,0,0,0,29.659170174558202
2026-01-29,4,12,0,1,0,31.288931876801637
2026-01-29,4,13,0,0,0,15.734434825978758
2026-01-29,4,14,0,0,0,24.631782250166584
2026-01-29,4,15,0,1,0,41.337386829963116
2026-01-29,4,16,0,0,0,40.6667678683964
2026-01-29,4,17,0,0,0,59.56990027364486
2026-01-29,4,18,0,0,0,58.49861688670212
2026-01-29,4,19,0,0,0,51.14629268346409
2026-01-29,4,20,0,1,0,48.17919849598334
2026-01-29,4,21,0,0,0,29.583799850007484
2026-01-29,4,22,0,1,0,34.45920893449592
2026-01-29,4,23,0,0,0,18.126751989289474
2026-01-29,5,0,0,0,0,0.8450330581106555
2026-01-29,5,1,0,0,0,2.3960425420756613
2026-01-29,5,2,0,0,0,0.0
2026-01-29,5,3,0,0,0,2.8505729106092086
2026-01-29,5,4,0,0,0,7.32504245277897
2026-01-29,5,5,0,0,0,4.001261808849262
2026-01-29,5,6,0,0,0,10.341770298652563
2026-01-29,5,7,0,0,0,18.819803964371562
2026-01-29,5,8,0,0,0,40.41263626798148
2026-01-29,5,9,0,0,0,50.94931395025551
2026-01-29,5,10,0,0,0,40.173708390414575
2026-01-29,5,11,0,0,0,29.729953416694823
2026-01-29,5,12,0,0,0,17.207790558205822
2026-01-29,5,13,0,0,0,23.223731370533194
2026-01-29,5,14,0,0,0,16.818853052272207
2026-01-29,5,15,0,0,0,26.707574797710137
2026-01-29,5,16,0,0,0,34.38240866798235
2026-01-29,5,17,0,0,0,50.898749501516605
2026-01-29,5,18,0,0,0,56.54865125525426
2026-01-29,5,19,0,0,0,54.23589864930324
2026-01-29,5,20,0,1,0,50.14238592006367
2026-01-29,5,21,0,0,0,28.793000581569945
2026-01-29,5,22,0,0,0,19.070018709960873
2026-01-29,5,23,0,0,0,10.378916244011277
2026-01-30,0,0,0,0,0,12.433892683181377
2026-01-30,0,1,0,0,0,8.420927810026285
2026-01-30,0,2,0,0,0,6.2883999523918614
2026-01-30,0,3,0,0,1,23.895321262422232
2026-01-30,0,4,0,0,0,9.32634749443456
2026-01-30,0,5,0,0,0,15.887574628254693
2026-01-30,0,6,0,0,0,31.414964601372425
2026-01-30,0,7,0,0,0,38.8680576871393
2026-01-30,0,8,0,1,0,56.32127179320962
2026-01-30,0,9,0,0,0,65.25629662170789
2026-01-30,0,10,0,0,0,50.672246016842834
2026-01-30,0,11,0,0,0,36.54596852323081
2026-01-30,0,12,0,0,0,27.21630725580399
2026-01-30,0,13,0,0,0,31.335220242373996
2026-01-30,0,14,0,0,0,29.575228289419623
2026-01-30,0,15,0,0,0,35.08074306697496
2026-01-30,0,16,0,0,0,54.411903480134725
2026-01-30,0,17,0,0,0,60.820124688682384
2026-01-30,0,18,0,0,0,66.91266584720128
2026-01-30,0,19,0,1,0,71.04534193666375
2026-01-30,0,20,0,0,0,48.09536825832191
2026-01-30,0,21,0,0,0,39.89551868292252
2026-01-30,0,22,0,0,0,30.771122628827726
2026-01-30,0,23,0,0,0,27.696774352466665
2026-01-30,1,0,0,0,0,10.270596627689645
2026-01-30,1,1,0,0,0,6.88045214656591
2026-01-30,1,2,0,0,0,4.109039778408762
2026-01-30,1,3,0,1,0,21.850026369439554
2026-01-30,1,4,0,0,0,12.821998318669017
2026-01-30,1,5,0,0,0,12.379564885681576
2026-01-30,1,6,0,0,0,29.12178699558634
2026-01-30,1,7,0,0,0,33.77328324050785
2026-01-30,1,8,0,1,0,58.131557672393996
2026-01-30,1,9,0,1,0,73.31433419587033
2026-01-30,1,10,0,0,0,49.7810387429229
2026-01-30,1,11,0,1,0,42.62424128878612
2026-01-30,1,12,0,0,0,30.671957588851516
2026-01-30,1,13,0,0,0,22.440433965624393
2026-01-30,1,14,0,0,0,22.306813970767315
2026-01-30,1,15,0,0,0,33.46934914381878
2026-01-30,1,16,0,0,0,42.765915165534054
2026-01-30,1,17,0,0,0,60.47682059139297
2026-01-30,1,18,0,0,0,63.833958853957405
2026-01-30,1,19,0,0,0,62.845640548816
2026-01-30,1,20,0,0,0,41.299973906314314
2026-01-30,1,21,0,0,0,32.32348963656803
2026-01-30,1,22,0,0,0,30.42314678064243
2026-01-30,1,23,0,0,0,24.1583156294887
2026-01-30,2,0,0,0,0,12.368202733367598
2026-01-30,2,1,0,1,0,15.669060523170273
2026-01-30,2,2,0,0,1,12.191729228880112
2026-01-30,2,3,0,0,0,3.968312590334235
2026-01-30,2,4,0,0,0,17.602819270634008
2026-01-30,2,5,0,0,0,10.699904630477484
2026-01-30,2,6,0,0,0,24.00303344008688
2026-01-30,2,7,0,1,0,46.145915110790995
2026-01-30,2,8,0,0,0,54.398864072872804
2026-01-30,2,9,0,0,0,55.488398948706326
2026-01-30,2,10,0,0,0,48.97004828271186
2026-01-30,2,11,0,0,0,37.3738689440356
2026-01-30,2,12,0,0,0,25.103661534141935
2026-01-30,2,13,0,0,0,25.61487217223238
2026-01-30,2,14,0,0,0,19.00456809714344
2026-01-30,2,15,0,0,0,35.36726569519747
2026-01-30,2,16,0,0,0,42.543401758699844
2026-01-30,2,17,0,1,0,71.47228514993695
2026-01-30,2,18,0,0,0,66.32728624489502
2026-01-30,2,19,0,0,0,62.95194437505875
2026-01-30,2,20,0,0,1,53.39851085137309
2026-01-30,2,21,0,0,0,33.83931969532147
2026-01-30,2,22,0,0,0,13.548553164331963
2026-01-30,2,23,0,0,0,19.494451588886378
2026-01-30,3,0,0,0,0,9.74900873252028
2026-01-30,3,1,0,0,0,14.11897534750558
2026-01-30,3,2,0,0,0,16.4905650032444
2026-01-30,3,3,0,1,0,22.478401365889678
2026-01-30,3,4,0,0,1,17.431264774334153
2026-01-30,3,5,0,0,0,17.020534020472518
2026-01-30,3,6,0,0,0,27.61200415559607
2026-01-30,3,7,0,0,0,39.265272495341954
2026-01-30,3,8,0,0,0,54.704437985918446
2026-01-30,3,9,0,0,0,59.987043858682824
2026-01-30,3,10,0,0,0,51.95066084215037
2026-01-30,3,11,0,0,0,37.47407685742986
2026-01-30,3,12,0,0,0,34.451408819204985
2026-01-30,3,13,0,0,0,23.985803021152634
2026-01-30,3,14,0,0,0,33.75514952007296
2026-01-30,3,15,0,0,0,40.90023303093581
2026-01-30,3,16,0,0,0,39.10873574515246
2026-01-30,3,17,0,0,0,60.92885506941675
2026-01-30,3,18,0,0,0,79.69457348820686
2026-01-30,3,19,0,0,0,63.865136132444675
2026-01-30,3,20,0,0,0,48.38680464648791
2026-01-30,3,21,0,0,0,31.062576206986655
2026-01-30,3,22,0,1,0,36.489852977392815
2026-01-30,3,23,0,0,0,24.389078225862686
2026-01-30,4,0,0,0,0,11.490923380330806
2026-01-30,4,1,0,0,0,3.5828223348502677
2026-01-30,4,2,0,0,0,12.709763280201138
2026-01-30,4,3,0,0,0,5.364396629382463
2026-01-30,4,4,0,1,0,19.500142329569506
2026-01-30,4,5,0,0,0,13.129258890610547
2026-01-30,4,6,0,0,0,23.33718203234096
2026-01-30,4,7,0,0,0,30.350511752623177
2026-01-30,4,8,0,0,0,44.985124054160636
2026-01-30,4,9,0,0,0,53.12503600957605
2026-01-30,4,10,0,0,0,47.45879373636855
2026-01-30,4,11,0,0,0,31.76320154708187
2026-01-30,4,12,0,1,0,31.775851108931185
2026-01-30,4,13,0,0,0,18.527078142596427
2026-01-30,4,14,0,0,0,17.597648835192782
2026-01-30,4,15,0,1,0,39.845342882431176
2026-01-30,4,16,0,0,0,39.525992757263055
2026-01-30,4,17,0,0,1,58.595272059808174
2026-01-30,4,18,0,1,0,68.76912015239108
2026-01-30,4,19,0,0,1,64.49918122073339
2026-01-30,4,20,0,0,0,39.87908786582041
2026-01-30,4,21,0,0,0,21.4845265329722
2026-01-30,4,22,0,0,0,20.33486981663167
2026-01-30,4,23,0,0,0,20.452178701312356
2026-01-30,5,0,0,0,0,0.0
2026-01-30,5,1,0,0,0,5.699540826943921
2026-01-30,5,2,0,0,0,1.5901454205753816
2026-01-30,5,3,0,0,0,0.0
2026-01-30,5,4,0,0,0,0.7492020967939592
2026-01-30,5,5,0,0,0,6.753709586572109
2026-01-30,5,6,0,0,0,19.02611192271434
2026-01-30,5,7,0,0,0,34.74141478342188
2026-01-30,5,8,0,0,0,53.399576373829056
2026-01-30,5,9,0,0,0,48.16160614435713
2026-01-30,5,10,0,0,0,41.91372733348132
2026-01-30,5,11,0,0,0,32.82067609909321
2026-01-30,5,12,0,1,0,22.426733418651605
2026-01-30,5,13,0,0,0,19.202167010407884
2026-01-30,5,14,0,1,0,37.226905279212154
2026-01-30,5,15,0,1,1,41.86414964783005
2026-01-30,5,16,0,0,0,31.712200993340968
2026-01-30,5,17,0,0,0,45.39657808516313
2026-01-30,5,18,0,1,0,75.94939968491836
2026-01-30,5,19,0,0,0,56.77729851830893
2026-01-30,5,20,0,0,0,36.346965167463914
2026-01-30,5,21,0,0,0,25.619210213094664
2026-01-30,5,22,0,0,0,16.0005865787018
2026-01-30,5,23,0,0,0,14.477809961968745
2026-01-31,0,0,1,0,0,19.635792463890176
2026-01-31,0,1,1,0,0,14.188223516937187
2026-01-31,0,2,1,0,0,12.593002507555306
2026-01-31,0,3,1,0,0,15.328616205561833
2026-01-31,0,4,1,0,0,15.157932744237886
2026-01-31,0,5,1,0,0,13.613103383502082
2026-01-31,0,6,1,0,0,27.445272322657093
2026-01-31,0,7,1,0,0,35.619142338325354
2026-01-31,0,8,1,0,0,48.804764784773965
2026-01-31,0,9,1,1,0,59.939984128368486
2026-01-31,0,10,1,0,0,51.120967418507725
2026-01-31,0,11,1,0,0,33.44928645340071
2026-01-31,0,12,1,1,0,42.439018677244505
2026-01-31,0,13,1,0,1,37.29826159820644
2026-01-31,0,14,1,0,0,23.022641738180525
2026-01-31,0,15,1,0,0,38.98574891214579
2026-01-31,0,16,1,0,0,38.4764840542175
2026-01-31,0,17,1,1,1,75.12216138864702
2026-01-31,0,18,1,1,0,64.69073583693245
2026-01-31,0,19,1,0,0,51.13576388126151
2026-01-31,0,20,1,0,0,42.75440496276606
2026-01-31,0,21,1,0,0,29.08753144908281
2026-01-31,0,22,1,0,0,32.425705953739
2026-01-31,0,23,1,1,0,41.6504469604737
2026-01-31,1,0,1,0,0,17.58484083939583
2026-01-31,1,1,1,0,0,13.63336048296953
2026-01-31,1,2,1,0,0,8.239784905343878
2026-01-31,1,3,1,1,0,22.01551868036966
2026-01-31,1,4,1,0,1,14.34275259354569
2026-01-31,1,5,1,1,0,15.962457253630248
2026-01-31,1,6,1,0,0,27.113391442447
2026-01-31,1,7,1,0,0,37.269191666510174
2026-01-31,1,8,1,0,0,42.71563994045829
2026-01-31,1,9,1,1,1,71.36298705571494
2026-01-31,1,10,1,0,0,39.65986832201896
2026-01-31,1,11,1,0,0,28.41061316779267
2026-01-31,1,12,1,0,0,34.496040868370244
2026-01-31,1,13,1,0,0,26.55312646155882
2026-01-31,1,14,1,1,0,37.22451570448216
2026-01-31,1,15,1,0,0,31.72197325537125
2026-01-31,1,16,1,0,0,35.327567850180344
2026-01-31,1,17,1,0,0,48.60099287479904
2026-01-31,1,18,1,0,0,48.03570587410252
2026-01-31,1,19,1,0,0,44.36621647322499
2026-01-31,1,20,1,0,0,44.40473067595726
2026-01-31,1,21,1,0,1,37.54925650699416
2026-01-31,1,22,1,0,1,31.95978048964307
2026-01-31,1,23,1,0,0,22.890670335778648
2026-01-31,2,0,1,0,0,7.729746298657782
2026-01-31,2,1,1,0,0,1.9170585174173187
2026-01-31,2,2,1,0,0,11.440182275693035
2026-01-31,2,3,1,0,0,5.345453564698667
2026-01-31,2,4,1,0,0,11.841991392992515
2026-01-31,2,5,1,0,0,0.0
2026-01-31,2,6,1,0,0,23.78245670137162
2026-01-31,2,7,1,0,0,18.496288780393726
2026-01-31,2,8,1,0,0,37.89353040164408
2026-01-31,2,9,1,0,0,38.876714582026594
2026-01-31,2,10,1,1,0,46.035180372260626
2026-01-31,2,11,1,1,0,36.834871044471036
2026-01-31,2,12,1,0,0,26.844849672617112
2026-01-31,2,13,1,0,0,16.726279009817205
2026-01-31,2,14,1,0,0,23.856957380189186
2026-01-31,2,15,1,1,0,27.553856827718512
2026-01-31,2,16,1,0,1,38.800776073604155
2026-01-31,2,17,1,0,1,52.14153226925778
2026-01-31,2,18,1,0,0,46.75070575149754
2026-01-31,2,19,1,0,0,45.10189326286369
2026-01-31,2,20,1,0,0,34.06747644862021
2026-01-31,2,21,1,0,0,22.456620445310246
2026-01-31,2,22,1,0,0,27.582557865210823
2026-01-31,2,23,1,0,0,16.08408751272189
2026-01-31,3,0,1,0,0,7.290933795905228
2026-01-31,3,1,1,1,0,16.83667355982212
2026-01-31,3,2,1,0,0,10.584848581828307
2026-01-31,3,3,1,0,0,12.803510809769737
2026-01-31,3,4,1,0,0,11.306117746747
2026-01-31,3,5,1,0,0,10.985789049338294
2026-01-31,3,6,1,0,0,25.52382772320643
2026-01-31,3,7,1,0,0,34.18825651389788
2026-01-31,3,8,1,0,0,47.56135496790041
2026-01-31,3,9,1,0,0,47.58897147141818
2026-01-31,3,10,1,0,0,43.72516126246592
2026-01-31,3,11,1,0,0,37.16089218469456
2026-01-31,3,12,1,0,0,28.091094557849
2026-01-31,3,13,1,1,0,37.73395711437733
2026-01-31,3,14,1,0,0,29.10417713393604
2026-01-31,3,15,1,0,0,31.784062481686128
2026-01-31,3,16,1,1,0,51.00416318549507
2026-01-31,3,17,1,0,0,45.76079552170377
2026-01-31,3,18,1,0,0,48.26482345760221
2026-01-31,3,19,1,1,0,58.18081230305677
2026-01-31,3,20,1,1,1,57.075527700892586
2026-01-31,3,21,1,0,0,32.71998501039949
2026-01-31,3,22,1,0,0,23.888867194302996
2026-01-31,3,23,1,0,0,32.703931987348966
2026-01-31,4,0,1,0,0,2.2899410784806182
2026-01-31,4,1,1,1,0,21.970821062426985
2026-01-31,4,2,1,0,1,16.0976591194407
2026-01-31,4,3,1,0,0,0.6154008747239512
2026-01-31,4,4,1,0,0,2.493249642663372
2026-01-31,4,5,1,0,1,12.549303593110912
2026-01-31,4,6,1,1,0,34.19268533366107
2026-01-31,4,7,1,0,0,23.429343785854655
2026-01-31,4,8,1,0,0,35.97068638881865
2026-01-31,4,9,1,0,0,39.51235201130982
2026-01-31,4,10,1,0,0,41.34802976259103
2026-01-31,4,11,1,0,0,22.42233963498291
2026-01-31,4,12,1,0,0,21.227112323049504
2026-01-31,4,13,1,1,0,31.327059692031625
2026-01-31,4,14,1,1,0,38.82643721037323
2026-01-31,4,15,1,0,0,30.10878532089592
2026-01-31,4,16,1,0,0,35.99142598164349
2026-01-31,4,17,1,0,0,43.924248312884274
2026-01-31,4,18,1,1,0,58.40620098755345
2026-01-31,4,19,1,0,0,39.97713868342178
2026-01-31,4,20,1,0,0,32.57752775381645
2026-01-31,4,21,1,0,0,23.74388951546933
2026-01-31,4,22,1,0,0,26.66787102541563
2026-01-31,4,23,1,0,0,11.23960457253423
2026-01-31,5,0,1,0,0,5.467347946207726
2026-01-31,5,1,1,0,0,4.215572868358938
2026-01-31,5,2,1,0,0,0.0
2026-01-31,5,3,1,0,0,4.096778810003838
2026-01-31,5,4,1,0,0,0.8418461414770333
2026-01-31,5,5,1,1,0,14.013653628046297
2026-01-31,5,6,1,0,0,17.398118561941423
2026-01-31,5,7,1,0,0,26.394378729848427
2026-01-31,5,8,1,0,0,31.72424279668592
2026-01-31,5,9,1,0,0,38.90558397203386
2026-01-31,5,10,1,0,0,40.38812085246253
2026-01-31,5,11,1,1,0,38.54138663886361
2026-01-31,5,12,1,0,0,21.863029065653144
2026-01-31,5,13,1,0,0,13.487688297339176
2026-01-31,5,14,1,0,0,23.528826957459188
2026-01-31,5,15,1,1,0,35.844015965263196
2026-01-31,5,16,1,0,0,27.788046764543925
2026-01-31,5,17,1,0,0,35.99639952805289
2026-01-31,5,18,1,0,0,43.77349646389276
2026-01-31,5,19,1,0,0,37.7746461334408
2026-01-31,5,20,1,1,0,47.02876705118187
2026-01-31,5,21,1,0,0,18.5695461242873
2026-01-31,5,22,1,0,0,13.121125751101452
2026-01-31,5,23,1,0,0,14.266627501006896
2026-02-01,0,0,1,0,0,11.813980028346224
2026-02-01,0,1,1,0,0,13.963498659432574
2026-02-01,0,2,1,0,0,16.671935592926634
2026-02-01,0,3,1,0,0,8.9183006919894
2026-02-01,0,4,1,0,0,13.853123219781486
2026-02-01,0,5,1,0,0,7.761898206785288
2026-02-01,0,6,1,1,0,36.62122816828471
2026-02-01,0,7,1,0,0,34.06904576264932
2026-02-01,0,8,1,0,0,49.35436685343652
2026-02-01,0,9,1,0,0,43.90043648768257
2026-02-01,0,10,1,0,0,43.40881163591825
2026-02-01,0,11,1,0,0,41.936198813245255
2026-02-01,0,12,1,0,0,27.906928989149364
2026-02-01,0,13,1,0,0,21.916939482336872
2026-02-01,0,14,1,0,0,27.825731625854207
2026-02-01,0,15,1,1,0,37.27248077075983
2026-02-01,0,16,1,0,0,40.95483336125425
2026-02-01,0,17,1,1,0,65.21102575974388
2026-02-01,0,18,1,0,0,51.78699290933638
2026-02-01,0,19,1,0,0,57.065969695741906
2026-02-01,0,20,1,0,1,44.46232629589778
2026-02-01,0,21,1,0,0,31.5070984611013
2026-02-01,0,22,1,0,0,27.309028578475857
2026-02-01,0,23,1,0,0,31.147405640077984
2026-02-01,1,0,1,1,0,23.899159312299822
2026-02-01,1,1,1,0,0,13.996508990549582
2026-02-01,1,2,1,0,0,13.11790859674546
2026-02-01,1,3,1,0,0,8.817045331301138
2026-02-01,1,4,1,0,0,6.463216973261266
2026-02-01,1,5,1,0,0,12.573533408303504
2026-02-01,1,6,1,0,1,31.99066526740322
2026-02-01,1,7,1,0,0,31.560471048619608
2026-02-01,1,8,1,0,0,41.070307665389656
2026-02-01,1,9,1,0,0,51.67484236641563
2026-02-01,1,10,1,1,0,47.49810576650984
2026-02-01,1,11,1,0,0,32.262019038448
2026-02-01,1,12,1,0,0,30.421450752390086
2026-02-01,1,13,1,0,0,16.581774413248752
2026-02-01,1,14,1,0,0,26.162414938172255
2026-02-01,1,15,1,1,0,40.96807551503342
2026-02-01,1,16,1,0,0,42.19219028004284
2026-02-01,1,17,1,0,0,44.85980585479064
2026-02-01,1,18,1,0,0,47.83694244027687
2026-02-01,1,19,1,0,0,46.916410131864254
2026-02-01,1,20,1,0,0,41.12317725438144
2026-02-01,1,21,1,0,0,30.314989353264377
2026-02-01,1,22,1,0,0,26.837608759355604
2026-02-01,1,23,1,1,0,34.17989654417309
2026-02-01,2,0,1,1,0,20.880473422271805
2026-02-01,2,1,1,0,0,1.5043365659827534
2026-02-01,2,2,1,0,0,7.657711451795333
2026-02-01,2,3,1,0,0,13.263601235905444
2026-02-01,2,4,1,0,0,15.957010458604845
2026-02-01,2,5,1,0,0,2.19581963674064
2026-02-01,2,6,1,0,0,22.50962053012764
2026-02-01,2,7,1,0,0,24.667094840640754
2026-02-01,2,8,1,0,0,45.01892521384687
2026-02-01,2,9,1,0,0,36.8072310331263
2026-02-01,2,10,1,0,0,35.63518883501147
2026-02-01,2,11,1,0,0,26.774525091282648
2026-02-01,2,12,1,1,0,36.2972475741147
2026-02-01,2,13,1,1,0,27.122735591365853
2026-02-01,2,14,1,0,0,20.083610506485364
2026-02-01,2,15,1,0,0,29.010984574812262
2026-02-01,2,16,1,0,0,33.369001572539304
2026-02-01,2,17,1,0,0,47.97946837999385
2026-02-01,2,18,1,0,0,53.13244268845362
2026-02-01,2,19,1,0,0,56.334367373495496
2026-02-01,2,20,1,0,0,38.26291124373993
2026-02-01,2,21,1,1,0,41.8139069887305
2026-02-01,2,22,1,1,0,38.91847271930747
2026-02-01,2,23,1,0,0,24.57958926999644
2026-02-01,3,0,1,1,0,23.146900150620272
2026-02-01,3,1,1,0,0,12.95654208265124
2026-02-01,3,2,1,0,0,4.913782535952686
2026-02-01,3,3,1,0,0,11.11365512917534
2026-02-01,3,4,1,0,0,9.421776271434155
2026-02-01,3,5,1,0,0,15.719282194214793
2026-02-01,3,6,1,0,0,20.05734471382139
2026-02-01,3,7,1,0,0,30.50243082465012
2026-02-01,3,8,1,0,0,52.945153880162124
2026-02-01,3,9,1,0,0,43.15192224555289
2026-02-01,3,10,1,0,0,46.44787305588202
2026-02-01,3,11,1,0,0,32.40971069371557
2026-02-01,3,12,1,1,0,29.6775281385475
2026-02-01,3,13,1,0,0,29.53319535556313
2026-02-01,3,14,1,0,0,28.281160804159867
2026-02-01,3,15,1,0,0,33.927134052234166
2026-02-01,3,16,1,0,0,39.829529065648046
2026-02-01,3,17,1,0,0,52.47770455160106
2026-02-01,3,18,1,0,0,53.97417507515537
2026-02-01,3,19,1,0,0,45.82120540466486
2026-02-01,3,20,1,0,0,33.81614657145002
2026-02-01,3,21,1,0,0,33.93244012883595
2026-02-01,3,22,1,1,0,44.04469914934909
2026-02-01,3,23,1,0,0,26.459780763212585
2026-02-01,4,0,1,0,0,2.690099953878729
2026-02-01,4,1,1,0,0,0.0
2026-02-01,4,2,1,0,1,12.02990331567376
2026-02-01,4,3,1,0,0,1.607807427223721
2026-02-01,4,4,1,0,0,1.7244502755924342
2026-02-01,4,5,1,0,1,15.77207257755687
2026-02-01,4,6,1,0,0,25.642983153171972
2026-02-01,4,7,1,1,0,42.504822600344816
2026-02-01,4,8,1,0,0,37.65626164714625
2026-02-01,4,9,1,0,0,42.14932784700151
2026-02-01,4,10,1,0,0,38.33366666054606
2026-02-01,4,11,1,0,0,28.54608222220094
2026-02-01,4,12,1,0,0,21.373782071270433
2026-02-01,4,13,1,0,1,33.67473090589569
2026-02-01,4,14,1,1,0,26.25649954185797
2026-02-01,4,15,1,0,0,22.744876317675647
2026-02-01,4,16,1,0,0,32.98882288799974
2026-02-01,4,17,1,1,0,54.64823768449978
2026-02-01,4,18,1,0,0,52.18411103570293
2026-02-01,4,19,1,0,0,41.72039322375771
2026-02-01,4,20,1,0,0,23.27829601428043
2026-02-01,4,21,1,0,0,26.76200407892698
2026-02-01,4,22,1,0,0,24.045166849200438
2026-02-01,4,23,1,0,0,16.44225028086217
2026-02-01,5,0,1,0,0,0.0
2026-02-01,5,1,1,1,0,8.264089837024889
2026-02-01,5,2,1,0,0,3.352398878656068
2026-02-01,5,3,1,0,0,3.152075165745906
2026-02-01,5,4,1,0,0,0.40830179829140123
2026-02-01,5,5,1,0,0,0.5717732367736619
2026-02-01,5,6,1,0,0,13.592466161616555
2026-02-01,5,7,1,0,0,23.726200502523717
2026-02-01,5,8,1,0,0,32.275838081465125
2026-02-01,5,9,1,0,0,39.88026448753861
2026-02-01,5,10,1,0,0,37.48546198856013
2026-02-01,5,11,1,0,0,24.210864338938613
2026-02-01,5,12,1,0,0,15.496621404061326
2026-02-01,5,13,1,0,0,14.072404476617455
2026-02-01,5,14,1,0,1,26.610416030361193
2026-02-01,5,15,1,0,0,24.075593986010585
2026-02-01,5,16,1,0,0,30.712798678581432
2026-02-01,5,17,1,0,0,36.462358223020004
2026-02-01,5,18,1,0,0,39.68559813850014
2026-02-01,5,19,1,0,0,35.67689301091191
2026-02-01,5,20,1,0,0,30.19216318167723
2026-02-01,5,21,1,0,0,26.56196109398178
2026-02-01,5,22,1,0,0,21.56384820059508
2026-02-01,5,23,1,0,0,15.14440501616893
2026-02-02,0,0,0,0,0,17.81877008201336
2026-02-02,0,1,0,0,0,13.572345540727264
2026-02-02,0,2,0,0,0,12.423165843492544
2026-02-02,0,3,0,1,0,19.764358906631312
2026-02-02,0,4,0,1,0,29.888468682503017
2026-02-02,0,5,0,0,0,15.442187510162947
2026-02-02,0,6,0,0,0,30.660611636988524
2026-02-02,0,7,0,0,0,40.16383747212767
2026-02-02,0,8,0,1,0,70.60043750321753
2026-02-02,0,9,0,0,0,61.16718980576688
2026-02-02,0,10,0,0,0,59.23219006536277
2026-02-02,0,11,0,0,0,37.53489842739511
2026-02-02,0,12,0,0,1,36.971892237932146
2026-02-02,0,13,0,0,0,27.72757832460436
2026-02-02,0,14,0,0,0,31.779517922507008
2026-02-02,0,15,0,0,0,35.07683225969477
2026-02-02,0,16,0,0,0,49.58298037832228
2026-02-02,0,17,0,1,0,74.0342499176342
2026-02-02,0,18,0,0,1,82.46011855531104
2026-02-02,0,19,0,0,0,67.71904625394946
2026-02-02,0,20,0,0,0,41.974468818130134
2026-02-02,0,21,0,0,0,42.71897726900232
2026-02-02,0,22,0,0,0,31.5720972863377
2026-02-02,0,23,0,0,0,25.736720247677773
2026-02-02,1,0,0,0,0,10.337945141908863
2026-02-02,1,1,0,0,0,4.231037645152602
2026-02-02,1,2,0,0,0,11.148604808338382
2026-02-02,1,3,0,0,0,14.915614607131214
2026-02-02,1,4,0,0,0,12.688372733757936
2026-02-02,1,5,0,0,0,4.9319791244456885
2026-02-02,1,6,0,0,0,20.946198513467714
2026-02-02,1,7,0,0,0,38.39460193731356
2026-02-02,1,8,0,0,0,46.52244240240458
2026-02-02,1,9,0,0,0,58.00185239412091
2026-02-02,1,10,0,0,0,53.407962234908865
2026-02-02,1,11,0,0,0,31.93428222274537
2026-02-02,1,12,0,0,0,35.645939712493394
2026-02-02,1,13,0,0,0,27.12523315781402
2026-02-02,1,14,0,0,0,24.008176728626886
2026-02-02,1,15,0,0,0,39.24158162679148
2026-02-02,1,16,0,0,0,42.57003274951957
2026-02-02,1,17,0,1,0,75.95320609504034
2026-02-02,1,18,0,0,0,60.99876449437997
2026-02-02,1,19,0,0,0,60.954415783096735
2026-02-02,1,20,0,0,0,43.06131752267922
2026-02-02,1,21,0,0,0,31.702797568241042
2026-02-02,1,22,0,0,0,26.841988078750987
2026-02-02,1,23,0,0,0,29.75042302028551
2026-02-02,2,0,0,0,0,10.525693325956404
2026-02-02,2,1,0,0,0,10.160542044958403
2026-02-02,2,2,0,1,0,24.997221279313685
2026-02-02,2,3,0,0,0,11.165274582806749
2026-02-02,2,4,0,0,0,9.917965121185109
2026-02-02,2,5,0,0,0,10.701590490090192
2026-02-02,2,6,0,0,0,31.787094609172673
2026-02-02,2,7,0,0,0,37.21848098508374
2026-02-02,2,8,0,0,0,49.58574481539794
2026-02-02,2,9,0,0,0,65.66780832673491
2026-02-02,2,10,0,0,0,59.36120660090622
2026-02-02,2,11,0,0,0,32.47559833313895
2026-02-02,2,12,0,0,1,30.75468802261174
2026-02-02,2,13,0,0,0,22.223827557929685
2026-02-02,2,14,0,0,0,26.47385543429658
2026-02-02,2,15,0,0,0,25.559261324102366
2026-02-02,2,16,0,0,0,47.594613545922144
2026-02-02,2,17,0,0,0,62.63045852453843
2026-02-02,2,18,0,0,0,57.967589707209356
2026-02-02,2,19,0,0,0,60.65911264556834
2026-02-02,2,20,0,0,0,43.59260593226021
2026-02-02,2,21,0,0,0,31.387220147074434
2026-02-02,2,22,0,0,0,24.168229027395068
2026-02-02,2,23,0,0,0,27.254414674797125
2026-02-02,3,0,0,0,1,21.218516193861582
2026-02-02,3,1,0,0,0,17.374385656575996
2026-02-02,3,2,0,0,0,17.94937495515088
2026-02-02,3,3,0,0,0,16.30889181981923
2026-02-02,3,4,0,1,0,19.22439240507857
2026-02-02,3,5,0,0,0,11.803840208943758
2026-02-02,3,6,0,0,0,37.23557858417004
2026-02-02,3,7,0,0,0,31.740889624205067
2026-02-02,3,8,0,0,0,59.187655432771656
2026-02-02,3,9,0,1,0,66.75958254183936
2026-02-02,3,10,0,0,0,56.25839377773026
2026-02-02,3,11,0,1,0,52.126140614320306
2026-02-02,3,12,0,0,0,24.411777513232384
2026-02-02,3,13,0,0,0,25.348577099942943
2026-02-02,3,14,0,0,0,30.38327816699225
2026-02-02,3,15,0,0,0,39.29874169428744
2026-02-02,3,16,0,0,0,47.23406922843816
2026-02-02,3,17,0,1,0,68.05042184699494
2026-02-02,3,18,0,1,0,80.13111903494175
2026-02-02,3,19,0,0,0,62.33013792575188
2026-02-02,3,20,0,0,0,47.90076076434172
2026-02-02,3,21,0,0,0,36.00702406452924
2026-02-02,3,22,0,0,0,33.924817982239375
2026-02-02,3,23,0,0,0,20.068757322066723
2026-02-02,4,0,0,1,0,17.41725933536135
2026-02-02,4,1,0,0,0,8.72600067036926
2026-02-02,4,2,0,0,0,7.512033921799621
2026-02-02,4,3,0,0,0,0.0
2026-02-02,4,4,0,0,1,9.767743740150106
2026-02-02,4,5,0,1,0,21.650330487517632
2026-02-02,4,6,0,0,0,16.450562884958224
2026-02-02,4,7,0,0,1,37.25134074026302
2026-02-02,4,8,0,0,0,53.658125819402414
2026-02-02,4,9,0,1,0,68.95167668452738
2026-02-02,4,10,0,1,0,53.27687463336235
2026-02-02,4,11,0,0,0,37.51122079662931
2026-02-02,4,12,0,0,0,18.474364383141104
2026-02-02,4,13,0,0,0,25.088607346675353
2026-02-02,4,14,0,0,0,22.594510808942097
2026-02-02,4,15,0,0,0,23.455122999084978
2026-02-02,4,16,0,0,0,44.634391298498485
2026-02-02,4,17,0,0,0,60.850069557121316
2026-02-02,4,18,0,0,0,66.80514687566962
2026-02-02,4,19,0,0,0,56.19370075362001
2026-02-02,4,20,0,0,0,36.16568154433851
2026-02-02,4,21,0,0,0,26.854625386484855
2026-02-02,4,22,0,0,0,19.448714833688104
2026-02-02,4,23,0,0,0,23.51653315252354
2026-02-02,5,0,0,1,0,10.213477972323268
2026-02-02,5,1,0,0,0,1.0395030361402964
2026-02-02,5,2,0,0,0,1.2890082191308077
2026-02-02,5,3,0,0,0,9.306747324661114
2026-02-02,5,4,0,1,0,11.844574887014936
2026-02-02,5,5,0,0,0,0.0
2026-02-02,5,6,0,0,0,25.203211133930594
2026-02-02,5,7,0,0,0,29.83757933881636
2026-02-02,5,8,0,0,0,48.14680208217302
2026-02-02,5,9,0,0,0,49.34433902162681
2026-02-02,5,10,0,0,0,37.36512346393089
2026-02-02,5,11,0,0,0,27.288889324467235
2026-02-02,5,12,0,1,0,28.1212654200196
2026-02-02,5,13,0,0,0,14.902262784080161
2026-02-02,5,14,0,0,0,20.425454503682836
2026-02-02,5,15,0,0,0,24.74207059090363
2026-02-02,5,16,0,1,0,52.954721406225694
2026-02-02,5,17,0,0,1,59.61589798492793
2026-02-02,5,18,0,0,0,61.0599135422075
2026-02-02,5,19,0,0,0,55.25045020221697
2026-02-02,5,20,0,1,0,50.07999201554556
2026-02-02,5,21,0,1,0,39.51408142363064
2026-02-02,5,22,0,0,0,18.331078839293085
2026-02-02,5,23,0,0,0,16.99322130476004
2026-02-03,0,0,0,0,0,11.302792481415104
2026-02-03,0,1,0,1,0,20.490062438586246
2026-02-03,0,2,0,0,0,12.602695842147277
2026-02-03,0,3,0,0,0,16.172814530329337
2026-02-03,0,4,0,0,0,16.216835336640933
2026-02-03,0,5,0,0,0,12.680434410781947
2026-02-03,0,6,0,0,1,35.56819786839692
2026-02-03,0,7,0,0,0,39.21714990843942
2026-02-03,0,8,0,0,0,56.50653641305434
2026-02-03,0,9,0,1,0,69.85050473886622
2026-02-03,0,10,0,1,0,66.42939936840237
2026-02-03,0,11,0,0,0,39.83145529222393
2026-02-03,0,12,0,0,0,31.110640901050843
2026-02-03,0,13,0,0,0,28.540174064429834
2026-02-03,0,14,0,1,0,39.91738824649097
2026-02-03,0,15,0,0,0,45.497061135321346
2026-02-03,0,16,0,0,0,51.07157405459657
2026-02-03,0,17,0,0,0,59.878425404841515
2026-02-03,0,18,0,0,0,63.60937048887288
2026-02-03,0,19,0,1,0,78.7273339817969
2026-02-03,0,20,0,0,0,53.50016379323457
2026-02-03,0,21,0,0,1,45.7199853054419
2026-02-03,0,22,0,1,0,48.83023933563986
2026-02-03,0,23,0,0,0,26.039465436775114
2026-02-03,1,0,0,1,0,15.090741906980021
2026-02-03,1,1,0,0,0,8.763526776827174
2026-02-03,1,2,0,0,0,12.562070837474975
2026-02-03,1,3,0,0,0,7.089533301961117
2026-02-03,1,4,0,0,0,12.662255994061132
2026-02-03,1,5,0,0,0,17.51896447637302
2026-02-03,1,6,0,0,0,25.459601378509902
2026-02-03,1,7,0,0,0,35.04338361300091
2026-02-03,1,8,0,1,0,64.63306981959195
2026-02-03,1,9,0,0,0,61.24295396770524
2026-02-03,1,10,0,1,1,69.57860198817325
2026-02-03,1,11,0,0,0,39.608643671537585
2026-02-03,1,12,0,1,0,38.1979759479184
2026-02-03,1,13,0,0,0,26.712838328986827
2026-02-03,1,14,0,0,0,30.34955797611265
2026-02-03,1,15,0,0,0,37.2827950285847
2026-02-03,1,16,0,0,0,46.04266344301997
2026-02-03,1,17,0,0,0,61.28364163957259
2026-02-03,1,18,0,0,0,63.09812710430713
2026-02-03,1,19,0,0,0,57.267998657089024
2026-02-03,1,20,0,0,0,54.50517126567711
2026-02-03,1,21,0,0,0,37.544817386484176
2026-02-03,1,22,0,0,0,31.030687535641903
2026-02-03,1,23,0,0,0,24.232451861945705
2026-02-03,2,0,0,0,0,7.654149578271518
2026-02-03,2,1,0,1,0,25.735139869289398
2026-02-03,2,2,0,0,0,11.03608680243534
2026-02-03,2,3,0,0,0,7.057934204366126
2026-02-03,2,4,0,0,0,11.143542957491976
2026-02-03,2,5,0,0,0,10.742465441133414
2026-02-03,2,6,0,0,0,32.159634020394854
2026-02-03,2,7,0,0,0,32.35463878699231
2026-02-03,2,8,0,0,0,55.061463004510195
2026-02-03,2,9,0,0,0,60.71172340429046
2026-02-03,2,10,0,0,0,51.64883856058152
2026-02-03,2,11,0,1,1,51.14537233701693
2026-02-03,2,12,0,1,0,34.10321276677267
2026-02-03,2,13,0,0,0,24.832567979686008
2026-02-03,2,14,0,0,0,24.656456918955577
2026-02-03,2,15,0,0,0,26.776359432300705
2026-02-03,2,16,0,0,0,43.74309252585856
2026-02-03,2,17,0,0,0,59.65305746152478
2026-02-03,2,18,0,0,0,68.50632638871922
2026-02-03,2,19,0,0,0,50.47070556389843
2026-02-03,2,20,0,0,0,49.83510647694585
2026-02-03,2,21,0,1,0,41.74889675058085
2026-02-03,2,22,0,0,0,23.630231422188015
2026-02-03,2,23,0,0,0,19.19886670659257
2026-02-03,3,0,0,0,0,9.430282100743137
2026-02-03,3,1,0,0,0,11.183063250125706
2026-02-03,3,2,0,0,0,13.817992218222384
2026-02-03,3,3,0,0,0,13.027723513184094
2026-02-03,3,4,0,0,0,17.912750591958055
2026-02-03,3,5,0,0,0,13.57156898817305
2026-02-03,3,6,0,0,0,26.92055714545713
2026-02-03,3,7,0,0,0,37.7948517079894
2026-02-03,3,8,0,0,0,54.12520000228605
2026-02-03,3,9,0,0,1,63.953144798542844
2026-02-03,3,10,0,0,0,54.59347739109563
2026-02-03,3,11,0,0,0,32.537638620517924
2026-02-03,3,12,0,0,0,31.03756195711024
2026-02-03,3,13,0,0,0,20.721579679280254
2026-02-03,3,14,0,0,0,31.02698933137496
2026-02-03,3,15,0,0,0,33.12955994050009
2026-02-03,3,16,0,0,0,46.92067699421339
2026-02-03,3,17,0,0,0,62.699540850325384
2026-02-03,3,18,0,0,0,72.8356638668745
2026-02-03,3,19,0,1,0,70.52670117576646
2026-02-03,3,20,0,0,0,48.91669406117337
2026-02-03,3,21,0,0,0,38.35701160513584
2026-02-03,3,22,0,0,0,24.388008628246613
2026-02-03,3,23,0,0,0,32.28242125444872
2026-02-03,4,0,0,0,0,0.009962113545713969
2026-02-03,4,1,0,0,0,4.061315289338843
2026-02-03,4,2,0,0,1,18.324098040416853
2026-02-03,4,3,0,1,0,14.511360905925654
2026-02-03,4,4,0,0,0,3.0800694274034868
2026-02-03,4,5,0,0,0,2.8067849958890085
2026-02-03,4,6,0,0,0,21.33239629772536
2026-02-03,4,7,0,0,0,36.81618043365442
2026-02-03,4,8,0,0,0,48.46114486441378
2026-02-03,4,9,0,0,0,55.15138519400915
2026-02-03,4,10,0,0,0,51.87131984301578
2026-02-03,4,11,0,0,0,30.700465067105018
2026-02-03,4,12,0,0,0,28.0550305946266
2026-02-03,4,13,0,0,0,22.388722726630228
2026-02-03,4,14,0,0,0,21.08927500216609
2026-02-03,4,15,0,0,1,31.916651628641187
2026-02-03,4,16,0,0,0,44.70517622003528
2026-02-03,4,17,0,0,0,59.10207511923956
2026-02-03,4,18,0,0,0,58.77004517361403
2026-02-03,4,19,0,0,0,53.4977301985809
2026-02-03,4,20,0,0,0,36.27610062085895
2026-02-03,4,21,0,0,0,29.488536635497244
2026-02-03,4,22,0,0,0,30.080848150286236
2026-02-03,4,23,0,0,0,29.39673922416334
2026-02-03,5,0,0,0,0,0.0
2026-02-03,5,1,0,0,0,0.0
2026-02-03,5,2,0,0,0,0.0
2026-02-03,5,3,0,0,0,0.6510767927416263
2026-02-03,5,4,0,0,0,4.146234673649719
2026-02-03,5,5,0,0,0,0.0
2026-02-03,5,6,0,0,0,19.509020019253857
2026-02-03,5,7,0,0,0,23.38919458049931
2026-02-03,5,8,0,0,0,42.43620487961783
2026-02-03,5,9,0,1,0,62.142109822626814
2026-02-03,5,10,0,0,0,51.29252980499872
2026-02-03,5,11,0,0,0,28.78541143444088
2026-02-03,5,12,0,0,0,19.50704646983231
2026-02-03,5,13,0,0,0,12.582205207257408
2026-02-03,5,14,0,0,0,19.12013003407949
2026-02-03,5,15,0,0,0,25.021194081777274
2026-02-03,5,16,0,0,0,32.02203891143694
2026-02-03,5,17,0,0,0,52.79962947527764
2026-02-03,5,18,0,0,0,63.63566779827395
2026-02-03,5,19,0,0,0,51.43823420893667
2026-02-03,5,20,0,0,0,38.20784989208623
2026-02-03,5,21,0,0,0,29.57170271812158
2026-02-03,5,22,0,0,1,28.322761794878808
2026-02-03,5,23,0,0,0,23.371393671608796
2026-02-04,0,0,0,0,0,14.538366975597727
2026-02-04,0,1,0,0,1,19.304389296989108
2026-02-04,0,2,0,0,0,13.617716078024412
2026-02-04,0,3,0,1,0,25.512913782405047
2026-02-04,0,4,0,0,0,7.591483976391044
2026-02-04,0,5,0,1,0,25.844552037181433
2026-02-04,0,6,0,0,0,31.480328782184813
2026-02-04,0,7,0,0,0,45.945283739506195
2026-02-04,0,8,0,0,0,59.91140738565891
2026-02-04,0,9,0,0,0,61.68836182958269
2026-02-04,0,10,0,0,0,60.42200883803372
2026-02-04,0,11,0,0,1,44.644052497839226
2026-02-04,0,12,0,0,0,34.20028350704722
2026-02-04,0,13,0,1,0,45.702372727615064
2026-02-04,0,14,0,0,0,31.669143644948072
2026-02-04,0,15,0,0,0,41.08118639315831
2026-02-04,0,16,0,0,0,43.397479522723664
2026-02-04,0,17,0,0,0,58.58783272880967
2026-02-04,0,18,0,0,0,66.07380646400999
2026-02-04,0,19,0,0,0,62.09670308708953
2026-02-04,0,20,0,1,0,60.42558299637756
2026-02-04,0,21,0,0,0,34.74518107314952
2026-02-04,0,22,0,0,0,33.4045734071141
2026-02-04,0,23,0,0,0,27.158465899693105
2026-02-04,1,0,0,0,0,10.355102498972048
2026-02-04,1,1,0,1,0,20.167164554388332
2026-02-04,1,2,0,1,0,25.383393559206418
2026-02-04,1,3,0,0,0,17.34206608484338
2026-02-04,1,4,0,0,0,15.938861474533997
2026-02-04,1,5,0,0,0,14.501103716010462
2026-02-04,1,6,0,0,0,23.925738021761546
2026-02-04,1,7,0,1,0,50.29384046665682
2026-02-04,1,8,0,0,0,46.39548028525739
2026-02-04,1,9,0,0,0,60.60887268782122
2026-02-04,1,10,0,1,0,64.40742554219308
2026-02-04,1,11,0,0,0,46.147803269491206
2026-02-04,1,12,0,0,1,43.413481064749114
2026-02-04,1,13,0,0,0,22.483560646494595
2026-02-04,1,14,0,0,0,25.94154017049355
2026-02-04,1,15,0,0,0,36.709942824526614
2026-02-04,1,16,0,0,0,50.213479545933666
2026-02-04,1,17,0,0,0,62.332257122005075
2026-02-04,1,18,0,0,0,74.12332225283389
2026-02-04,1,19,0,0,1,67.99420350209569
2026-02-04,1,20,0,1,0,60.26550648862995
2026-02-04,1,21,0,0,0,35.671503802444136
2026-02-04,1,22,0,0,0,25.07273954791046
2026-02-04,1,23,0,1,0,43.607170838806084
2026-02-04,2,0,0,0,0,3.55339117977063
2026-02-04,2,1,0,0,0,15.522091637529972
2026-02-04,2,2,0,0,0,5.503214753624641
2026-02-04,2,3,0,0,0,13.09231750807552
2026-02-04,2,4,0,1,1,25.419615954456823
2026-02-04,2,5,0,0,0,10.987760912632032
2026-02-04,2,6,0,0,0,29.85699633865846
2026-02-04,2,7,0,0,0,37.65001508950322
2026-02-04,2,8,0,0,0,55.440107697750726
2026-02-04,2,9,0,0,0,55.52201858598521
2026-02-04,2,10,0,1,0,63.89548079387901
2026-02-04,2,11,0,0,0,32.8239148047532
2026-02-04,2,12,0,0,0,19.58933025127105
2026-02-04,2,13,0,0,0,24.8124798044343
2026-02-04,2,14,0,0,0,26.59267106970189
2026-02-04,2,15,0,0,0,28.328718409777935
2026-02-04,2,16,0,0,0,50.38747108503653
2026-02-04,2,17,0,1,0,64.73199090628465
2026-02-04,2,18,0,0,0,66.35185683247774
2026-02-04,2,19,0,0,0,61.69938341217313
2026-02-04,2,20,0,1,0,52.41082907320023
2026-02-04,2,21,0,0,0,31.39160727142139
2026-02-04,2,22,0,0,0,24.286549781186924
2026-02-04,2,23,0,0,0,24.58460996831966
2026-02-04,3,0,0,0,0,8.212297433560668
2026-02-04,3,1,0,0,0,5.048999477340392
2026-02-04,3,2,0,0,0,12.625910937640105
2026-02-04,3,3,0,0,0,8.33516704207019
2026-02-04,3,4,0,0,1,13.354598690190713
2026-02-04,3,5,0,1,0,21.86378113253875
2026-02-04,3,6,0,0,0,33.14090735033206
2026-02-04,3,7,0,0,0,39.22269528857676
2026-02-04,3,8,0,1,0,63.21351561165997
2026-02-04,3,9,0,0,0,56.1117332096946
2026-02-04,3,10,0,0,0,60.56668277196808
2026-02-04,3,11,0,0,0,43.360772123743395
2026-02-04,3,12,0,0,0,32.082984606245375
2026-02-04,3,13,0,0,0,30.469721836887157
2026-02-04,3,14,0,0,0,22.106944540873734
2026-02-04,3,15,0,0,1,39.50360071743801
2026-02-04,3,16,0,1,0,56.43920334186652
2026-02-04,3,17,0,0,0,61.65289548685294
2026-02-04,3,18,0,0,0,68.06363719765335
2026-02-04,3,19,0,1,0,76.75872269018062
2026-02-04,3,20,0,0,0,51.12816623891213
2026-02-04,3,21,0,0,0,34.17103675429998
2026-02-04,3,22,0,0,0,33.91222933857929
2026-02-04,3,23,0,0,0,27.280182366025215
2026-02-04,4,0,0,0,0,11.61071292266194
2026-02-04,4,1,0,0,0,13.768734059891454
2026-02-04,4,2,0,0,0,0.0
2026-02-04,4,3,0,1,0,17.637458067135096
2026-02-04,4,4,0,0,0,7.275792200412145
2026-02-04,4,5,0,0,0,11.856079978903981
2026-02-04,4,6,0,0,0,19.267879608698898
2026-02-04,4,7,0,0,0,27.58479530885096
2026-02-04,4,8,0,0,0,46.500946618730566
2026-02-04,4,9,0,0,0,58.66626196591115
2026-02-04,4,10,0,0,0,48.88238351965086
2026-02-04,4,11,0,0,0,34.9968632195837
2026-02-04,4,12,0,0,1,31.87766092494746
2026-02-04,4,13,0,0,0,17.21946137122158
2026-02-04,4,14,0,1,0,32.62089397607026
2026-02-04,4,15,0,0,0,29.170538228231013
2026-02-04,4,16,0,1,0,49.22476167018993
2026-02-04,4,17,0,1,0,62.9572437324233
2026-02-04,4,18,0,0,0,64.88235392518702
2026-02-04,4,19,0,0,0,61.031976150304715
2026-02-04,4,20,0,0,0,42.56779582161465
2026-02-04,4,21,0,0,0,27.642326514472675
2026-02-04,4,22,0,1,0,29.814754154592084
2026-02-04,4,23,0,0,0,15.948095162401863
2026-02-04,5,0,0,0,0,0.0
2026-02-04,5,1,0,0,0,0.3992312044772821
2026-02-04,5,2,0,0,0,5.001526677687622
2026-02-04,5,3,0,0,0,4.0120042716396505
2026-02-04,5,4,0,0,0,5.898769848555754
2026-02-04,5,5,0,0,0,4.295803796592242
2026-02-04,5,6,0,0,0,16.53613674273872
2026-02-04,5,7,0,0,0,26.996755998435834
2026-02-04,5,8,0,1,0,51.65152161754566
2026-02-04,5,9,0,0,0,50.95519378438709
2026-02-04,5,10,0,0,0,42.45907953106657
2026-02-04,5,11,0,0,0,34.62005233821973
2026-02-04,5,12,0,0,0,24.495251474906173
2026-02-04,5,13,0,0,0,12.761744207690414
2026-02-04,5,14,0,0,0,18.47638412495153
2026-02-04,5,15,0,0,0,24.154268947626107
2026-02-04,5,16,0,0,0,36.60570834170987
2026-02-04,5,17,0,0,1,59.58382733510092
2026-02-04,5,18,0,0,0,60.817132139386224
2026-02-04,5,19,0,0,0,50.67696019531397
2026-02-04,5,20,0,0,0,37.88261223125075
2026-02-04,5,21,0,0,0,24.750936258343256
2026-02-04,5,22,0,0,0,16.088737218216448
2026-02-04,5,23,0,0,0,22.922999823818557
2026-02-05,0,0,0,0,0,6.36345079265748
2026-02-05,0,1,0,0,0,10.06267963697715
2026-02-05,0,2,0,0,0,10.966758224214475
2026-02-05,0,3,0,0,0,10.272881167276157
2026-02-05,0,4,0,0,0,17.349059434221285
2026-02-05,0,5,0,1,0,29.839800675129336
2026-02-05,0,6,0,0,0,27.038737126933515
2026-02-05,0,7,0,0,0,40.75232229539641
2026-02-05,0,8,0,0,1,57.16071320063101
2026-02-05,0,9,0,1,1,77.80450953554222
2026-02-05,0,10,0,0,0,58.76634541645911
2026-02-05,0,11,0,0,0,39.89405344309248
2026-02-05,0,12,0,0,0,37.92408539147907
2026-02-05,0,13,0,0,0,32.25726981074968
2026-02-05,0,14,0,0,0,34.25277313342538
2026-02-05,0,15,0,0,0,34.7427500259443
2026-02-05,0,16,0,0,0,44.426030253223686
2026-02-05,0,17,0,1,0,73.69836757745229
2026-02-05,0,18,0,0,0,77.82224341205897
2026-02-05,0,19,0,0,0,62.37996817273698
2026-02-05,0,20,0,1,0,58.69670504624599
2026-02-05,0,21,0,0,0,33.92417305829633
2026-02-05,0,22,0,0,0,29.543590062637207
2026-02-05,0,23,0,0,0,24.23371381728023
2026-02-05,1,0,0,0,0,6.88679360696129
2026-02-05,1,1,0,0,0,12.9431877172465
2026-02-05,1,2,0,0,0,7.282382593617676
2026-02-05,1,3,0,0,0,8.615293169366868
2026-02-05,1,4,0,0,0,9.639109835586144
2026-02-05,1,5,0,1,0,22.04224589600126
2026-02-05,1,6,0,0,0,27.596905654727422
2026-02-05,1,7,0,0,0,36.973615886316054
2026-02-05,1,8,0,0,0,51.52701310223202
2026-02-05,1,9,0,0,0,56.851091843362
2026-02-05,1,10,0,0,0,51.13426378278825
2026-02-05,1,11,0,0,0,39.26762154453479
2026-02-05,1,12,0,0,0,29.101244922712496
2026-02-05,1,13,0,0,0,19.362430354669875
2026-02-05,1,14,0,1,0,38.616261802003955
2026-02-05,1,15,0,0,0,31.720911926430706
2026-02-05,1,16,0,0,0,43.899995673606156
2026-02-05,1,17,0,0,0,60.329606969570285
2026-02-05,1,18,0,0,0,64.75078175556203
2026-02-05,1,19,0,0,0,55.774708552472006
2026-02-05,1,20,0,0,0,50.38765363706413
2026-02-05,1,21,0,0,0,35.94833643639372
2026-02-05,1,22,0,0,0,28.975409067687647
2026-02-05,1,23,0,0,0,26.68902280687238
2026-02-05,2,0,0,1,0,15.884313559860043
2026-02-05,2,1,0,0,0,0.32381236961759186
2026-02-05,2,2,0,0,0,13.051051540860923
2026-02-05,2,3,0,0,0,9.843412486377115
2026-02-05,2,4,0,0,0,11.132120533332452
2026-02-05,2,5,0,0,0,9.396573445510304
2026-02-05,2,6,0,0,0,24.227110558333322
2026-02-05,2,7,0,0,0,32.123354407396185
2026-02-05,2,8,0,0,0,54.82609196673198
2026-02-05,2,9,0,0,0,69.39540166998287
2026-02-05,2,10,0,0,0,53.47210166629109
2026-02-05,2,11,0,0,0,35.375380087237666
2026-02-05,2,12,0,0,0,23.654821317354966
2026-02-05,2,13,0,1,0,33.92135904990413
2026-02-05,2,14,0,0,0,26.51242982150594
2026-02-05,2,15,0,0,0,34.85543344037262
2026-02-05,2,16,0,0,0,40.50397321783431
2026-02-05,2,17,0,0,0,59.02840596201271
2026-02-05,2,18,0,0,0,68.13332593386758
2026-02-05,2,19,0,0,0,57.5597840797524
2026-02-05,2,20,0,0,0,44.013095633164056
2026-02-05,2,21,0,0,0,32.762996296386135
2026-02-05,2,22,0,0,0,25.244097889675036
2026-02-05,2,23,0,0,0,20.44612325380354
2026-02-05,3,0,0,0,0,15.492705769854622
2026-02-05,3,1,0,0,0,13.556350016204707
2026-02-05,3,2,0,1,0,19.943179688285923
2026-02-05,3,3,0,0,1,19.80291473101216
2026-02-05,3,4,0,0,0,12.886148410200537
2026-02-05,3,5,0,0,0,11.704247871077442
2026-02-05,3,6,0,0,0,31.01238842504313
2026-02-05,3,7,0,1,0,55.61838936815284
2026-02-05,3,8,0,0,0,52.97911200670245
2026-02-05,3,9,0,1,0,76.8456274500399
2026-02-05,3,10,0,0,0,54.38021434882372
2026-02-05,3,11,0,0,1,46.93851795825195
2026-02-05,3,12,0,0,0,30.65097135668309
2026-02-05,3,13,0,0,0,19.976354788806432
2026-02-05,3,14,0,1,0,34.427792337756784
2026-02-05,3,15,0,0,0,33.376715288525006
2026-02-05,3,16,0,0,0,50.28386718887331
2026-02-05,3,17,0,1,0,68.16946259533479
2026-02-05,3,18,0,0,0,74.21071978273689
2026-02-05,3,19,0,0,0,57.70521816012672
2026-02-05,3,20,0,0,0,51.064981659815416
2026-02-05,3,21,0,0,0,35.03314055501009
2026-02-05,3,22,0,0,0,31.267101958104366
2026-02-05,3,23,0,0,0,27.220794228999267
2026-02-05,4,0,0,0,0,1.6460402333007806
2026-02-05,4,1,0,0,0,3.2615392713452307
2026-02-05,4,2,0,0,1,17.32730693288261
2026-02-05,4,3,0,0,0,5.097108178186441
2026-02-05,4,4,0,0,0,1.064025315534911
2026-02-05,4,5,0,0,0,13.582908601759938
2026-02-05,4,6,0,0,0,24.800704845048035
2026-02-05,4,7,0,0,0,30.83677795766093
2026-02-05,4,8,0,0,0,36.50847534055923
2026-02-05,4,9,0,0,1,66.76770053744897
2026-02-05,4,10,0,1,0,48.014088345960076
2026-02-05,4,11,0,0,0,37.752804605654305
2026-02-05,4,12,0,0,0,16.703566416661964
2026-02-05,4,13,0,1,0,36.70919475257581
2026-02-05,4,14,0,0,0,21.68758078053992
2026-02-05,4,15,0,0,0,25.294186640206373
2026-02-05,4,16,0,0,0,34.10958132033447
2026-02-05,4,17,0,0,0,52.304022445489295
2026-02-05,4,18,0,0,0,55.73409284274085
2026-02-05,4,19,0,0,0,53.77798977227914
2026-02-05,4,20,0,0,1,46.345887786044294
2026-02-05,4,21,0,0,0,26.692865808054805
2026-02-05,4,22,0,1,0,25.767836327479625
2026-02-05,4,23,0,0,0,13.09397205364752
2026-02-05,5,0,0,0,1,6.542427179163859
2026-02-05,5,1,0,0,0,2.682406760135631
2026-02-05,5,2,0,0,0,0.8585493092450687
2026-02-05,5,3,0,0,0,3.2542145212593967
2026-02-05,5,4,0,0,0,0.0
2026-02-05,5,5,0,0,0,3.589135376095959
2026-02-05,5,6,0,0,0,17.950052833748583
2026-02-05,5,7,0,0,1,39.81266595815459
2026-02-05,5,8,0,0,0,40.84117849524684
2026-02-05,5,9,0,0,0,51.99129939214553
2026-02-05,5,10,0,1,0,54.18690790461302
2026-02-05,5,11,0,0,0,33.14173774925736
2026-02-05,5,12,0,0,0,17.239437403409596
2026-02-05,5,13,0,0,0,16.54382529562185
2026-02-05,5,14,0,0,0,18.357768602377746
2026-02-05,5,15,0,0,0,23.51327825818621
2026-02-05,5,16,0,0,0,45.20799155155699
2026-02-05,5,17,0,0,1,64.27383989395383
2026-02-05,5,18,0,0,0,60.41364260608059
2026-02-05,5,19,0,0,0,49.27953351595114
2026-02-05,5,20,0,0,0,35.71046606282665
2026-02-05,5,21,0,0,0,20.330178507670706
2026-02-05,5,22,0,0,0,17.55603280169956
2026-02-05,5,23,0,1,0,27.624679275332078
2026-02-06,0,0,0,0,0,10.150949762552624
2026-02-06,0,1,0,1,0,29.68895259072139
2026-02-06,0,2,0,0,0,15.906470601291115
2026-02-06,0,3,0,0,0,15.55735232390383
2026-02-06,0,4,0,0,0,13.66507261488421
2026-02-06,0,5,0,0,0,16.159940717300522
2026-02-06,0,6,0,0,0,31.3263984164191
2026-02-06,0,7,0,0,0,40.518278228105515
2026-02-06,0,8,0,0,0,53.54239685001512
2026-02-06,0,9,0,0,0,67.9463576143545
2026-02-06,0,10,0,0,0,59.64597760016238
2026-02-06,0,11,0,0,0,40.3291503228129
2026-02-06,0,12,0,0,0,33.1473095029561
2026-02-06,0,13,0,0,0,25.281437861948334
2026-02-06,0,14,0,1,0,31.603664781881818
2026-02-06,0,15,0,0,0,35.672173266265474
2026-02-06,0,16,0,0,0,46.082531517949306
2026-02-06,0,17,0,0,0,64.72512181735401
2026-02-06,0,18,0,0,0,72.01449493789747
2026-02-06,0,19,0,0,0,61.4277829930496
2026-02-06,0,20,0,0,0,56.38688963570152
2026-02-06,0,21,0,0,0,32.52402273981167
2026-02-06,0,22,0,0,0,29.787777438516404
2026-02-06,0,23,0,0,0,30.317243360739184
2026-02-06,1,0,0,0,0,9.435459054709575
2026-02-06,1,1,0,0,1,22.2805386813114
2026-02-06,1,2,0,0,0,13.992271494956114
2026-02-06,1,3,0,0,0,17.401033090873746
2026-02-06,1,4,0,0,0,8.45715889574621
2026-02-06,1,5,0,0,0,11.005151019567736
2026-02-06,1,6,0,0,0,27.567615498743614
2026-02-06,1,7,0,0,0,39.37121252706348
2026-02-06,1,8,0,0,1,62.79815704960155
2026-02-06,1,9,0,1,0,74.66409775168698
2026-02-06,1,10,0,1,0,60.87958070204319
2026-02-06,1,11,0,0,1,43.788319071864855
2026-02-06,1,12,0,0,0,23.825708046775116
2026-02-06,1,13,0,1,0,40.71588943270639
2026-02-06,1,14,0,0,0,22.849752491529856
2026-02-06,1,15,0,0,0,31.895699991932865
2026-02-06,1,16,0,0,0,43.40014454659036
2026-02-06,1,17,0,0,1,70.79919729784571
2026-02-06,1,18,0,0,0,65.7281316527067
2026-02-06,1,19,0,0,0,56.66981892881204
2026-02-06,1,20,0,0,1,52.362601665081364
2026-02-06,1,21,0,0,0,40.38557343829036
2026-02-06,1,22,0,0,0,25.025026964730337
2026-02-06,1,23,0,0,0,26.088866841424018
2026-02-06,2,0,0,1,0,19.30733524845845
2026-02-06,2,1,0,0,0,12.444615639222445
2026-02-06,2,2,0,0,0,3.3644585647543312
2026-02-06,2,3,0,0,0,6.237116452679855
2026-02-06,2,4,0,0,0,5.106774940201873
2026-02-06,2,5,0,0,1,24.406647618318722
2026-02-06,2,6,0,1,0,41.957401932780606
2026-02-06,2,7,0,0,0,32.914297136655506
2026-02-06,2,8,0,0,0,47.542130832012695
2026-02-06,2,9,0,0,0,59.75003995807511
2026-02-06,2,10,0,0,0,47.32047412864888
2026-02-06,2,11,0,0,0,34.27533275659117
2026-02-06,2,12,0,0,0,26.80517639880437
2026-02-06,2,13,0,1,0,29.53414977003785
2026-02-06,2,14,0,0,0,26.929143405595525
2026-02-06,2,15,0,0,0,38.06831164120749
2026-02-06,2,16,0,0,1,51.974384482243835
2026-02-06,2,17,0,0,0,50.61327442565114
2026-02-06,2,18,0,1,0,73.86014823803825
2026-02-06,2,19,0,0,0,54.19716591125199
2026-02-06,2,20,0,0,0,45.54785923094968
2026-02-06,2,21,0,0,0,34.96273343318188
2026-02-06,2,22,0,0,0,27.03454477043443
2026-02-06,2,23,0,1,0,44.49360409895216
2026-02-06,3,0,0,0,0,8.353282908400733
2026-02-06,3,1,0,0,0,14.045694322169762
2026-02-06,3,2,0,0,0,6.441920240644933
2026-02-06,3,3,0,0,0,8.634206556165084
2026-02-06,3,4,0,0,0,9.023553032589538
2026-02-06,3,5,0,1,0,21.50282556707179
2026-02-06,3,6,0,0,0,34.67735395042186
2026-02-06,3,7,0,0,0,37.510911981072915
2026-02-06,3,8,0,0,1,66.34022376193674
2026-02-06,3,9,0,0,0,62.356860637244175
2026-02-06,3,10,0,1,0,58.84089712614325
2026-02-06,3,11,0,0,0,31.240985684897687
2026-02-06,3,12,0,0,0,28.466373493127286
2026-02-06,3,13,0,0,0,31.30928587428682
2026-02-06,3,14,0,1,0,36.88253889631645
2026-02-06,3,15,0,1,0,48.763602676946434
2026-02-06,3,16,0,0,0,49.91547587310163
2026-02-06,3,17,0,0,0,56.467952177554594
2026-02-06,3,18,0,0,0,67.40598087794388
2026-02-06,3,19,0,0,0,61.932563114455085
2026-02-06,3,20,0,0,0,45.172176567610876
2026-02-06,3,21,0,0,0,34.51587595113554
2026-02-06,3,22,0,0,0,26.701359591527144
2026-02-06,3,23,0,1,0,44.28110303546939
2026-02-06,4,0,0,0,0,11.618096208371519
2026-02-06,4,1,0,0,0,10.707612338225257
2026-02-06,4,2,0,1,0,14.447098887459461
2026-02-06,4,3,0,0,0,9.44447408938299
2026-02-06,4,4,0,0,0,0.0
2026-02-06,4,5,0,0,0,0.9374197083711477
2026-02-06,4,6,0,1,0,34.55602683942589
2026-02-06,4,7,0,1,0,40.90109898965421
2026-02-06,4,8,0,0,0,49.37456964737387
2026-02-06,4,9,0,0,0,51.22231917820077
2026-02-06,4,10,0,1,0,55.16075291656973
2026-02-06,4,11,0,0,0,36.561372085535886
2026-02-06,4,12,0,0,0,20.196092051147918
2026-02-06,4,13,0,0,0,18.871007672921362
2026-02-06,4,14,0,0,0,26.74631685539965
2026-02-06,4,15,0,0,0,22.929979172318227
2026-02-06,4,16,0,0,0,35.324472445945794
2026-02-06,4,17,0,0,0,54.85557012200998
2026-02-06,4,18,0,0,0,66.87891741456302
2026-02-06,4,19,0,0,0,62.17142888482936
2026-02-06,4,20,0,0,0,35.13957858157724
2026-02-06,4,21,0,0,0,28.25621362414396
2026-02-06,4,22,0,0,0,18.5824948056327
2026-02-06,4,23,0,1,0,29.41929749333923
2026-02-06,5,0,0,0,0,5.31974532201729
2026-02-06,5,1,0,0,0,0.0
2026-02-06,5,2,0,0,0,0.46051151524257183
2026-02-06,5,3,0,0,0,0.8331693298653458
2026-02-06,5,4,0,0,0,1.194964283118051
2026-02-06,5,5,0,0,0,5.1237940940602265
2026-02-06,5,6,0,0,0,21.935537899434227
2026-02-06,5,7,0,0,0,29.729901737031593
2026-02-06,5,8,0,0,0,39.93927888685205
2026-02-06,5,9,0,0,0,46.96666367536344
2026-02-06,5,10,0,0,0,46.70950522268809
2026-02-06,5,11,0,0,1,37.774075003319126
2026-02-06,5,12,0,0,0,26.68397205232161
2026-02-06,5,13,0,0,0,15.47839239949249
2026-02-06,5,14,0,0,0,23.07313464626788
2026-02-06,5,15,0,0,0,22.488308529383154
2026-02-06,5,16,0,0,0,34.841380296712266
2026-02-06,5,17,0,0,1,60.35289340786218
2026-02-06,5,18,0,0,0,52.49135039135335
2026-02-06,5,19,0,0,1,56.962651700531055
2026-02-06,5,20,0,0,0,39.420472741731835
2026-02-06,5,21,0,0,0,18.23536784579412
2026-02-06,5,22,0,0,0,25.644300491676024
2026-02-06,5,23,0,0,0,17.61916199067774
2026-02-07,0,0,1,0,0,15.252367776261382
2026-02-07,0,1,1,0,0,16.088898400956595
2026-02-07,0,2,1,0,1,19.909035179435698
2026-02-07,0,3,1,0,0,12.30837779504704
2026-02-07,0,4,1,0,0,16.26812399014896
2026-02-07,0,5,1,1,0,21.768080686939353
2026-02-07,0,6,1,0,0,27.731182677475722
2026-02-07,0,7,1,0,0,33.48568333902215
2026-02-07,0,8,1,0,0,47.84696129650136
2026-02-07,0,9,1,0,0,55.24698212292488
2026-02-07,0,10,1,0,0,47.39735738751247
2026-02-07,0,11,1,0,0,32.9949142529257
2026-02-07,0,12,1,0,0,24.557689045393463
2026-02-07,0,13,1,1,0,43.447178548103835
2026-02-07,0,14,1,1,0,45.191298960082754
2026-02-07,0,15,1,0,0,36.609679578552566
2026-02-07,0,16,1,0,0,41.127927118889914
2026-02-07,0,17,1,0,0,52.36487971270254
2026-02-07,0,18,1,0,0,53.573945473069124
2026-02-07,0,19,1,1,0,49.4050351004685
2026-02-07,0,20,1,0,0,39.20120749162054
2026-02-07,0,21,1,0,0,35.68760061618601
2026-02-07,0,22,1,1,0,36.08522442712338
2026-02-07,0,23,1,0,0,25.7680801947462
2026-02-07,1,0,1,0,0,5.073484550411621
2026-02-07,1,1,1,0,1,20.802059485845927
2026-02-07,1,2,1,1,0,18.3126317542933
2026-02-07,1,3,1,0,0,7.808220172987491
2026-02-07,1,4,1,1,0,23.20855663244275
2026-02-07,1,5,1,0,0,15.515400396927305
2026-02-07,1,6,1,0,0,22.887434434990848
2026-02-07,1,7,1,0,0,34.28643618645339
2026-02-07,1,8,1,0,0,40.28483188154905
2026-02-07,1,9,1,0,0,47.781856500915104
2026-02-07,1,10,1,1,0,53.29753860980021
2026-02-07,1,11,1,0,1,45.697367945922416
2026-02-07,1,12,1,0,0,24.4393523943106
2026-02-07,1,13,1,0,0,26.79717342817014
2026-02-07,1,14,1,0,0,20.939592842009638
2026-02-07,1,15,1,0,0,33.99315045007776
2026-02-07,1,16,1,0,0,40.770012889595655
2026-02-07,1,17,1,1,0,64.57235453504435
2026-02-07,1,18,1,0,0,60.617389859578005
2026-02-07,1,19,1,0,0,36.36461925165432
2026-02-07,1,20,1,0,0,39.1289392525083
2026-02-07,1,21,1,0,1,39.36095283519613
2026-02-07,1,22,1,0,0,28.815872675354896
2026-02-07,1,23,1,0,0,27.038842416713887
2026-02-07,2,0,1,0,0,13.902286128422883
2026-02-07,2,1,1,0,0,15.63444890883639
2026-02-07,2,2,1,1,0,18.095285177449572
2026-02-07,2,3,1,1,0,15.031183695782685
2026-02-07,2,4,1,1,0,19.204341101508906
2026-02-07,2,5,1,0,0,11.997575638982013
2026-02-07,2,6,1,0,0,35.66907964687651
2026-02-07,2,7,1,1,0,39.86333204407695
2026-02-07,2,8,1,1,0,47.027557499880864
2026-02-07,2,9,1,0,1,47.19067837303996
2026-02-07,2,10,1,0,0,36.38210790011605
2026-02-07,2,11,1,0,0,26.098973974160174
2026-02-07,2,12,1,0,1,32.579938051902346
2026-02-07,2,13,1,0,0,23.879140319476207
2026-02-07,2,14,1,0,0,26.77945229289528
2026-02-07,2,15,1,1,0,45.54499344097102
2026-02-07,2,16,1,0,0,41.645289012187746
2026-02-07,2,17,1,0,0,45.81488754742564
2026-02-07,2,18,1,0,0,41.282417357509836
2026-02-07,2,19,1,0,0,49.1195159667651
2026-02-07,2,20,1,0,0,31.227795000559137
2026-02-07,2,21,1,1,0,39.0847340718388
2026-02-07,2,22,1,0,0,25.49927700725146
2026-02-07,2,23,1,0,0,32.69098919794851
2026-02-07,3,0,1,1,0,20.320658193830138
2026-02-07,3,1,1,0,0,17.208659725506593
2026-02-07,3,2,1,0,0,10.270420195698552
2026-02-07,3,3,1,0,0,16.783497008262348
2026-02-07,3,4,1,1,0,23.02321558568872
2026-02-07,3,5,1,1,0,27.79360266176678
2026-02-07,3,6,1,0,1,42.26289962922319
2026-02-07,3,7,1,1,0,42.7357320917611
2026-02-07,3,8,1,0,0,44.37786871566344
2026-02-07,3,9,1,0,0,48.167773837119825
2026-02-07,3,10,1,0,0,43.62030231825695
2026-02-07,3,11,1,0,0,32.58798476481739
2026-02-07,3,12,1,0,0,28.880120139390957
2026-02-07,3,13,1,0,0,27.047783871705423
2026-02-07,3,14,1,0,0,28.536728555105835
2026-02-07,3,15,1,0,0,30.403099671630514
2026-02-07,3,16,1,0,0,40.64593602840952
2026-02-07,3,17,1,0,0,50.6935441811534
2026-02-07,3,18,1,1,0,58.2394444265509
2026-02-07,3,19,1,0,0,39.96632525835408
2026-02-07,3,20,1,0,0,44.48358714048413
2026-02-07,3,21,1,0,0,37.438228467266384
2026-02-07,3,22,1,0,0,19.388758289276304
2026-02-07,3,23,1,0,0,24.118957301925217
2026-02-07,4,0,1,0,0,6.134140456372861
2026-02-07,4,1,1,0,0,3.3215407106470645
2026-02-07,4,2,1,0,0,0.0
2026-02-07,4,3,1,0,0,6.579128145723778
2026-02-07,4,4,1,0,0,4.230796576611493
2026-02-07,4,5,1,0,0,9.255057857060674
2026-02-07,4,6,1,0,0,14.510222871392141
2026-02-07,4,7,1,0,0,26.896636442624768
2026-02-07,4,8,1,0,0,42.66853982453697
2026-02-07,4,9,1,0,0,41.5067417262844
2026-02-07,4,10,1,0,0,36.18589672130677
2026-02-07,4,11,1,1,0,34.00652336706621
2026-02-07,4,12,1,0,0,24.645257087199663
2026-02-07,4,13,1,0,0,16.36573483268428
2026-02-07,4,14,1,0,0,18.06448446270479
2026-02-07,4,15,1,0,0,27.97616966586437
2026-02-07,4,16,1,0,0,34.11889354256008
2026-02-07,4,17,1,1,0,51.84737918877494
2026-02-07,4,18,1,0,0,41.155417234799465
2026-02-07,4,19,1,0,0,35.414085744956935
2026-02-07,4,20,1,0,0,33.29888424113495
2026-02-07,4,21,1,0,0,26.679928692929547
2026-02-07,4,22,1,1,1,35.976425568089766
2026-02-07,4,23,1,0,0,23.440000921244277
2026-02-07,5,0,1,0,0,2.1264558569933203
2026-02-07,5,1,1,0,0,0.0
2026-02-07,5,2,1,0,0,7.649004086972944
2026-02-07,5,3,1,0,0,5.276190649771708
2026-02-07,5,4,1,0,0,5.269243539215379
2026-02-07,5,5,1,0,0,6.485800698770547
2026-02-07,5,6,1,0,0,17.366274966229295
2026-02-07,5,7,1,0,0,22.053715483677056
2026-02-07,5,8,1,0,0,36.077792513129836
2026-02-07,5,9,1,0,0,39.16606961529334
2026-02-07,5,10,1,0,0,39.6298041128232
2026-02-07,5,11,1,0,0,32.64235724963129
2026-02-07,5,12,1,0,0,18.823785284901646
2026-02-07,5,13,1,0,0,7.2092466747279484
2026-02-07,5,14,1,0,0,15.206735029631655
2026-02-07,5,15,1,0,0,14.406578244432216
2026-02-07,5,16,1,0,0,20.08588671490107
2026-02-07,5,17,1,0,0,37.697364040046175
2026-02-07,5,18,1,0,0,37.523155200319486
2026-02-07,5,19,1,0,0,33.260465724522184
2026-02-07,5,20,1,1,1,46.17412161395436
2026-02-07,5,21,1,1,0,34.676710678414786
2026-02-07,5,22,1,0,0,19.57266828184179
2026-02-07,5,23,1,0,0,23.100325902522624
2026-02-08,0,0,1,0,0,9.052012576190773
2026-02-08,0,1,1,0,0,8.252065232655399
2026-02-08,0,2,1,0,0,17.56945812027063
2026-02-08,0,3,1,0,0,7.6468429005782825
2026-02-08,0,4,1,0,0,19.200600649868438
2026-02-08,0,5,1,0,0,15.347100725436642
2026-02-08,0,6,1,0,0,31.519033016642975
2026-02-08,0,7,1,0,0,37.90552081409881
2026-02-08,0,8,1,1,0,55.7240248240369
2026-02-08,0,9,1,1,0,57.86526505504962
2026-02-08,0,10,1,0,0,47.27026839417384
2026-02-08,0,11,1,0,1,46.29112464182019
2026-02-08,0,12,1,0,1,36.45577588469358
2026-02-08,0,13,1,0,1,38.37246316962294
2026-02-08,0,14,1,0,1,33.820400652443645
2026-02-08,0,15,1,0,0,33.91813493522674
2026-02-08,0,16,1,0,0,39.63379358157773
2026-02-08,0,17,1,0,0,41.61577764689695
2026-02-08,0,18,1,0,0,57.30289174681408
2026-02-08,0,19,1,0,0,55.94113704304682
2026-02-08,0,20,1,1,0,52.75104098834001
2026-02-08,0,21,1,1,0,42.84807614326674
2026-02-08,0,22,1,1,0,46.649465491414404
2026-02-08,0,23,1,0,0,25.786949460568707
2026-02-08,1,0,1,0,0,10.70666104156142
2026-02-08,1,1,1,0,0,9.169509214538063
2026-02-08,1,2,1,0,0,8.843761195059708
2026-02-08,1,3,1,0,1,24.921126371968693
2026-02-08,1,4,1,0,0,22.030655154887086
2026-02-08,1,5,1,1,1,28.99720047328272
2026-02-08,1,6,1,1,0,41.14952776787646
2026-02-08,1,7,1,0,0,36.78449373109631
2026-02-08,1,8,1,1,0,57.6588881743035
2026-02-08,1,9,1,0,0,45.34972523236642
2026-02-08,1,10,1,0,0,37.49633326620076
2026-02-08,1,11,1,0,0,30.35042152986467
2026-02-08,1,12,1,0,0,30.555393673591183
2026-02-08,1,13,1,0,0,23.985870933013512
2026-02-08,1,14,1,0,0,26.12547759750748
2026-02-08,1,15,1,0,0,35.2176292482978
2026-02-08,1,16,1,0,0,39.78215679999054
2026-02-08,1,17,1,1,0,57.03201181157327
2026-02-08,1,18,1,0,0,47.4331356987486
2026-02-08,1,19,1,0,0,37.63128715261626
2026-02-08,1,20,1,0,0,32.16983074625713
2026-02-08,1,21,1,0,0,30.525769846374754
2026-02-08,1,22,1,0,0,20.34145616099724
2026-02-08,1,23,1,0,0,21.749162345841622
2026-02-08,2,0,1,0,0,8.723306719775977
2026-02-08,2,1,1,0,0,11.94863286675194
2026-02-08,2,2,1,0,0,0.0
2026-02-08,2,3,1,0,0,5.374464038604588
2026-02-08,2,4,1,0,0,8.895986814962344
2026-02-08,2,5,1,1,0,19.208329718227077
2026-02-08,2,6,1,0,0,20.283712036312664
2026-02-08,2,7,1,0,0,34.667697015038634
2026-02-08,2,8,1,0,0,36.01768949107525
2026-02-08,2,9,1,0,0,47.049594922558796
2026-02-08,2,10,1,0,0,40.09973517101116
2026-02-08,2,11,1,0,0,31.65921798969952
2026-02-08,2,12,1,0,0,26.531518101056456
2026-02-08,2,13,1,0,0,27.069389099155963
2026-02-08,2,14,1,0,0,30.790475117283727
2026-02-08,2,15,1,0,0,41.42599056664919
2026-02-08,2,16,1,0,0,35.613034295062235
2026-02-08,2,17,1,0,0,42.80758311831678
2026-02-08,2,18,1,0,0,49.50901688965636
2026-02-08,2,19,1,0,0,39.94300909584234
2026-02-08,2,20,1,1,0,48.774351627328095
2026-02-08,2,21,1,0,0,27.53983835456984
2026-02-08,2,22,1,0,0,21.50993140757998
2026-02-08,2,23,1,0,0,21.042270550531434
2026-02-08,3,0,1,0,0,12.871126088842086
2026-02-08,3,1,1,0,0,14.784864840644065
2026-02-08,3,2,1,0,0,11.902578562571163
2026-02-08,3,3,1,0,0,13.386377259867448
2026-02-08,3,4,1,0,0,15.17870162219922
2026-02-08,3,5,1,1,0,22.56864415017374
2026-02-08,3,6,1,0,0,28.898314885863282
2026-02-08,3,7,1,1,0,47.53841653310042
2026-02-08,3,8,1,1,0,55.68046505672334
2026-02-08,3,9,1,0,0,49.90278944456817
2026-02-08,3,10,1,0,0,44.00969513299951
2026-02-08,3,11,1,0,0,36.82917539222136
2026-02-08,3,12,1,0,0,20.355438096862564
2026-02-08,3,13,1,0,0,30.614463780250375
2026-02-08,3,14,1,0,0,21.195116314350763
2026-02-08,3,15,1,0,0,34.277849163886614
2026-02-08,3,16,1,0,1,46.777678962156564
2026-02-08,3,17,1,0,0,46.06603775483153
2026-02-08,3,18,1,0,0,57.40012743901218
2026-02-08,3,19,1,0,0,51.61447692576468
2026-02-08,3,20,1,0,0,37.039005986949554
2026-02-08,3,21,1,0,0,29.83216005613685
2026-02-08,3,22,1,1,0,39.30458341190777
2026-02-08,3,23,1,1,0,33.20208268468644
2026-02-08,4,0,1,0,0,5.186376705986475
2026-02-08,4,1,1,0,0,13.693947980896588
2026-02-08,4,2,1,0,0,1.9891116107796352
2026-02-08,4,3,1,0,0,3.4264145502189396
2026-02-08,4,4,1,0,0,6.718561918600034
2026-02-08,4,5,1,0,0,2.582900278247571
2026-02-08,4,6,1,0,0,22.307444706146214
2026-02-08,4,7,1,0,1,34.602511458511344
2026-02-08,4,8,1,0,0,29.25474950551553
2026-02-08,4,9,1,0,1,45.24388493676064
2026-02-08,4,10,1,0,0,31.691949355278048
2026-02-08,4,11,1,1,0,31.208556669576833
2026-02-08,4,12,1,0,0,17.54786823261971
2026-02-08,4,13,1,0,0,21.236230518402213
2026-02-08,4,14,1,0,0,24.30429259306143
2026-02-08,4,15,1,1,0,37.494702913994665
2026-02-08,4,16,1,0,0,37.014093590265965
2026-02-08,4,17,1,1,0,53.202657861357885
2026-02-08,4,18,1,0,0,42.289789014815135
2026-02-08,4,19,1,0,0,39.699342755659366
2026-02-08,4,20,1,1,0,48.18218542955036
2026-02-08,4,21,1,0,0,25.21562476892332
2026-02-08,4,22,1,0,0,17.68043793491
2026-02-08,4,23,1,0,0,18.943181011951616
2026-02-08,5,0,1,0,0,1.6135658239563835
2026-02-08,5,1,1,0,0,1.4992048648606944
2026-02-08,5,2,1,0,0,0.0
2026-02-08,5,3,1,0,0,0.847338421006377
2026-02-08,5,4,1,0,0,3.1515430340181805
2026-02-08,5,5,1,1,1,16.78956108920247
2026-02-08,5,6,1,0,0,13.522432815546606
2026-02-08,5,7,1,0,0,31.378859547945126
2026-02-08,5,8,1,0,0,32.94251913881052
2026-02-08,5,9,1,1,0,54.67530599496642
2026-02-08,5,10,1,0,0,36.429222466287634
2026-02-08,5,11,1,0,0,25.99395563807087
2026-02-08,5,12,1,0,0,12.082117472904708
2026-02-08,5,13,1,0,0,10.074994235290617
2026-02-08,5,14,1,0,0,15.957532849902927
2026-02-08,5,15,1,0,0,24.159166944839264
2026-02-08,5,16,1,0,0,36.63692870804912
2026-02-08,5,17,1,0,0,40.41791686422966
2026-02-08,5,18,1,0,0,45.03088296484924
2026-02-08,5,19,1,0,0,42.1737274477882
2026-02-08,5,20,1,0,0,41.27095747512823
2026-02-08,5,21,1,0,0,22.7086225386809
2026-02-08,5,22,1,1,0,28.52630658803616
2026-02-08,5,23,1,0,0,13.561479283672526
2026-02-09,0,0,0,0,0,16.278445688287075
2026-02-09,0,1,0,0,0,11.323859651893425
2026-02-09,0,2,0,0,0,15.677213210354797
2026-02-09,0,3,0,1,0,31.74913469593185
2026-02-09,0,4,0,1,0,21.290811028180023
2026-02-09,0,5,0,0,0,10.80661144991208
2026-02-09,0,6,0,0,0,32.413065508163584
2026-02-09,0,7,0,1,0,51.131871995061
2026-02-09,0,8,0,0,0,58.34444462507271
2026-02-09,0,9,0,1,0,81.00859760339125
2026-02-09,0,10,0,0,0,57.35514478685632
2026-02-09,0,11,0,0,0,37.86462746658603
2026-02-09,0,12,0,1,0,45.52943518781655
2026-02-09,0,13,0,0,0,29.792351828723657
2026-02-09,0,14,0,0,0,31.864244161075185
2026-02-09,0,15,0,0,0,36.545665753130564
2026-02-09,0,16,0,1,0,66.81587109245308
2026-02-09,0,17,0,0,0,69.18742675754056
2026-02-09,0,18,0,0,0,73.7206510410064
2026-02-09,0,19,0,0,0,57.85522807407371
2026-02-09,0,20,0,0,0,48.35727515706764
2026-02-09,0,21,0,1,0,43.1329285492463
2026-02-09,0,22,0,0,0,28.348540640109455
2026-02-09,0,23,0,0,0,21.989973104981065
2026-02-09,1,0,0,0,0,9.758439643363216
2026-02-09,1,1,0,0,0,13.72690895885297
2026-02-09,1,2,0,0,0,16.086557727140544
2026-02-09,1,3,0,0,0,12.115262978916817
2026-02-09,1,4,0,0,0,12.071937453536153
2026-02-09,1,5,0,0,0,11.515751993685374
2026-02-09,1,6,0,0,0,34.239147830211586
2026-02-09,1,7,0,1,0,43.18990573072075
2026-02-09,1,8,0,0,1,61.82915841748331
2026-02-09,1,9,0,0,0,56.05226153622636
2026-02-09,1,10,0,0,0,50.60121006299412
2026-02-09,1,11,0,0,0,35.873513144786465
2026-02-09,1,12,0,0,0,27.936761084887642
2026-02-09,1,13,0,0,0,26.783386004144152
2026-02-09,1,14,0,0,0,29.21071800338416
2026-02-09,1,15,0,0,0,24.48579869295394
2026-02-09,1,16,0,0,0,47.54228950551437
2026-02-09,1,17,0,0,0,57.866680980554534
2026-02-09,1,18,0,0,0,75.90562765368071
2026-02-09,1,19,0,1,0,63.15343406800108
2026-02-09,1,20,0,1,0,62.22230780947758
2026-02-09,1,21,0,0,0,30.091411352976564
2026-02-09,1,22,0,0,0,29.306456861593556
2026-02-09,1,23,0,0,1,33.85489488537453
2026-02-09,2,0,0,0,0,10.555194725313147
2026-02-09,2,1,0,0,0,10.956035871142003
2026-02-09,2,2,0,0,0,11.904359997386953
2026-02-09,2,3,0,0,0,6.064291414701771
2026-02-09,2,4,0,0,0,15.01761440628212
2026-02-09,2,5,0,0,0,10.744790850722417
2026-02-09,2,6,0,0,0,22.083817635801097
2026-02-09,2,7,0,0,1,44.8252043898418
2026-02-09,2,8,0,1,0,64.83791458292805
2026-02-09,2,9,0,0,0,62.945528833042815
2026-02-09,2,10,0,1,0,66.90323413919383
2026-02-09,2,11,0,0,0,45.18966866884974
2026-02-09,2,12,0,0,0,23.72877055886334
2026-02-09,2,13,0,0,0,21.805161908206184
2026-02-09,2,14,0,0,0,29.68169889437052
2026-02-09,2,15,0,0,0,37.09900428282532
2026-02-09,2,16,0,0,0,42.83572257215232
2026-02-09,2,17,0,0,0,61.59155471918515
2026-02-09,2,18,0,0,0,61.275264254196
2026-02-09,2,19,0,0,0,51.59268833261251
2026-02-09,2,20,0,1,0,58.204024459861024
2026-02-09,2,21,0,0,0,33.02211728295108
2026-02-09,2,22,0,0,0,26.738100992845027
2026-02-09,2,23,0,1,0,34.34284993783843
2026-02-09,3,0,0,0,0,18.791803576945224
2026-02-09,3,1,0,1,0,19.478229719234484
2026-02-09,3,2,0,0,0,13.481793958103808
2026-02-09,3,3,0,0,0,13.221647051513617
2026-02-09,3,4,0,1,0,17.655530063013153
2026-02-09,3,5,0,0,0,14.325981927240043
2026-02-09,3,6,0,0,0,32.34287771036897
2026-02-09,3,7,0,0,0,43.602223970939775
2026-02-09,3,8,0,0,0,59.51358283887262
2026-02-09,3,9,0,0,0,65.13247883681184
2026-02-09,3,10,0,0,0,52.64318546434684
2026-02-09,3,11,0,0,0,34.7380709919124
2026-02-09,3,12,0,0,0,28.689875397306874
2026-02-09,3,13,0,0,0,25.59049138270102
2026-02-09,3,14,0,1,0,38.90965319760975
2026-02-09,3,15,0,0,1,38.460311566994385
2026-02-09,3,16,0,0,0,48.66589930568251
2026-02-09,3,17,0,0,0,64.02957428129169
2026-02-09,3,18,0,1,0,84.73014784327111
2026-02-09,3,19,0,0,0,55.644495380179634
2026-02-09,3,20,0,0,0,44.3986024877702
2026-02-09,3,21,0,0,0,41.53817965036342
2026-02-09,3,22,0,0,0,21.68673743852112
2026-02-09,3,23,0,1,0,43.12711522312566
2026-02-09,4,0,0,0,1,14.768190795129454
2026-02-09,4,1,0,0,0,4.479472946399457
2026-02-09,4,2,0,0,0,5.62280947150988
2026-02-09,4,3,0,1,0,13.604465206145914
2026-02-09,4,4,0,0,0,6.845066776950521
2026-02-09,4,5,0,1,0,20.554504949822668
2026-02-09,4,6,0,1,0,36.64726544712139
2026-02-09,4,7,0,0,0,23.314275194979253
2026-02-09,4,8,0,0,0,43.878049962120045
2026-02-09,4,9,0,0,0,53.68182064326245
2026-02-09,4,10,0,0,0,47.84914077460257
2026-02-09,4,11,0,0,1,38.05337345101731
2026-02-09,4,12,0,0,0,26.37568120469221
2026-02-09,4,13,0,0,0,13.836199736627757
2026-02-09,4,14,0,0,0,17.222985858779232
2026-02-09,4,15,0,0,0,32.100719251845454
2026-02-09,4,16,0,0,0,39.55533046585215
2026-02-09,4,17,0,0,0,54.36945198511
2026-02-09,4,18,0,0,1,63.42396627822832
2026-02-09,4,19,0,0,0,52.986935755757074
2026-02-09,4,20,0,0,0,40.55914209283863
2026-02-09,4,21,0,1,0,39.24197932783871
2026-02-09,4,22,0,0,0,15.198166652749908
2026-02-09,4,23,0,1,0,32.914590862233574
2026-02-09,5,0,0,0,0,0.9334415685493649
2026-02-09,5,1,0,0,0,9.878608897720179
2026-02-09,5,2,0,0,1,9.418864424808364
2026-02-09,5,3,0,0,0,2.587412349103277
2026-02-09,5,4,0,1,0,14.469617653952252
2026-02-09,5,5,0,0,0,8.935136969469578
2026-02-09,5,6,0,0,0,18.993777722730194
2026-02-09,5,7,0,0,1,41.8468170715015
2026-02-09,5,8,0,1,0,52.97912422332658
2026-02-09,5,9,0,0,1,55.84308958504874
2026-02-09,5,10,0,0,0,44.90746891712575
2026-02-09,5,11,0,0,0,24.694530929610977
2026-02-09,5,12,0,0,0,21.395111747965643
2026-02-09,5,13,0,0,0,18.890114575757316
2026-02-09,5,14,0,0,0,15.410585865906109
2026-02-09,5,15,0,1,1,38.55043128043455
2026-02-09,5,16,0,0,0,42.84706980130699
2026-02-09,5,17,0,0,0,54.31732201925057
2026-02-09,5,18,0,1,0,69.95556429009966
2026-02-09,5,19,0,1,0,58.92770766062766
2026-02-09,5,20,0,1,0,47.859479712825134
2026-02-09,5,21,0,0,0,26.010252782992158
2026-02-09,5,22,0,0,0,11.734556586737977
2026-02-09,5,23,0,0,0,21.076867170920217
2026-02-10,0,0,0,0,1,26.075704902457396
2026-02-10,0,1,0,0,0,20.606908353890756
2026-02-10,0,2,0,0,1,23.881659121534078
2026-02-10,0,3,0,0,0,18.017968007771263
2026-02-10,0,4,0,1,0,26.56779587915967
2026-02-10,0,5,0,0,1,29.112449517227475
2026-02-10,0,6,0,0,0,32.90629889443075
2026-02-10,0,7,0,0,0,43.118890334908194
2026-02-10,0,8,0,0,0,60.13789118406558
2026-02-10,0,9,0,1,0,76.77735327185422
2026-02-10,0,10,0,0,0,58.88724613431299
2026-02-10,0,11,0,0,0,30.714968925449266
2026-02-10,0,12,0,0,0,35.690582067726275
2026-02-10,0,13,0,0,1,34.18982562456942
2026-02-10,0,14,0,1,0,37.48229517238029
2026-02-10,0,15,0,0,0,36.40412326872146
2026-02-10,0,16,0,1,0,60.66421165904869
2026-02-10,0,17,0,0,0,63.652034319163846
2026-02-10,0,18,0,0,0,77.82972006546018
2026-02-10,0,19,0,0,0,61.784323823325074
2026-02-10,0,20,0,0,0,59.689278253262614
2026-02-10,0,21,0,0,0,33.874299562969085
2026-02-10,0,22,0,0,0,39.84694194847693
2026-02-10,0,23,0,0,0,26.396683532487664
2026-02-10,1,0,0,0,0,12.588099101964884
2026-02-10,1,1,0,0,0,8.879008001521015
2026-02-10,1,2,0,0,0,14.759035011439092
2026-02-10,1,3,0,0,0,11.785755413077545
2026-02-10,1,4,0,0,0,9.360176002013384
2026-02-10,1,5,0,1,0,26.74091792519999
2026-02-10,1,6,0,0,0,32.18034895150119
2026-02-10,1,7,0,0,0,35.76150049992244
2026-02-10,1,8,0,0,0,56.78137348944672
2026-02-10,1,9,0,0,0,64.96434886076881
2026-02-10,1,10,0,0,0,51.60215681164232
2026-02-10,1,11,0,0,1,43.714060713464015
2026-02-10,1,12,0,0,0,31.473110441261774
2026-02-10,1,13,0,0,0,23.62151747897655
2026-02-10,1,14,0,0,0,33.25998624069793
2026-02-10,1,15,0,0,0,30.48643654919327
2026-02-10,1,16,0,0,0,46.15307665729027
2026-02-10,1,17,0,0,0,59.36647937149524
2026-02-10,1,18,0,0,0,68.262941519492
2026-02-10,1,19,0,0,0,57.8244410084404
2026-02-10,1,20,0,0,0,47.6624309443336
2026-02-10,1,21,0,0,0,43.6030459291805
2026-02-10,1,22,0,0,0,30.199102236405803
2026-02-10,1,23,0,0,0,24.87036523326527
2026-02-10,2,0,0,0,0,7.023154819468914
2026-02-10,2,1,0,0,0,14.98429521032759
2026-02-10,2,2,0,0,0,14.837833071636465
2026-02-10,2,3,0,1,0,24.328673433149113
2026-02-10,2,4,0,0,0,7.363737171168329
2026-02-10,2,5,0,0,0,13.292091892758721
2026-02-10,2,6,0,1,0,34.74497122031108
2026-02-10,2,7,0,0,0,36.860899896912926
2026-02-10,2,8,0,0,0,39.692607787846775
2026-02-10,2,9,0,0,0,62.678501735461715
2026-02-10,2,10,0,1,0,64.24593392354305
2026-02-10,2,11,0,1,0,44.885885708462155
2026-02-10,2,12,0,0,1,36.341746034822656
2026-02-10,2,13,0,1,0,32.7153876363279
2026-02-10,2,14,0,0,0,19.536963789808357
2026-02-10,2,15,0,1,0,45.3285321342942
2026-02-10,2,16,0,1,0,51.884113849121505
2026-02-10,2,17,0,1,0,69.39086400832814
2026-02-10,2,18,0,0,0,62.731875569485446
2026-02-10,2,19,0,0,0,59.953666453771056
2026-02-10,2,20,0,0,0,42.70214757903817
2026-02-10,2,21,0,0,0,39.5817466855371
2026-02-10,2,22,0,0,0,24.31618936352266
2026-02-10,2,23,0,0,0,21.154584838258103
2026-02-10,3,0,0,0,0,13.606306407876389
2026-02-10,3,1,0,0,0,15.733031124187326
2026-02-10,3,2,0,1,0,24.386775731581643
2026-02-10,3,3,0,0,0,11.204682200994077
2026-02-10,3,4,0,0,0,9.15580515859727
2026-02-10,3,5,0,0,0,14.37396786280518
2026-02-10,3,6,0,0,0,33.79823255680723
2026-02-10,3,7,0,0,0,43.6019917435104
2026-02-10,3,8,0,0,0,57.5897252697936
2026-02-10,3,9,0,0,0,61.96422315653584
2026-02-10,3,10,0,0,0,56.55099959920317
2026-02-10,3,11,0,0,0,37.181467791965176
2026-02-10,3,12,0,0,0,33.229714618528085
2026-02-10,3,13,0,0,0,37.07701555425149
2026-02-10,3,14,0,0,0,24.197687047277306
2026-02-10,3,15,0,0,0,38.57071925481873
2026-02-10,3,16,0,0,0,46.55740610682317
2026-02-10,3,17,0,0,0,62.76752445994101
2026-02-10,3,18,0,0,0,69.74067474304842
2026-02-10,3,19,0,1,1,85.34458427897046
2026-02-10,3,20,0,0,0,50.23937825950071
2026-02-10,3,21,0,0,0,40.59855000195292
2026-02-10,3,22,0,0,0,33.10450685378973
2026-02-10,3,23,0,0,1,29.60253952813673
2026-02-10,4,0,0,0,0,11.898013987742909
2026-02-10,4,1,0,0,0,0.8200402086062413
2026-02-10,4,2,0,0,0,4.333370689037338
2026-02-10,4,3,0,0,0,14.16259173233333
2026-02-10,4,4,0,0,0,11.822715650199113
2026-02-10,4,5,0,0,1,15.184692260570186
2026-02-10,4,6,0,0,0,16.60845393458481
2026-02-10,4,7,0,0,0,38.50827769574007
2026-02-10,4,8,0,0,0,42.2049761394884
2026-02-10,4,9,0,0,0,56.40297923790983
2026-02-10,4,10,0,0,0,40.59162661059105
2026-02-10,4,11,0,0,0,28.38667713027668
2026-02-10,4,12,0,0,0,22.29845983509827
2026-02-10,4,13,0,0,0,21.05438453507921
2026-02-10,4,14,0,0,0,22.557287781253763
2026-02-10,4,15,0,0,0,25.00080726204463
2026-02-10,4,16,0,0,0,39.08961634510144
2026-02-10,4,17,0,0,0,47.32534286595748
2026-02-10,4,18,0,1,0,72.15875818761351
2026-02-10,4,19,0,0,0,54.086878531943114
2026-02-10,4,20,0,0,0,38.18246800736652
2026-02-10,4,21,0,0,0,29.804304621586255
2026-02-10,4,22,0,0,0,27.35754691220082
2026-02-10,4,23,0,0,0,21.200958809727446
2026-02-10,5,0,0,0,0,0.0
2026-02-10,5,1,0,0,0,1.452666160554796
2026-02-10,5,2,0,0,0,7.699554747485279
2026-02-10,5,3,0,0,0,0.0
2026-02-10,5,4,0,1,0,9.200538492061417
2026-02-10,5,5,0,0,0,0.21719424812317278
2026-02-10,5,6,0,0,0,13.51086367747154
2026-02-10,5,7,0,1,0,41.712498184837365
2026-02-10,5,8,0,0,0,34.852885807954735
2026-02-10,5,9,0,0,0,49.01812967910103
2026-02-10,5,10,0,0,0,44.53062417835409
2026-02-10,5,11,0,0,0,34.70054922666432
2026-02-10,5,12,0,0,0,22.323355500224963
2026-02-10,5,13,0,0,0,18.347238422084757
2026-02-10,5,14,0,0,0,24.777734581331945
2026-02-10,5,15,0,0,0,21.833924380767602
2026-02-10,5,16,0,0,0,33.87240497073034
2026-02-10,5,17,0,0,0,46.43971699971039
2026-02-10,5,18,0,1,0,68.65508970934734
2026-02-10,5,19,0,0,0,50.26953212311407
2026-02-10,5,20,0,0,0,45.38558444609179
2026-02-10,5,21,0,1,0,35.03061880640693
2026-02-10,5,22,0,0,0,15.172707347920456
2026-02-10,5,23,0,0,0,10.425207480155237
2026-02-11,0,0,0,0,0,13.290798114446277
2026-02-11,0,1,0,0,0,7.6030529071396415
2026-02-11,0,2,0,0,0,15.301754068567403
2026-02-11,0,3,0,1,0,25.395428484664805
2026-02-11,0,4,0,0,1,22.853476801972988
2026-02-11,0,5,0,0,0,17.02123181980925
2026-02-11,0,6,0,0,0,30.19407784066723
2026-02-11,0,7,0,0,0,42.96806906025726
2026-02-11,0,8,0,0,0,52.053355814893514
2026-02-11,0,9,0,1,0,72.1969279031875
2026-02-11,0,10,0,0,0,53.81947911913545
2026-02-11,0,11,0,0,1,47.85536218154932
2026-02-11,0,12,0,0,0,33.36861605409607
2026-02-11,0,13,0,0,0,28.68291463482284
2026-02-11,0,14,0,0,0,26.715308068436876
2026-02-11,0,15,0,0,0,40.80854784564041
2026-02-11,0,16,0,1,0,59.211805699218615
2026-02-11,0,17,0,0,0,65.28299183240004
2026-02-11,0,18,0,0,0,69.72613552350755
2026-02-11,0,19,0,0,0,63.870842687119335
2026-02-11,0,20,0,0,0,56.651079807556506
2026-02-11,0,21,0,0,0,39.74113505590618
2026-02-11,0,22,0,0,0,29.28581857657731
2026-02-11,0,23,0,0,0,34.377649354205495
2026-02-11,1,0,0,0,0,4.587866964826363
2026-02-11,1,1,0,0,0,10.589999908471759
2026-02-11,1,2,0,0,0,11.593553297992582
2026-02-11,1,3,0,0,0,6.228432129227128
2026-02-11,1,4,0,0,0,6.914684529928493
2026-02-11,1,5,0,1,0,24.021103059524684
2026-02-11,1,6,0,0,0,27.59737629802124
2026-02-11,1,7,0,1,0,46.14284704387505
2026-02-11,1,8,0,0,0,54.05320705592168
2026-02-11,1,9,0,0,0,57.94132213115141
2026-02-11,1,10,0,0,0,55.06339563930537
2026-02-11,1,11,0,0,0,35.73187278538196
2026-02-11,1,12,0,0,0,34.95416717155519
2026-02-11,1,13,0,0,0,24.507241688682008
2026-02-11,1,14,0,0,0,26.969333118610624
2026-02-11,1,15,0,0,0,35.58240373283399
2026-02-11,1,16,0,1,0,54.01762907268988
2026-02-11,1,17,0,0,0,58.55289566993486
2026-02-11,1,18,0,0,0,71.75004755440216
2026-02-11,1,19,0,0,0,55.382976273818315
2026-02-11,1,20,0,0,0,46.99472039788322
2026-02-11,1,21,0,0,0,32.97022066254176
2026-02-11,1,22,0,0,0,36.697532529410296
2026-02-11,1,23,0,1,0,33.467552892357546
2026-02-11,2,0,0,0,0,12.427233633341382
2026-02-11,2,1,0,0,0,3.0317806613181153
2026-02-11,2,2,0,0,0,4.926865470734342
2026-02-11,2,3,0,0,0,0.7089597736533104
2026-02-11,2,4,0,0,0,10.83631558217649
2026-02-11,2,5,0,1,0,21.720112425340805
2026-02-11,2,6,0,0,0,24.38871410775501
2026-02-11,2,7,0,1,0,43.07184314413451
2026-02-11,2,8,0,0,0,51.45944660268769
2026-02-11,2,9,0,0,0,62.648420112696655
2026-02-11,2,10,0,0,0,51.25432387214452
2026-02-11,2,11,0,0,0,40.5208127367466
2026-02-11,2,12,0,0,0,30.302806250386293
2026-02-11,2,13,0,0,0,26.626643423110057
2026-02-11,2,14,0,1,0,36.56223441827222
2026-02-11,2,15,0,0,0,36.19055666751249
2026-02-11,2,16,0,0,0,45.40818315563859
2026-02-11,2,17,0,0,0,61.36631315107042
2026-02-11,2,18,0,0,0,63.718512917157625
2026-02-11,2,19,0,0,0,52.06351879409096
2026-02-11,2,20,0,1,0,58.30303353868825
2026-02-11,2,21,0,1,0,45.144272420250466
2026-02-11,2,22,0,0,0,24.893836151884738
2026-02-11,2,23,0,0,0,29.2525794159466
2026-02-11,3,0,0,0,0,11.273519143385638
2026-02-11,3,1,0,0,0,16.442707378555518
2026-02-11,3,2,0,0,0,12.418615852689456
2026-02-11,3,3,0,0,0,9.232411760680272
2026-02-11,3,4,0,0,0,14.307007697641176
2026-02-11,3,5,0,0,0,15.199362345095903
2026-02-11,3,6,0,0,0,27.65006271488093
2026-02-11,3,7,0,0,0,39.76335319745807
2026-02-11,3,8,0,0,0,52.81176961252205
2026-02-11,3,9,0,0,0,62.743110935069915
2026-02-11,3,10,0,1,0,62.94549651031738
2026-02-11,3,11,0,0,0,38.60271789849779
2026-02-11,3,12,0,0,0,29.198760234898224
2026-02-11,3,13,0,0,0,32.139212773372854
2026-02-11,3,14,0,0,0,33.86811079517831
2026-02-11,3,15,0,0,0,37.78204148792023
2026-02-11,3,16,0,0,0,44.59087124602139
2026-02-11,3,17,0,0,0,69.03042790884382
2026-02-11,3,18,0,0,0,60.757464757938834
2026-02-11,3,19,0,0,0,61.46481645191389
2026-02-11,3,20,0,0,0,47.20841229382455
2026-02-11,3,21,0,0,0,31.80566701495714
2026-02-11,3,22,0,1,0,43.03840830531427
2026-02-11,3,23,0,0,0,27.210715317193333
2026-02-11,4,0,0,0,0,2.456883849831561
2026-02-11,4,1,0,0,0,6.627607138065928
2026-02-11,4,2,0,1,0,17.7407690237672
2026-02-11,4,3,0,0,0,13.226686927985797
2026-02-11,4,4,0,0,0,5.9283579371264805
2026-02-11,4,5,0,1,0,24.664275214111708
2026-02-11,4,6,0,0,0,28.22959407769413
2026-02-11,4,7,0,0,0,28.884185268227
2026-02-11,4,8,0,0,0,46.79498210206055
2026-02-11,4,9,0,0,1,68.59404871466668
2026-02-11,4,10,0,0,0,43.5271541028225
2026-02-11,4,11,0,0,0,35.09487176372772
2026-02-11,4,12,0,0,0,23.03784378328161
2026-02-11,4,13,0,1,0,34.733272239228405
2026-02-11,4,14,0,0,0,22.755341474780433
2026-02-11,4,15,0,0,0,28.759648050103976
2026-02-11,4,16,0,1,0,54.50600862611775
2026-02-11,4,17,0,0,0,51.8208690059834
2026-02-11,4,18,0,1,0,72.45267469096181
2026-02-11,4,19,0,0,0,52.82515590078802
2026-02-11,4,20,0,1,0,46.85476305552218
2026-02-11,4,21,0,0,0,26.664329096613862
2026-02-11,4,22,0,1,1,35.92007848502448
2026-02-11,4,23,0,0,0,21.20185376695566
2026-02-11,5,0,0,1,0,12.238273923264124
2026-02-11,5,1,0,0,0,2.2450170522914066
2026-02-11,5,2,0,0,0,4.089991709064122
2026-02-11,5,3,0,0,0,0.0
2026-02-11,5,4,0,0,0,3.0445635896749574
2026-02-11,5,5,0,0,0,3.6526303582944766
2026-02-11,5,6,0,0,1,23.560206000712032
2026-02-11,5,7,0,1,0,40.90841476495057
2026-02-11,5,8,0,0,0,34.399296622528496
2026-02-11,5,9,0,0,0,46.59605102171719
2026-02-11,5,10,0,1,0,51.36438991553261
2026-02-11,5,11,0,0,0,25.597847276578804
2026-02-11,5,12,0,0,0,16.196741512310698
2026-02-11,5,13,0,0,0,17.24530908325077
2026-02-11,5,14,0,0,0,14.015363247731814
2026-02-11,5,15,0,0,0,16.98717855209025
2026-02-11,5,16,0,0,0,40.87716022054866
2026-02-11,5,17,0,0,0,57.4377810813815
2026-02-11,5,18,0,0,0,62.497181152542346
2026-02-11,5,19,0,0,0,53.84988143307294
2026-02-11,5,20,0,0,0,34.212166982385355
2026-02-11,5,21,0,1,0,42.25488068995505
2026-02-11,5,22,0,0,0,24.082637961169553
2026-02-11,5,23,0,0,0,9.543521581890328
2026-02-12,0,0,0,0,0,14.145807165385687
2026-02-12,0,1,0,0,0,7.714255196170257
2026-02-12,0,2,0,0,1,24.085916463282796
2026-02-12,0,3,0,0,0,12.950027980384675
2026-02-12,0,4,0,0,0,12.411506388253125
2026-02-12,0,5,0,0,0,17.192188599616568
2026-02-12,0,6,0,0,0,30.678369637845037
2026-02-12,0,7,0,0,0,45.76680686799059
2026-02-12,0,8,0,0,0,53.59679601631321
2026-02-12,0,9,0,0,0,63.928250488726874
2026-02-12,0,10,0,0,0,49.70885601573271
2026-02-12,0,11,0,1,0,53.33907137466133
2026-02-12,0,12,0,0,0,31.318656892095486
2026-02-12,0,13,0,0,0,33.613483526343025
2026-02-12,0,14,0,0,0,29.49737412994674
2026-02-12,0,15,0,0,0,38.52922672483814
2026-02-12,0,16,0,0,0,47.97891310467451
2026-02-12,0,17,0,0,0,63.4274091880023
2026-02-12,0,18,0,0,0,72.64046554917363
2026-02-12,0,19,0,0,0,69.1348912617638
2026-02-12,0,20,0,0,0,51.22507075850869
2026-02-12,0,21,0,0,0,38.910961940452154
2026-02-12,0,22,0,0,0,32.38942440829797
2026-02-12,0,23,0,0,0,30.49352430496011
2026-02-12,1,0,0,0,0,11.25851173606523
2026-02-12,1,1,0,1,0,12.997021670540338
2026-02-12,1,2,0,1,0,17.407552972837752
2026-02-12,1,3,0,1,0,21.044322356070168
2026-02-12,1,4,0,0,0,13.407518472070928
2026-02-12,1,5,0,1,0,20.126575545025748
2026-02-12,1,6,0,0,0,31.353969541440833
2026-02-12,1,7,0,1,0,44.76436546957862
2026-02-12,1,8,0,0,0,53.50422407688739
2026-02-12,1,9,0,1,0,72.95162923934483
2026-02-12,1,10,0,0,0,51.12372231041191
2026-02-12,1,11,0,0,0,44.043335687219574
2026-02-12,1,12,0,0,0,29.08537541639658
2026-02-12,1,13,0,0,0,27.914772181274145
2026-02-12,1,14,0,0,0,26.76808667685245
2026-02-12,1,15,0,0,0,31.54737190204546
2026-02-12,1,16,0,1,1,73.60780935141145
2026-02-12,1,17,0,0,0,58.68878809145693
2026-02-12,1,18,0,1,0,79.3006702220111
2026-02-12,1,19,0,0,0,61.55549586079375
2026-02-12,1,20,0,1,0,58.27222677452389
2026-02-12,1,21,0,0,0,28.677396672096407
2026-02-12,1,22,0,0,1,32.967009849176534
2026-02-12,1,23,0,0,0,29.227742442282338
2026-02-12,2,0,0,0,0,9.824065053556824
2026-02-12,2,1,0,0,0,3.8334845951833563
2026-02-12,2,2,0,0,0,12.963573971611016
2026-02-12,2,3,0,0,0,6.857168652623785
2026-02-12,2,4,0,0,0,5.97071538991242
2026-02-12,2,5,0,0,0,6.653158486019769
2026-02-12,2,6,0,0,0,21.594764599702955
2026-02-12,2,7,0,1,0,41.52493679120455
2026-02-12,2,8,0,1,0,61.689774704452525
2026-02-12,2,9,0,0,0,60.5451607264603
2026-02-12,2,10,0,0,0,47.856551216989594
2026-02-12,2,11,0,0,0,35.648658721411515
2026-02-12,2,12,0,0,0,27.51728464014642
2026-02-12,2,13,0,0,0,30.278989981234826
2026-02-12,2,14,0,0,0,20.295017098723587
2026-02-12,2,15,0,0,0,32.870956851655436
2026-02-12,2,16,0,0,0,45.995756237165786
2026-02-12,2,17,0,0,0,47.137225360186335
2026-02-12,2,18,0,0,0,61.68273248116077
2026-02-12,2,19,0,0,0,66.21245570927108
2026-02-12,2,20,0,0,0,47.722976877661594
2026-02-12,2,21,0,1,0,42.73866631785225
2026-02-12,2,22,0,1,0,37.04207728069284
2026-02-12,2,23,0,0,0,21.977522330844298
2026-02-12,3,0,0,0,0,17.879135477918204
2026-02-12,3,1,0,0,0,4.227521240080764
2026-02-12,3,2,0,0,0,11.866291707351353
2026-02-12,3,3,0,0,0,17.5941178384629
2026-02-12,3,4,0,0,0,16.65085407104165
2026-02-12,3,5,0,0,0,13.209412224584021
2026-02-12,3,6,0,0,0,27.752744460968774
2026-02-12,3,7,0,0,0,42.98817941607309
2026-02-12,3,8,0,0,0,55.736728025378106
2026-02-12,3,9,0,0,0,64.17931056132305
2026-02-12,3,10,0,0,1,64.8835989203732
2026-02-12,3,11,0,0,0,47.574380842731735
2026-02-12,3,12,0,0,0,30.97716207423943
2026-02-12,3,13,0,0,0,32.42700046115949
2026-02-12,3,14,0,0,0,35.79526766019854
2026-02-12,3,15,0,0,0,34.22575714724036
2026-02-12,3,16,0,1,0,61.207956069158506
2026-02-12,3,17,0,0,0,65.23574687338285
2026-02-12,3,18,0,0,0,71.32907223181974
2026-02-12,3,19,0,0,0,67.64010271797696
2026-02-12,3,20,0,0,0,45.10894162661428
2026-02-12,3,21,0,0,0,34.791109142981
2026-02-12,3,22,0,0,0,28.19242840721521
2026-02-12,3,23,0,0,0,22.41742054613443
2026-02-12,4,0,0,0,0,2.9999459767870227
2026-02-12,4,1,0,0,0,4.344940416454483
2026-02-12,4,2,0,0,0,7.21456085054332
2026-02-12,4,3,0,0,0,3.846801004954458
2026-02-12,4,4,0,0,0,5.6155834793789525
2026-02-12,4,5,0,0,0,7.21346822105674
2026-02-12,4,6,0,1,1,38.20267934775358
2026-02-12,4,7,0,0,0,22.070097478383452
2026-02-12,4,8,0,1,0,58.427498587774
2026-02-12,4,9,0,0,0,50.48724887212606
2026-02-12,4,10,0,0,0,44.73787124153585
2026-02-12,4,11,0,0,0,28.225381572830692
2026-02-12,4,12,0,0,0,18.080218486604487
2026-02-12,4,13,0,0,0,22.48478827664547
2026-02-12,4,14,0,0,0,25.036678793134406
2026-02-12,4,15,0,0,1,30.13697221101108
2026-02-12,4,16,0,0,0,43.85589169074608
2026-02-12,4,17,0,0,1,57.52830553498063
2026-02-12,4,18,0,0,0,59.71698903389228
2026-02-12,4,19,0,0,0,48.19837559237821
2026-02-12,4,20,0,0,0,34.8884412844053
2026-02-12,4,21,0,1,0,37.06178062695791
2026-02-12,4,22,0,0,0,24.687481442370075
2026-02-12,4,23,0,0,0,16.76616845062714
2026-02-12,5,0,0,0,0,0.0
2026-02-12,5,1,0,0,0,0.634717202509637
2026-02-12,5,2,0,1,0,15.003449152621782
2026-02-12,5,3,0,0,0,0.0
2026-02-12,5,4,0,0,0,0.16158444815451634
2026-02-12,5,5,0,1,0,12.298893562818451
2026-02-12,5,6,0,0,0,16.64292726178809
2026-02-12,5,7,0,0,0,28.28094726452528
2026-02-12,5,8,0,0,0,46.99172423247094
2026-02-12,5,9,0,0,0,49.687559049373924
2026-02-12,5,10,0,0,0,48.869090041069754
2026-02-12,5,11,0,1,0,37.427619654836434
2026-02-12,5,12,0,0,0,22.208219720451083
2026-02-12,5,13,0,0,1,25.18361343628646
2026-02-12,5,14,0,0,0,14.694669389122133
2026-02-12,5,15,0,0,0,21.588442896717112
2026-02-12,5,16,0,0,0,36.060800349405994
2026-02-12,5,17,0,0,0,53.559098855995686
2026-02-12,5,18,0,0,0,49.84925299257731
2026-02-12,5,19,0,0,0,52.631279795109144
2026-02-12,5,20,0,0,0,42.72572747036007
2026-02-12,5,21,0,0,0,29.339406538941553
2026-02-12,5,22,0,0,0,25.710188418641017
2026-02-12,5,23,0,0,1,21.04379321762637
2026-02-13,0,0,0,0,0,14.098067735941918
2026-02-13,0,1,0,1,0,27.199483989229876
2026-02-13,0,2,0,0,0,16.21973459794702
2026-02-13,0,3,0,0,0,9.06973611698432
2026-02-13,0,4,0,0,0,13.676981393561409
2026-02-13,0,5,0,1,0,27.026393725502658
2026-02-13,0,6,0,0,1,44.36906897829183
2026-02-13,0,7,0,0,0,43.686678641917624
2026-02-13,0,8,0,0,1,67.12604242435239
2026-02-13,0,9,0,0,0,60.429533694866244
2026-02-13,0,10,0,0,0,48.23404346100711
2026-02-13,0,11,0,0,0,45.86736345366397
2026-02-13,0,12,0,0,1,32.471333171276484
2026-02-13,0,13,0,0,0,29.458763665301852
2026-02-13,0,14,0,0,0,29.081791838734198
2026-02-13,0,15,0,1,0,50.81190100818988
2026-02-13,0,16,0,0,0,52.57707527316403
2026-02-13,0,17,0,0,0,71.7787896170457
2026-02-13,0,18,0,0,0,75.21985832243912
2026-02-13,0,19,0,0,0,61.29667453313024
2026-02-13,0,20,0,1,0,59.88043588163338
2026-02-13,0,21,0,0,0,33.29231993676574
2026-02-13,0,22,0,0,1,34.089935062928326
2026-02-13,0,23,0,1,0,38.59146641435353
2026-02-13,1,0,0,0,0,17.892181781671702
2026-02-13,1,1,0,0,0,15.360626590814373
2026-02-13,1,2,0,0,0,12.773843139369308
2026-02-13,1,3,0,0,0,4.093450789003951
2026-02-13,1,4,0,0,1,20.40284106989672
2026-02-13,1,5,0,0,0,12.845646119967967
2026-02-13,1,6,0,0,1,32.753734031202605
2026-02-13,1,7,0,0,0,36.739003858060215
2026-02-13,1,8,0,0,0,53.41245447186105
2026-02-13,1,9,0,0,0,56.924352337216305
2026-02-13,1,10,0,0,0,53.007471798566
2026-02-13,1,11,0,0,0,39.19291385924884
2026-02-13,1,12,0,0,0,32.27269685618037
2026-02-13,1,13,0,0,0,23.651095909006482
2026-02-13,1,14,0,0,0,23.389030490082682
2026-02-13,1,15,0,0,0,28.05836858380423
2026-02-13,1,16,0,1,0,53.71007006701912
2026-02-13,1,17,0,0,0,62.93995916426678
2026-02-13,1,18,0,0,0,64.69750619719139
2026-02-13,1,19,0,0,0,62.05374261018047
2026-02-13,1,20,0,0,0,44.7406625213356
2026-02-13,1,21,0,0,0,38.26728841237151
2026-02-13,1,22,0,0,0,23.459195299354725
2026-02-13,1,23,0,0,0,28.304832405798194
2026-02-13,2,0,0,0,0,12.416626719253728
2026-02-13,2,1,0,0,0,8.898751791606132
2026-02-13,2,2,0,1,0,23.498948464356438
2026-02-13,2,3,0,1,0,19.799631148115306
2026-02-13,2,4,0,0,0,3.9309958704458374
2026-02-13,2,5,0,0,1,13.097634582109174
2026-02-13,2,6,0,0,0,29.63192885074386
2026-02-13,2,7,0,0,0,30.362805348518208
2026-02-13,2,8,0,0,0,42.3547369397667
2026-02-13,2,9,0,0,0,59.28485452962335
2026-02-13,2,10,0,1,0,61.7723571415289
2026-02-13,2,11,0,1,0,45.10166233719853
2026-02-13,2,12,0,0,0,28.954501257972286
2026-02-13,2,13,0,0,0,23.34433814796774
2026-02-13,2,14,0,0,0,24.780323953072777
2026-02-13,2,15,0,0,1,44.05254071473438
2026-02-13,2,16,0,0,0,48.91449677494839
2026-02-13,2,17,0,0,0,55.23072039138681
2026-02-13,2,18,0,0,0,58.75828157745048
2026-02-13,2,19,0,0,1,68.19824170490102
2026-02-13,2,20,0,0,0,45.885089899571675
2026-02-13,2,21,0,0,0,35.07294692338306
2026-02-13,2,22,0,0,0,25.264365227952005
2026-02-13,2,23,0,0,0,27.309090441723768
2026-02-13,3,0,0,0,0,12.994037831816637
2026-02-13,3,1,0,0,0,3.161514795915762
2026-02-13,3,2,0,0,0,12.634461903474373
2026-02-13,3,3,0,1,0,20.514169747923155
2026-02-13,3,4,0,0,0,7.366616315247799
2026-02-13,3,5,0,0,0,10.23757767724884
2026-02-13,3,6,0,0,0,31.914667889458162
2026-02-13,3,7,0,1,0,46.75993357764303
2026-02-13,3,8,0,0,1,57.44976236150881
2026-02-13,3,9,0,0,0,57.93964333535805
2026-02-13,3,10,0,0,0,46.621112619898454
2026-02-13,3,11,0,0,0,40.346222550574225
2026-02-13,3,12,0,0,0,25.00520519729393
2026-02-13,3,13,0,1,0,29.7226152604067
2026-02-13,3,14,0,0,0,27.61200657094977
2026-02-13,3,15,0,0,0,31.64608491901577
2026-02-13,3,16,0,0,0,45.321098205360855
2026-02-13,3,17,0,1,0,82.37401211553308
2026-02-13,3,18,0,1,0,78.62461903619143
2026-02-13,3,19,0,1,0,74.52321414978523
2026-02-13,3,20,0,0,0,45.768024544131826
2026-02-13,3,21,0,0,0,30.14182492089556
2026-02-13,3,22,0,0,0,29.005449672207092
2026-02-13,3,23,0,0,0,24.942156270590147
2026-02-13,4,0,0,0,0,3.471414493765876
2026-02-13,4,1,0,0,1,10.611072019610289
2026-02-13,4,2,0,1,0,22.502849911281356
2026-02-13,4,3,0,0,0,0.0
2026-02-13,4,4,0,0,0,2.2998166641860647
2026-02-13,4,5,0,0,0,0.2542529902515307
2026-02-13,4,6,0,0,0,17.51403170445885
2026-02-13,4,7,0,0,0,25.750616616967104
2026-02-13,4,8,0,1,0,58.637713986665176
2026-02-13,4,9,0,0,0,57.323468649131
2026-02-13,4,10,0,0,0,46.140426775318424
2026-02-13,4,11,0,1,0,43.17346239304331
2026-02-13,4,12,0,0,0,16.962410400434532
2026-02-13,4,13,0,0,0,15.998639563130595
2026-02-13,4,14,0,0,0,16.98175818907383
2026-02-13,4,15,0,0,0,27.527854072960466
2026-02-13,4,16,0,0,0,40.66924290049068
2026-02-13,4,17,0,0,0,59.86567828165446
2026-02-13,4,18,0,0,0,57.05268178025534
2026-02-13,4,19,0,0,0,59.293457854522
2026-02-13,4,20,0,0,0,43.65512484619423
2026-02-13,4,21,0,0,0,28.580674970542464
2026-02-13,4,22,0,0,0,18.518142393023332
2026-02-13,4,23,0,0,0,18.625278980865332
2026-02-13,5,0,0,0,0,7.297177517174327
2026-02-13,5,1,0,0,0,0.0
2026-02-13,5,2,0,0,0,8.224142053067819
2026-02-13,5,3,0,0,0,3.4668806066815
2026-02-13,5,4,0,0,0,7.7880111248381665
2026-02-13,5,5,0,0,1,6.542893741861451
2026-02-13,5,6,0,0,0,24.694920515836184
2026-02-13,5,7,0,0,1,37.521799949226235
2026-02-13,5,8,0,1,0,45.789727819810835
2026-02-13,5,9,0,0,0,55.44704779612742
2026-02-13,5,10,0,0,0,37.86940462933798
2026-02-13,5,11,0,0,0,36.641772362642875
2026-02-13,5,12,0,0,0,16.05887198072072
2026-02-13,5,13,0,1,0,25.988369889014628
2026-02-13,5,14,0,0,0,13.758868379970712
2026-02-13,5,15,0,0,0,24.174041083333204
2026-02-13,5,16,0,1,0,48.957829291422904
2026-02-13,5,17,0,0,0,53.22648688789117
2026-02-13,5,18,0,0,0,62.77219011270404
2026-02-13,5,19,0,0,0,53.32386528372396
2026-02-13,5,20,0,0,0,38.58233274641716
2026-02-13,5,21,0,0,0,27.32003076326133
2026-02-13,5,22,0,0,0,21.656343629502054
2026-02-13,5,23,0,0,0,11.885692205409338
2026-02-14,0,0,1,0,0,18.790278695409953
2026-02-14,0,1,1,0,0,13.338504470749827
2026-02-14,0,2,1,0,0,16.99384676709835
2026-02-14,0,3,1,0,0,9.093531398191821
2026-02-14,0,4,1,0,0,15.682026263669043
2026-02-14,0,5,1,1,0,30.012383955620862
2026-02-14,0,6,1,0,0,31.843550583398414
2026-02-14,0,7,1,0,0,37.49845623853402
2026-02-14,0,8,1,0,0,44.512478374977086
2026-02-14,0,9,1,0,0,51.152642311559006
2026-02-14,0,10,1,0,0,52.102396951483485
2026-02-14,0,11,1,0,0,26.5204591047355
2026-02-14,0,12,1,0,0,32.285677177126544
2026-02-14,0,13,1,0,0,30.418159812755313
2026-02-14,0,14,1,0,0,29.979146681221803
2026-02-14,0,15,1,0,0,37.926634920310924
2026-02-14,0,16,1,1,0,45.77320552574495
2026-02-14,0,17,1,0,0,52.64388693307626
2026-02-14,0,18,1,0,0,54.111726585269
2026-02-14,0,19,1,0,1,61.0411528043534
2026-02-14,0,20,1,0,0,42.138921435215124
2026-02-14,0,21,1,0,0,28.738313742126234
2026-02-14,0,22,1,0,0,30.82936782444313
2026-02-14,0,23,1,0,0,21.58879226184998
2026-02-14,1,0,1,1,0,17.11264786057628
2026-02-14,1,1,1,0,0,8.363719473677076
2026-02-14,1,2,1,0,0,8.619081624111805
2026-02-14,1,3,1,0,0,6.975575885454419
2026-02-14,1,4,1,0,0,13.102532827613796
2026-02-14,1,5,1,0,0,12.93055414377442
2026-02-14,1,6,1,0,0,22.30687983438519
2026-02-14,1,7,1,0,0,37.283536425901396
2026-02-14,1,8,1,1,1,59.275369562973424
2026-02-14,1,9,1,0,0,45.12896791591305
2026-02-14,1,10,1,0,0,43.64232895834661
2026-02-14,1,11,1,0,1,37.799598185350064
2026-02-14,1,12,1,0,0,30.68466410123128
2026-02-14,1,13,1,0,0,26.283140694885446
2026-02-14,1,14,1,0,0,23.490788630339537
2026-02-14,1,15,1,0,0,28.9952843605445
2026-02-14,1,16,1,1,1,52.25391279862549
2026-02-14,1,17,1,0,0,51.284335146131546
2026-02-14,1,18,1,1,1,69.8988540385153
2026-02-14,1,19,1,0,0,45.52563301455018
2026-02-14,1,20,1,0,0,36.03504100792675
2026-02-14,1,21,1,0,0,28.414429349344303
2026-02-14,1,22,1,0,0,26.732208296600035
2026-02-14,1,23,1,1,0,26.743047829256675
2026-02-14,2,0,1,1,0,19.147626497230085
2026-02-14,2,1,1,0,0,9.752525302076311
2026-02-14,2,2,1,0,0,10.525576122990492
2026-02-14,2,3,1,0,0,16.474472102311918
2026-02-14,2,4,1,0,0,12.372455602900457
2026-02-14,2,5,1,0,0,15.71160439829526
2026-02-14,2,6,1,0,0,24.307616104356956
2026-02-14,2,7,1,0,0,30.298470174492376
2026-02-14,2,8,1,1,0,46.93466261115317
2026-02-14,2,9,1,0,0,41.625862475979545
2026-02-14,2,10,1,0,0,39.92875436015767
2026-02-14,2,11,1,0,1,33.85147466928624
2026-02-14,2,12,1,0,0,25.972093045242982
2026-02-14,2,13,1,0,0,20.170805851256624
2026-02-14,2,14,1,1,0,33.84133814693651
2026-02-14,2,15,1,0,0,29.575125631906335
2026-02-14,2,16,1,0,0,30.48989076243333
2026-02-14,2,17,1,0,0,48.655559057807004
2026-02-14,2,18,1,1,0,64.90308938123094
2026-02-14,2,19,1,0,1,58.21428218516992
2026-02-14,2,20,1,0,0,36.11974212125408
2026-02-14,2,21,1,0,1,33.45809021791076
2026-02-14,2,22,1,0,0,28.974947679470866
2026-02-14,2,23,1,0,0,17.715921967152845
2026-02-14,3,0,1,0,0,12.897791921750384
2026-02-14,3,1,1,0,0,4.265016403181408
2026-02-14,3,2,1,0,0,9.136672469905427
2026-02-14,3,3,1,0,0,10.996275623150032
2026-02-14,3,4,1,0,0,14.403010621280734
2026-02-14,3,5,1,1,0,25.202834724473796
2026-02-14,3,6,1,0,1,34.777748574816194
2026-02-14,3,7,1,0,0,36.14727978938346
2026-02-14,3,8,1,0,0,43.56649229985371
2026-02-14,3,9,1,0,0,50.35348213490275
2026-02-14,3,10,1,0,0,45.81669042233924
2026-02-14,3,11,1,0,0,34.90578920036353
2026-02-14,3,12,1,0,0,29.20242830230436
2026-02-14,3,13,1,0,0,19.50166359990981
2026-02-14,3,14,1,0,0,31.06738944508313
2026-02-14,3,15,1,0,0,36.98724213238801
2026-02-14,3,16,1,0,0,41.47346946395201
2026-02-14,3,17,1,0,0,41.43384502263927
2026-02-14,3,18,1,0,0,56.26287763630484
2026-02-14,3,19,1,0,0,54.71017648692482
2026-02-14,3,20,1,1,0,51.00191264071081
2026-02-14,3,21,1,0,0,39.949648308773476
2026-02-14,3,22,1,0,0,28.43713514597747
2026-02-14,3,23,1,0,0,24.179610141095488
2026-02-14,4,0,1,0,0,2.221069686872741
2026-02-14,4,1,1,1,0,12.864789060309578
2026-02-14,4,2,1,0,0,2.1339680564288224
2026-02-14,4,3,1,0,0,8.714242074568043
2026-02-14,4,4,1,0,0,7.946363070138019
2026-02-14,4,5,1,0,0,3.0674221860124082
2026-02-14,4,6,1,0,0,19.626508113094026
2026-02-14,4,7,1,0,0,31.91325808169729
2026-02-14,4,8,1,0,0,40.23536936832895
2026-02-14,4,9,1,1,0,55.661811759592176
2026-02-14,4,10,1,0,0,42.54360780559119
2026-02-14,4,11,1,0,0,23.742448714909703
2026-02-14,4,12,1,1,0,38.45325284684344
2026-02-14,4,13,1,0,0,31.374022517664088
2026-02-14,4,14,1,0,0,16.21722253156351
2026-02-14,4,15,1,0,0,20.89035669688275
2026-02-14,4,16,1,0,0,30.28444249027635
2026-02-14,4,17,1,1,0,56.017624217023354
2026-02-14,4,18,1,0,0,47.15034314134914
2026-02-14,4,19,1,0,0,40.635134075838074
2026-02-14,4,20,1,0,0,32.95580556062348
2026-02-14,4,21,1,0,0,27.871795861733197
2026-02-14,4,22,1,0,0,21.57750271934834
2026-02-14,4,23,1,0,0,23.47045201954112
2026-02-14,5,0,1,0,0,0.0
2026-02-14,5,1,1,0,0,0.0
2026-02-14,5,2,1,0,1,11.52023760052415
2026-02-14,5,3,1,0,0,0.0
2026-02-14,5,4,1,0,1,12.44776896930253
2026-02-14,5,5,1,0,0,0.0
2026-02-14,5,6,1,0,0,16.76244522522545
2026-02-14,5,7,1,0,0,20.123980233192814
2026-02-14,5,8,1,0,0,28.17751397034251
2026-02-14,5,9,1,0,0,35.894261657034676
2026-02-14,5,10,1,0,1,45.587580039348246
2026-02-14,5,11,1,0,0,25.461586351635304
2026-02-14,5,12,1,0,0,16.366117370923973
2026-02-14,5,13,1,0,0,22.15039622755771
2026-02-14,5,14,1,1,0,32.42421787277226
2026-02-14,5,15,1,0,0,21.032839969570333
2026-02-14,5,16,1,0,0,31.281862000099977
2026-02-14,5,17,1,1,0,49.412050615588534
2026-02-14,5,18,1,0,0,46.62308950411565
2026-02-14,5,19,1,0,0,35.8561265454832
2026-02-14,5,20,1,0,0,27.71190876512869
2026-02-14,5,21,1,0,0,19.040875643393004
2026-02-14,5,22,1,1,0,28.28585099491481
2026-02-14,5,23,1,1,0,21.936494384544662
2026-02-15,0,0,1,0,0,12.582498568065493
2026-02-15,0,1,1,0,0,14.36480456043619
2026-02-15,0,2,1,0,0,11.063708370826248
2026-02-15,0,3,1,1,0,23.776590898613286
2026-02-15,0,4,1,0,0,6.904125417885788
2026-02-15,0,5,1,0,0,16.526392929545754
2026-02-15,0,6,1,0,0,24.374876953482026
2026-02-15,0,7,1,0,0,37.16041859198967
2026-02-15,0,8,1,0,0,44.17489691315105
2026-02-15,0,9,1,0,0,52.42729783014343
2026-02-15,0,10,1,0,0,47.65867203519279
2026-02-15,0,11,1,0,0,35.43122733607486
2026-02-15,0,12,1,0,0,33.62135265288084
2026-02-15,0,13,1,0,0,31.182052214421795
2026-02-15,0,14,1,1,1,47.74277537269566
2026-02-15,0,15,1,0,0,42.24228960541004
2026-02-15,0,16,1,0,0,51.16069457871862
2026-02-15,0,17,1,0,0,51.76548071941969
2026-02-15,0,18,1,0,0,59.80620140011468
2026-02-15,0,19,1,0,0,50.53731201147618
2026-02-15,0,20,1,0,0,40.66027908309316
2026-02-15,0,21,1,1,0,44.60768842521466
2026-02-15,0,22,1,0,0,29.326525994529543
2026-02-15,0,23,1,0,0,32.998897396834806
2026-02-15,1,0,1,0,0,7.5139453590228165
2026-02-15,1,1,1,0,0,15.453685247472908
2026-02-15,1,2,1,1,0,22.378339611804225
2026-02-15,1,3,1,0,0,8.209982831712196
2026-02-15,1,4,1,0,0,9.457128577605141
2026-02-15,1,5,1,0,1,19.682646657106858
2026-02-15,1,6,1,0,0,23.918370265418535
2026-02-15,1,7,1,0,0,37.74005396949403
2026-02-15,1,8,1,0,0,43.3008730295975
2026-02-15,1,9,1,0,0,42.97986244961896
2026-02-15,1,10,1,0,0,47.830372804563666
2026-02-15,1,11,1,0,0,32.83294643476285
2026-02-15,1,12,1,0,0,24.41024414811524
2026-02-15,1,13,1,0,0,25.805135275341595
2026-02-15,1,14,1,0,0,26.640054913540066
2026-02-15,1,15,1,1,0,37.03375877370316
2026-02-15,1,16,1,0,0,43.17468552669032
2026-02-15,1,17,1,0,0,51.066151359556784
2026-02-15,1,18,1,0,0,49.66205010048236
2026-02-15,1,19,1,0,1,47.1605411385575
2026-02-15,1,20,1,0,0,39.30039722025198
2026-02-15,1,21,1,0,0,38.05866108900908
2026-02-15,1,22,1,0,0,24.220006248605348
2026-02-15,1,23,1,0,0,16.8051006871772
2026-02-15,2,0,1,0,0,12.467091855030368
2026-02-15,2,1,1,1,0,25.703261956046596
2026-02-15,2,2,1,0,0,10.772451217024786
2026-02-15,2,3,1,0,0,8.40435884131071
2026-02-15,2,4,1,0,0,11.331360336781255
2026-02-15,2,5,1,0,0,17.857857549174916
2026-02-15,2,6,1,0,0,24.138317934991267
2026-02-15,2,7,1,0,0,33.19284485245327
2026-02-15,2,8,1,0,1,50.152604462227636
2026-02-15,2,9,1,0,0,42.675757223758865
2026-02-15,2,10,1,0,0,40.094346332336904
2026-02-15,2,11,1,0,0,31.81360614768076
2026-02-15,2,12,1,0,0,30.2553490531169
2026-02-15,2,13,1,0,0,13.686420094697398
2026-02-15,2,14,1,0,0,24.81647807224116
2026-02-15,2,15,1,0,0,27.596072941268407
2026-02-15,2,16,1,0,1,46.537342096412175
2026-02-15,2,17,1,0,0,42.93386810769659
2026-02-15,2,18,1,0,0,45.96988619318006
2026-02-15,2,19,1,0,0,39.224311906450296
2026-02-15,2,20,1,0,0,38.3143267155644
2026-02-15,2,21,1,0,0,29.42623844002982
2026-02-15,2,22,1,0,0,22.78919666858351
2026-02-15,2,23,1,0,0,28.027673429518345
2026-02-15,3,0,1,0,0,16.39008606014196
2026-02-15,3,1,1,0,0,16.071617894053173
2026-02-15,3,2,1,0,0,16.591205574136648
2026-02-15,3,3,1,1,0,32.69856205203605
2026-02-15,3,4,1,0,0,23.60178860361348
2026-02-15,3,5,1,0,0,8.683733193809815
2026-02-15,3,6,1,0,0,27.619974194977434
2026-02-15,3,7,1,0,0,36.25107632113836
2026-02-15,3,8,1,0,0,46.963647400603605
2026-02-15,3,9,1,0,0,54.57466302401135
2026-02-15,3,10,1,0,0,51.46214159112466
2026-02-15,3,11,1,0,0,33.952428869000116
2026-02-15,3,12,1,0,0,27.123218882509576
2026-02-15,3,13,1,0,0,26.0345489210744
2026-02-15,3,14,1,0,0,24.07944804755454
2026-02-15,3,15,1,0,0,26.550388934782312
2026-02-15,3,16,1,0,0,39.35547582709294
2026-02-15,3,17,1,0,0,48.26885019134572
2026-02-15,3,18,1,0,0,62.73725515118045
2026-02-15,3,19,1,0,0,54.15699819575007
2026-02-15,3,20,1,0,0,39.27606197248326
2026-02-15,3,21,1,1,0,42.604506658185464
2026-02-15,3,22,1,0,0,36.61113772653772
2026-02-15,3,23,1,0,0,24.090540796278653
2026-02-15,4,0,1,0,0,0.0
2026-02-15,4,1,1,0,0,0.0
2026-02-15,4,2,1,0,0,5.692723422957029
2026-02-15,4,3,1,1,0,12.6402436602651
2026-02-15,4,4,1,0,1,18.719713875044214
2026-02-15,4,5,1,0,0,9.382715622993272
2026-02-15,4,6,1,0,0,21.194730242249634
2026-02-15,4,7,1,0,0,28.529352369293466
2026-02-15,4,8,1,0,0,28.506802553316103
2026-02-15,4,9,1,0,0,43.9718393282837
2026-02-15,4,10,1,0,0,35.793013771305105
2026-02-15,4,11,1,0,0,27.11820224844841
2026-02-15,4,12,1,0,0,24.750100546094693
2026-02-15,4,13,1,0,0,17.53288219773013
2026-02-15,4,14,1,0,0,18.580903622606094
2026-02-15,4,15,1,0,0,23.78533466512591
2026-02-15,4,16,1,0,1,45.88227396060743
2026-02-15,4,17,1,1,0,58.76390169202612
2026-02-15,4,18,1,0,1,60.77833108526798
2026-02-15,4,19,1,0,0,41.54446646647459
2026-02-15,4,20,1,0,0,31.695009812427518
2026-02-15,4,21,1,1,0,40.643321946368715
2026-02-15,4,22,1,0,0,23.456638100724952
2026-02-15,4,23,1,0,0,21.1364351041706
2026-02-15,5,0,1,0,0,0.0
2026-02-15,5,1,1,1,0,9.656110858589415
2026-02-15,5,2,1,1,0,13.43434057944671
2026-02-15,5,3,1,0,0,0.37648286044185486
2026-02-15,5,4,1,0,0,5.658829814918034
2026-02-15,5,5,1,1,0,15.986197271590818
2026-02-15,5,6,1,0,0,21.116904495927272
2026-02-15,5,7,1,0,0,28.372607413454404
2026-02-15,5,8,1,0,0,33.00039725764198
2026-02-15,5,9,1,0,0,35.322538124051
2026-02-15,5,10,1,0,0,33.5571521876005
2026-02-15,5,11,1,0,0,19.440980509384822
2026-02-15,5,12,1,0,0,21.2696785444287
2026-02-15,5,13,1,0,0,12.825279093820374
2026-02-15,5,14,1,0,0,19.447304917441695
2026-02-15,5,15,1,0,0,17.311025296152913
2026-02-15,5,16,1,0,0,32.49367334409872
2026-02-15,5,17,1,0,0,33.5484820878214
2026-02-15,5,18,1,0,0,37.900363787549146
2026-02-15,5,19,1,0,0,31.514330174597244
2026-02-15,5,20,1,0,1,30.74421952295162
2026-02-15,5,21,1,0,0,22.12544799048934
2026-02-15,5,22,1,0,0,21.07328689472834
2026-02-15,5,23,1,0,0,20.49522328300914
2026-02-16,0,0,0,0,1,9.588956871291922
2026-02-16,0,1,0,0,0,18.802473916505857
2026-02-16,0,2,0,0,0,21.703663066499892
2026-02-16,0,3,0,0,1,30.732885360760783
2026-02-16,0,4,0,0,0,12.385074800409537
2026-02-16,0,5,0,0,0,17.851725785676543
2026-02-16,0,6,0,0,0,31.029631353302317
2026-02-16,0,7,0,0,0,38.70241498853859
2026-02-16,0,8,0,0,0,60.65334654801545
2026-02-16,0,9,0,0,0,59.82770201167491
2026-02-16,0,10,0,1,0,68.4218735857007
2026-02-16,0,11,0,0,0,41.7953760475229
2026-02-16,0,12,0,0,0,29.479345707481247
2026-02-16,0,13,0,0,0,33.91088681408298
2026-02-16,0,14,0,1,0,42.80231342143716
2026-02-16,0,15,0,0,0,40.68261109994118
2026-02-16,0,16,0,1,1,66.93605066443651
2026-02-16,0,17,0,0,0,58.29512037754652
2026-02-16,0,18,0,0,0,73.34954441147146
2026-02-16,0,19,0,0,0,71.86504438885791
2026-02-16,0,20,0,0,0,41.975729018538686
2026-02-16,0,21,0,0,0,39.15407065971102
2026-02-16,0,22,0,1,0,41.653159390619884
2026-02-16,0,23,0,0,0,26.249062006507426
2026-02-16,1,0,0,0,0,12.05847608470218
2026-02-16,1,1,0,0,0,11.301091423746126
2026-02-16,1,2,0,0,0,10.707008086064153
2026-02-16,1,3,0,0,1,14.946504966581333
2026-02-16,1,4,0,0,0,13.447000691184675
2026-02-16,1,5,0,1,0,25.909873453951185
2026-02-16,1,6,0,0,0,30.25195457849102
2026-02-16,1,7,0,0,0,36.44288627617689
2026-02-16,1,8,0,1,0,56.77159448544373
2026-02-16,1,9,0,0,0,63.62320479562127
2026-02-16,1,10,0,0,0,49.30168538360161
2026-02-16,1,11,0,0,0,42.42539809351786
2026-02-16,1,12,0,0,0,32.21088577832867
2026-02-16,1,13,0,0,0,30.579571897627048
2026-02-16,1,14,0,0,1,29.204413669858678
2026-02-16,1,15,0,0,0,39.587427752546404
2026-02-16,1,16,0,0,0,57.223216662357174
2026-02-16,1,17,0,1,1,84.22523613037693
2026-02-16,1,18,0,0,0,66.60303041488032
2026-02-16,1,19,0,0,0,57.87951312772158
2026-02-16,1,20,0,0,0,43.32334632175287
2026-02-16,1,21,0,1,0,37.28430608283149
2026-02-16,1,22,0,0,0,35.448354348218004
2026-02-16,1,23,0,0,0,30.01487761140067
2026-02-16,2,0,0,0,0,16.15433213293764
2026-02-16,2,1,0,0,1,18.445905843620498
2026-02-16,2,2,0,0,0,9.92685215434783
2026-02-16,2,3,0,1,0,21.910501405855847
2026-02-16,2,4,0,0,0,7.179726277597078
2026-02-16,2,5,0,0,0,13.442871354930567
2026-02-16,2,6,0,0,0,23.2390952045986
2026-02-16,2,7,0,0,0,35.7634758769265
2026-02-16,2,8,0,0,0,49.226764513975525
2026-02-16,2,9,0,1,0,63.977046213800435
2026-02-16,2,10,0,0,0,56.83843603407278
2026-02-16,2,11,0,0,0,34.51810284716619
2026-02-16,2,12,0,0,0,18.234121775980203
2026-02-16,2,13,0,0,0,21.326791563029847
2026-02-16,2,14,0,0,0,24.39552798584849
2026-02-16,2,15,0,0,0,27.523221435660048
2026-02-16,2,16,0,0,0,39.74595707603913
2026-02-16,2,17,0,0,0,62.14029650246284
2026-02-16,2,18,0,0,1,71.08395161040198
2026-02-16,2,19,0,0,0,54.696483550203624
2026-02-16,2,20,0,0,0,41.73415395212213
2026-02-16,2,21,0,1,0,42.5564311784376
2026-02-16,2,22,0,0,0,23.89679932619038
2026-02-16,2,23,0,0,0,20.10720970171539
2026-02-16,3,0,0,0,0,14.845955366029912
2026-02-16,3,1,0,0,0,5.65122884571681
2026-02-16,3,2,0,0,0,20.94550832032068
2026-02-16,3,3,0,0,0,17.16900429241973
2026-02-16,3,4,0,0,0,11.812517075091472
2026-02-16,3,5,0,0,1,16.81111620979344
2026-02-16,3,6,0,0,0,25.982049784706398
2026-02-16,3,7,0,0,0,43.04550682419038
2026-02-16,3,8,0,0,1,67.97932757217274
2026-02-16,3,9,0,0,0,68.83322707747591
2026-02-16,3,10,0,0,0,48.08227271787201
2026-02-16,3,11,0,0,0,40.039731118296146
2026-02-16,3,12,0,0,0,27.62010501595769
2026-02-16,3,13,0,1,0,37.422690555376995
2026-02-16,3,14,0,0,1,32.41064774345806
2026-02-16,3,15,0,0,0,31.571624182938393
2026-02-16,3,16,0,0,0,44.804589712796265
2026-02-16,3,17,0,1,0,69.06339320971756
2026-02-16,3,18,0,1,0,83.77886095775136
2026-02-16,3,19,0,0,0,63.44053102458029
2026-02-16,3,20,0,0,0,47.87437161556008
2026-02-16,3,21,0,0,0,38.543571840550605
2026-02-16,3,22,0,0,0,31.984647453403152
2026-02-16,3,23,0,0,0,23.28376598311166
2026-02-16,4,0,0,0,0,12.720903037619461
2026-02-16,4,1,0,0,0,6.709668715856403
2026-02-16,4,2,0,0,0,0.0
2026-02-16,4,3,0,1,0,7.807674686477917
2026-02-16,4,4,0,0,0,7.665836761279042
2026-02-16,4,5,0,0,0,4.634648372710152
2026-02-16,4,6,0,0,0,15.301299334625067
2026-02-16,4,7,0,0,0,33.65161927291613
2026-02-16,4,8,0,0,0,48.61466738051623
2026-02-16,4,9,0,0,0,52.90365237979511
2026-02-16,4,10,0,0,0,46.00179278281122
2026-02-16,4,11,0,1,0,42.07872009416209
2026-02-16,4,12,0,1,0,30.349326998465948
2026-02-16,4,13,0,0,0,18.53055361034614
2026-02-16,4,14,0,0,0,22.625751953564688
2026-02-16,4,15,0,0,0,38.15409585579834
2026-02-16,4,16,0,1,0,59.671358689195806
2026-02-16,4,17,0,0,1,61.50655041500267
2026-02-16,4,18,0,1,0,67.96833875876918
2026-02-16,4,19,0,0,0,55.35050004309433
2026-02-16,4,20,0,0,0,39.23440788472912
2026-02-16,4,21,0,0,0,24.83245048654711
2026-02-16,4,22,0,1,0,33.94729885434761
2026-02-16,4,23,0,0,0,15.63517388820531
2026-02-16,5,0,0,0,0,3.6761558566114907
2026-02-16,5,1,0,0,0,0.0
2026-02-16,5,2,0,0,0,5.965464594211602
2026-02-16,5,3,0,1,0,24.292889888385364
2026-02-16,5,4,0,0,0,3.400635901211727
2026-02-16,5,5,0,0,0,0.6185017866268727
2026-02-16,5,6,0,0,0,29.504984980167393
2026-02-16,5,7,0,0,0,29.093464955613268
2026-02-16,5,8,0,0,0,44.518000030500595
2026-02-16,5,9,0,0,0,50.26917018568652
2026-02-16,5,10,0,0,0,46.43105884528236
2026-02-16,5,11,0,0,0,25.38506768042095
2026-02-16,5,12,0,0,1,33.30665533399949
2026-02-16,5,13,0,0,0,19.546286491379693
2026-02-16,5,14,0,0,0,21.43960107666185
2026-02-16,5,15,0,0,0,24.747738783588648
2026-02-16,5,16,0,0,0,35.15147903056933
2026-02-16,5,17,0,0,0,61.71913023859344
2026-02-16,5,18,0,0,1,68.07942875179035
2026-02-16,5,19,0,0,0,50.24778497241346
2026-02-16,5,20,0,0,0,31.590904604125857
2026-02-16,5,21,0,0,0,26.436695449865393
2026-02-16,5,22,0,0,0,21.82374408016468
2026-02-16,5,23,0,0,0,17.766491530104894
2026-02-17,0,0,0,0,0,6.077547420832325
2026-02-17,0,1,0,0,0,22.737827627769306
2026-02-17,0,2,0,1,0,26.463505434883373
2026-02-17,0,3,0,0,0,14.747747565949053
2026-02-17,0,4,0,0,0,15.202098575507973
2026-02-17,0,5,0,0,0,13.136835806199132
2026-02-17,0,6,0,1,0,45.71140930148188
2026-02-17,0,7,0,0,0,41.71107492603121
2026-02-17,0,8,0,0,0,53.38391176400611
2026-02-17,0,9,0,0,0,59.08499412998925
2026-02-17,0,10,0,0,0,58.29175358289235
2026-02-17,0,11,0,0,0,40.063749799170594
2026-02-17,0,12,0,0,0,27.070689841889955
2026-02-17,0,13,0,0,0,31.012183780021555
2026-02-17,0,14,0,0,0,23.760797593569773
2026-02-17,0,15,0,0,0,34.79269990242874
2026-02-17,0,16,0,0,0,52.5987085673775
2026-02-17,0,17,0,0,0,59.36800858916682
2026-02-17,0,18,0,1,0,80.52738210481098
2026-02-17,0,19,0,0,0,66.61117974202708
2026-02-17,0,20,0,0,0,52.856862382005914
2026-02-17,0,21,0,1,0,48.76042657382932
2026-02-17,0,22,0,0,0,31.880629955819604
2026-02-17,0,23,0,0,0,29.94962204771271
2026-02-17,1,0,0,0,0,16.887339151790314
2026-02-17,1,1,0,0,0,9.536125476337467
2026-02-17,1,2,0,0,1,20.133862322423152
2026-02-17,1,3,0,0,0,7.645652763229539
2026-02-17,1,4,0,0,0,15.548557741914419
2026-02-17,1,5,0,0,0,16.577641950790856
2026-02-17,1,6,0,0,1,39.84252799004512
2026-02-17,1,7,0,0,0,36.19321916647061
2026-02-17,1,8,0,1,0,61.263335060021824
2026-02-17,1,9,0,0,0,53.8331916663521
2026-02-17,1,10,0,1,0,63.44812270602178
2026-02-17,1,11,0,0,0,38.32646800546601
2026-02-17,1,12,0,1,0,40.648914722989446
2026-02-17,1,13,0,0,0,19.587568222407818
2026-02-17,1,14,0,0,0,23.35385707207656
2026-02-17,1,15,0,1,0,42.317845979419744
2026-02-17,1,16,0,0,0,41.45165088539851
2026-02-17,1,17,0,1,0,73.54852218967174
2026-02-17,1,18,0,0,1,71.36329686632725
2026-02-17,1,19,0,0,0,60.67136055262705
2026-02-17,1,20,0,1,0,58.44222156956861
2026-02-17,1,21,0,1,0,44.16305192881494
2026-02-17,1,22,0,1,0,41.2443725486827
2026-02-17,1,23,0,1,0,47.663861234113185
2026-02-17,2,0,0,0,0,10.962542008920122
2026-02-17,2,1,0,0,0,18.459826482659857
2026-02-17,2,2,0,0,0,8.1863298200545
2026-02-17,2,3,0,0,1,18.38803933804381
2026-02-17,2,4,0,0,0,11.648017659960871
2026-02-17,2,5,0,0,0,13.94805967123185
2026-02-17,2,6,0,0,0,26.692504147515304
2026-02-17,2,7,0,0,0,28.401450065516144
2026-02-17,2,8,0,0,0,50.1154159218702
2026-02-17,2,9,0,0,0,65.07720824289443
2026-02-17,2,10,0,0,0,52.50666478356922
2026-02-17,2,11,0,1,0,39.73743214966945
2026-02-17,2,12,0,0,0,29.674558150205776
2026-02-17,2,13,0,0,0,20.34430710434859
2026-02-17,2,14,0,0,0,22.35893727061108
2026-02-17,2,15,0,1,0,41.22858938572687
2026-02-17,2,16,0,0,0,52.51812965191325
2026-02-17,2,17,0,0,0,51.60629915183597
2026-02-17,2,18,0,0,0,63.2245018860877
2026-02-17,2,19,0,1,0,57.8298012110679
2026-02-17,2,20,0,0,0,44.15112990892865
2026-02-17,2,21,0,0,0,36.148801591577865
2026-02-17,2,22,0,1,0,33.62883955393654
2026-02-17,2,23,0,0,0,29.367673366841366
2026-02-17,3,0,0,0,0,22.367788248740556
2026-02-17,3,1,0,0,0,12.20424711328411
2026-02-17,3,2,0,0,1,26.02299464347795
2026-02-17,3,3,0,1,0,21.60147859157173
2026-02-17,3,4,0,0,0,5.63532864323836
2026-02-17,3,5,0,0,0,11.030928570518645
2026-02-17,3,6,0,1,0,43.887971836808745
2026-02-17,3,7,0,0,0,37.85112094140211
2026-02-17,3,8,0,0,0,55.626517698500166
2026-02-17,3,9,0,0,0,66.03398741678977
2026-02-17,3,10,0,0,0,56.53300588190281
2026-02-17,3,11,0,0,0,39.77651668520037
2026-02-17,3,12,0,0,0,30.690295851413502
2026-02-17,3,13,0,0,0,20.305710263565175
2026-02-17,3,14,0,0,0,33.20049926921147
2026-02-17,3,15,0,0,0,36.64971670425273
2026-02-17,3,16,0,0,0,43.62622670141907
2026-02-17,3,17,0,0,0,60.685071140676
2026-02-17,3,18,0,0,0,64.5880829058196
2026-02-17,3,19,0,1,0,75.09991476845018
2026-02-17,3,20,0,0,0,51.73479936435298
2026-02-17,3,21,0,0,0,36.1058332854681
2026-02-17,3,22,0,0,0,28.914841652740098
2026-02-17,3,23,0,0,0,30.523694670931924
2026-02-17,4,0,0,0,0,10.321286933093727
2026-02-17,4,1,0,0,0,5.629751692676826
2026-02-17,4,2,0,1,0,14.888358133592124
2026-02-17,4,3,0,0,0,4.566473543215504
2026-02-17,4,4,0,0,0,4.341599267746008
2026-02-17,4,5,0,0,0,8.124123516922964
2026-02-17,4,6,0,0,0,14.778091081439849
2026-02-17,4,7,0,1,0,40.94143659980517
2026-02-17,4,8,0,0,0,54.72236527012401
2026-02-17,4,9,0,0,0,50.29879409644409
2026-02-17,4,10,0,1,0,53.270445204093114
2026-02-17,4,11,0,0,0,28.86507228835086
2026-02-17,4,12,0,0,0,17.52645307680023
2026-02-17,4,13,0,0,0,22.921607535036877
2026-02-17,4,14,0,0,0,15.832976914391695
2026-02-17,4,15,0,0,0,27.034035760758034
2026-02-17,4,16,0,0,0,33.58480597123603
2026-02-17,4,17,0,0,0,56.77890094789441
2026-02-17,4,18,0,0,0,58.02020430377598
2026-02-17,4,19,0,0,0,53.04324696449147
2026-02-17,4,20,0,0,0,37.617830303026224
2026-02-17,4,21,0,0,0,24.350354257326455
2026-02-17,4,22,0,0,0,21.120937127079475
2026-02-17,4,23,0,0,1,22.863266506943976
2026-02-17,5,0,0,0,0,0.0
2026-02-17,5,1,0,0,0,0.0
2026-02-17,5,2,0,0,0,2.5014276301812
2026-02-17,5,3,0,1,0,10.262363192294654
2026-02-17,5,4,0,0,0,0.0
2026-02-17,5,5,0,0,0,5.872352092261618
2026-02-17,5,6,0,0,0,19.690720137382147
2026-02-17,5,7,0,0,0,31.193974181589105
2026-02-17,5,8,0,0,0,43.42483533140019
2026-02-17,5,9,0,0,0,49.75226832123652
2026-02-17,5,10,0,0,0,41.65814503049159
2026-02-17,5,11,0,0,0,34.05047711901268
2026-02-17,5,12,0,1,0,29.696432441054107
2026-02-17,5,13,0,0,0,16.68622406206291
2026-02-17,5,14,0,0,0,20.23832285018512
2026-02-17,5,15,0,0,0,18.877603991671055
2026-02-17,5,16,0,0,0,44.1908786405644
2026-02-17,5,17,0,1,0,61.584926320576606
2026-02-17,5,18,0,0,1,64.49342664556859
2026-02-17,5,19,0,0,0,48.63724564815494
2026-02-17,5,20,0,0,0,31.665366540777946
2026-02-17,5,21,0,0,0,26.617890551123054
2026-02-17,5,22,0,0,0,23.399685411331475
2026-02-17,5,23,0,0,0,16.137775054976416
2026-02-18,0,0,0,0,0,22.399463751687712
2026-02-18,0,1,0,0,0,16.27653032734238
2026-02-18,0,2,0,0,0,16.95173366909274
2026-02-18,0,3,0,0,0,19.863553839470597
2026-02-18,0,4,0,0,0,14.036048925551802
2026-02-18,0,5,0,1,0,25.50693916867683
2026-02-18,0,6,0,1,0,44.990581539933316
2026-02-18,0,7,0,1,0,46.937254057241965
2026-02-18,0,8,0,0,0,54.78385377597893
2026-02-18,0,9,0,0,0,64.73094476812916
2026-02-18,0,10,0,0,0,51.182204144501846
2026-02-18,0,11,0,1,0,49.9406557132347
2026-02-18,0,12,0,0,1,43.11205975197069
2026-02-18,0,13,0,0,0,27.144259645097303
2026-02-18,0,14,0,0,0,23.746183920958426
2026-02-18,0,15,0,1,0,48.522283733289946
2026-02-18,0,16,0,0,0,46.73556133705752
2026-02-18,0,17,0,0,0,73.6878830443134
2026-02-18,0,18,0,0,0,75.46393715830695
2026-02-18,0,19,0,0,0,62.750769801747225
2026-02-18,0,20,0,0,0,48.77760325268398
2026-02-18,0,21,0,0,0,41.38363427367168
2026-02-18,0,22,0,0,0,22.949399861477477
2026-02-18,0,23,0,1,0,40.13218963205816
2026-02-18,1,0,0,1,0,27.41617160698537
2026-02-18,1,1,0,0,0,9.189826282372694
2026-02-18,1,2,0,0,0,18.18351150174321
2026-02-18,1,3,0,0,0,7.848368850944402
2026-02-18,1,4,0,0,0,13.247894543791826
2026-02-18,1,5,0,0,0,11.692590970877294
2026-02-18,1,6,0,0,0,22.39675473547417
2026-02-18,1,7,0,0,0,38.7642505505802
2026-02-18,1,8,0,0,0,44.81932858823803
2026-02-18,1,9,0,0,0,61.582936533808024
2026-02-18,1,10,0,0,0,52.12079867024697
2026-02-18,1,11,0,1,0,47.93985976658858
2026-02-18,1,12,0,1,0,29.282238572058965
2026-02-18,1,13,0,0,0,26.024979837872007
2026-02-18,1,14,0,0,0,19.405512628148863
2026-02-18,1,15,0,0,0,31.721255866157662
2026-02-18,1,16,0,0,0,47.76600992198032
2026-02-18,1,17,0,0,0,60.318609480735184
2026-02-18,1,18,0,0,0,63.006666837813206
2026-02-18,1,19,0,0,0,63.23247132540713
2026-02-18,1,20,0,0,0,50.35850194360919
2026-02-18,1,21,0,0,0,25.454951695515426
2026-02-18,1,22,0,0,0,28.56488201526568
2026-02-18,1,23,0,0,0,26.001392808973716
2026-02-18,2,0,0,0,0,7.193091616003428
2026-02-18,2,1,0,1,0,20.984802861981468
2026-02-18,2,2,0,1,0,19.964830717032207
2026-02-18,2,3,0,0,0,8.233111657875616
2026-02-18,2,4,0,0,0,11.766287391169483
2026-02-18,2,5,0,0,0,4.968523980616581
2026-02-18,2,6,0,0,0,21.823043977244303
2026-02-18,2,7,0,0,0,32.603287778400244
2026-02-18,2,8,0,0,1,51.32218682083405
2026-02-18,2,9,0,0,0,54.56628445107665
2026-02-18,2,10,0,1,0,58.25752637645189
2026-02-18,2,11,0,0,0,29.106450725766745
2026-02-18,2,12,0,0,1,33.038090537843765
2026-02-18,2,13,0,0,0,23.25966512476886
2026-02-18,2,14,0,1,0,33.591886662803894
2026-02-18,2,15,0,1,0,35.997476733439306
2026-02-18,2,16,0,1,0,55.51512537995073
2026-02-18,2,17,0,0,0,55.972218960971624
2026-02-18,2,18,0,0,0,70.67652152800541
2026-02-18,2,19,0,0,0,63.59669485295111
2026-02-18,2,20,0,0,0,42.994181454269906
2026-02-18,2,21,0,0,0,36.3833007822295
2026-02-18,2,22,0,1,0,31.60362407225744
2026-02-18,2,23,0,0,0,20.711030262449768
2026-02-18,3,0,0,0,0,14.74350672480277
2026-02-18,3,1,0,0,1,17.919921702002913
2026-02-18,3,2,0,0,0,8.99041561504206
2026-02-18,3,3,0,1,0,20.959262194388803
2026-02-18,3,4,0,0,0,15.569830554739935
2026-02-18,3,5,0,0,0,9.826487965087486
2026-02-18,3,6,0,0,1,35.911392601917456
2026-02-18,3,7,0,0,0,35.95795935449067
2026-02-18,3,8,0,0,0,52.533039856683295
2026-02-18,3,9,0,0,1,66.43541632728814
2026-02-18,3,10,0,0,0,44.05338035651231
2026-02-18,3,11,0,0,0,35.91743478369089
2026-02-18,3,12,0,0,0,35.234846142839785
2026-02-18,3,13,0,0,0,24.643798385477993
2026-02-18,3,14,0,0,0,25.858072757679842
2026-02-18,3,15,0,1,0,50.01683257602056
2026-02-18,3,16,0,1,0,61.159014612063295
2026-02-18,3,17,0,0,0,60.23869905935207
2026-02-18,3,18,0,0,0,71.08317583035546
2026-02-18,3,19,0,0,0,58.91520277990455
2026-02-18,3,20,0,0,0,54.19886791209834
2026-02-18,3,21,0,1,0,49.02854353639425
2026-02-18,3,22,0,0,0,26.725976085299873
2026-02-18,3,23,0,0,0,27.17589976620759
2026-02-18,4,0,0,0,1,15.659234562975445
2026-02-18,4,1,0,1,0,14.934011775145557
2026-02-18,4,2,0,0,0,5.8372795343762895
2026-02-18,4,3,0,0,0,3.8310340047891662
2026-02-18,4,4,0,0,0,0.0
2026-02-18,4,5,0,0,0,3.3721083737949833
2026-02-18,4,6,0,0,0,18.803640465125348
2026-02-18,4,7,0,0,0,38.73512283662907
2026-02-18,4,8,0,0,0,46.316087355615295
2026-02-18,4,9,0,1,1,72.52970939389238
2026-02-18,4,10,0,0,0,46.80900244408213
2026-02-18,4,11,0,0,0,24.31358234088001
2026-02-18,4,12,0,1,0,36.70418730991487
2026-02-18,4,13,0,0,1,27.357127358221273
2026-02-18,4,14,0,0,0,20.118889654442867
2026-02-18,4,15,0,0,0,24.736100476544554
2026-02-18,4,16,0,0,0,43.7897594936067
2026-02-18,4,17,0,0,0,54.442489961416534
2026-02-18,4,18,0,0,1,75.61039242094998
2026-02-18,4,19,0,1,0,61.00185061547265
2026-02-18,4,20,0,0,0,41.27880039389265
2026-02-18,4,21,0,0,0,28.941039093694606
2026-02-18,4,22,0,0,0,16.5406593589233
2026-02-18,4,23,0,0,0,21.15172294788163
2026-02-18,5,0,0,0,0,6.436943257951321
2026-02-18,5,1,0,0,0,6.999078832293453
2026-02-18,5,2,0,0,0,4.704344760850095
2026-02-18,5,3,0,0,0,4.864393818262624
2026-02-18,5,4,0,0,0,0.0
2026-02-18,5,5,0,0,0,8.638496017879365
2026-02-18,5,6,0,0,0,17.265060235369734
2026-02-18,5,7,0,0,0,31.94087711755278
2026-02-18,5,8,0,0,0,45.04494554053937
2026-02-18,5,9,0,0,0,50.62062050431657
2026-02-18,5,10,0,0,0,40.72569371546677
2026-02-18,5,11,0,0,0,32.41102689660676
2026-02-18,5,12,0,0,0,23.204044224089234
2026-02-18,5,13,0,0,0,14.552099565938194
2026-02-18,5,14,0,0,0,16.723677532875026
2026-02-18,5,15,0,0,0,24.888943397058043
2026-02-18,5,16,0,1,0,52.48037276097667
2026-02-18,5,17,0,0,0,47.172910960908716
2026-02-18,5,18,0,0,0,59.10217351853402
2026-02-18,5,19,0,0,0,45.24806002298337
2026-02-18,5,20,0,0,0,35.965447140885864
2026-02-18,5,21,0,0,0,27.785816823090975
2026-02-18,5,22,0,0,0,17.0905503608436
2026-02-18,5,23,0,0,0,21.662073790894958
2026-02-19,0,0,0,0,0,11.420843661184676
2026-02-19,0,1,0,0,0,15.30570890294645
2026-02-19,0,2,0,0,0,16.482455728757536
2026-02-19,0,3,0,0,0,14.523606430505415
2026-02-19,0,4,0,0,0,21.125763694583195
2026-02-19,0,5,0,0,0,14.753704735605748
2026-02-19,0,6,0,0,0,27.673049511667646
2026-02-19,0,7,0,0,0,37.39218450467803
2026-02-19,0,8,0,0,0,58.31521406332374
2026-02-19,0,9,0,0,0,61.09463813472611
2026-02-19,0,10,0,0,0,48.83305704550743
2026-02-19,0,11,0,1,0,55.04974082891135
2026-02-19,0,12,0,0,1,37.63613651621332
2026-02-19,0,13,0,0,0,24.55406669274431
2026-02-19,0,14,0,1,0,44.01861288754812
2026-02-19,0,15,0,0,0,36.76563396007032
2026-02-19,0,16,0,0,0,45.56769634040199
2026-02-19,0,17,0,0,0,65.61963891225899
2026-02-19,0,18,0,0,0,66.63756355783947
2026-02-19,0,19,0,0,0,67.27049741623146
2026-02-19,0,20,0,1,0,58.81142901655133
2026-02-19,0,21,0,0,0,37.40286386976175
2026-02-19,0,22,0,0,0,30.13774047079096
2026-02-19,0,23,0,0,0,25.809759735949125
2026-02-19,1,0,0,0,0,12.563141218891614
2026-02-19,1,1,0,0,0,10.44405274657492
2026-02-19,1,2,0,0,0,8.783394528146125
2026-02-19,1,3,0,0,1,21.33883494307198
2026-02-19,1,4,0,0,0,11.603240980244005
2026-02-19,1,5,0,1,1,31.58804814745846
2026-02-19,1,6,0,0,0,24.17616837604318
2026-02-19,1,7,0,0,0,35.51870838071658
2026-02-19,1,8,0,0,0,56.61241371187362
2026-02-19,1,9,0,0,0,57.17927201950043
2026-02-19,1,10,0,0,0,56.376389013483326
2026-02-19,1,11,0,0,0,42.21237445757306
2026-02-19,1,12,0,0,0,25.516917315907417
2026-02-19,1,13,0,0,0,19.412806402656628
2026-02-19,1,14,0,0,0,20.440352145868363
2026-02-19,1,15,0,0,0,27.43120472826321
2026-02-19,1,16,0,1,0,50.19461410813281
2026-02-19,1,17,0,1,0,70.21489388293382
2026-02-19,1,18,0,0,0,75.58617922708251
2026-02-19,1,19,0,1,0,70.7038505315918
2026-02-19,1,20,0,0,0,49.11633870675129
2026-02-19,1,21,0,0,0,32.159574955196035
2026-02-19,1,22,0,0,0,30.48207786135958
2026-02-19,1,23,0,0,0,32.44093144885368
2026-02-19,2,0,0,0,0,6.198371352731733
2026-02-19,2,1,0,1,0,21.98723032802858
2026-02-19,2,2,0,0,0,12.547921389825767
2026-02-19,2,3,0,0,0,5.747018655527481
2026-02-19,2,4,0,0,0,7.936906870274944
2026-02-19,2,5,0,0,0,11.984355061712591
2026-02-19,2,6,0,0,0,25.94687935041647
2026-02-19,2,7,0,0,0,38.18452777555205
2026-02-19,2,8,0,0,0,47.33644090463943
2026-02-19,2,9,0,0,0,55.16126599095282
2026-02-19,2,10,0,0,0,55.54599645433093
2026-02-19,2,11,0,0,0,39.91722635455278
2026-02-19,2,12,0,0,0,27.4916036798368
2026-02-19,2,13,0,0,0,17.546827666454085
2026-02-19,2,14,0,1,0,36.64590106159924
2026-02-19,2,15,0,0,0,28.88124029835479
2026-02-19,2,16,0,0,0,43.887193387869345
2026-02-19,2,17,0,0,0,59.39564574428595
2026-02-19,2,18,0,0,0,64.31790440859514
2026-02-19,2,19,0,0,0,54.86612209041058
2026-02-19,2,20,0,0,0,42.15617385435664
2026-02-19,2,21,0,0,0,31.608820088294618
2026-02-19,2,22,0,0,0,18.88135878147229
2026-02-19,2,23,0,0,0,23.87020540762448
2026-02-19,3,0,0,0,0,11.930454512561374
2026-02-19,3,1,0,1,1,24.581826626682616
2026-02-19,3,2,0,0,1,12.723132738716295
2026-02-19,3,3,0,0,1,26.22597631455006
2026-02-19,3,4,0,0,0,13.952975268394184
2026-02-19,3,5,0,1,0,25.263344516105526
2026-02-19,3,6,0,1,0,39.6411395599427
2026-02-19,3,7,0,1,0,52.68767587795017
2026-02-19,3,8,0,0,0,55.0817949113018
2026-02-19,3,9,0,1,0,78.9639349462575
2026-02-19,3,10,0,0,0,52.47724068026153
2026-02-19,3,11,0,0,0,33.740409920292734
2026-02-19,3,12,0,0,0,29.33027989889766
2026-02-19,3,13,0,0,0,30.763325995857905
2026-02-19,3,14,0,0,0,25.13021717358783
2026-02-19,3,15,0,0,0,42.35465174873889
2026-02-19,3,16,0,0,0,50.41530992196955
2026-02-19,3,17,0,0,0,62.869739859585614
2026-02-19,3,18,0,0,0,70.45123278109192
2026-02-19,3,19,0,0,0,65.18481777860131
2026-02-19,3,20,0,0,0,50.518638970272406
2026-02-19,3,21,0,0,0,35.792725165561286
2026-02-19,3,22,0,0,0,30.160979931909203
2026-02-19,3,23,0,0,0,30.42157478983607
2026-02-19,4,0,0,0,0,7.8619825990540715
2026-02-19,4,1,0,0,0,1.6587882634136304
2026-02-19,4,2,0,0,0,4.290222110999851
2026-02-19,4,3,0,0,0,0.7648102917298019
2026-02-19,4,4,0,0,0,1.3301914942474475
2026-02-19,4,5,0,0,0,7.44495159798995
2026-02-19,4,6,0,0,0,22.478691536873757
2026-02-19,4,7,0,1,0,42.37858884924962
2026-02-19,4,8,0,0,0,41.80665417237253
2026-02-19,4,9,0,0,0,50.74769014926872
2026-02-19,4,10,0,0,0,45.039596540211264
2026-02-19,4,11,0,0,0,28.637438856672293
2026-02-19,4,12,0,1,0,36.30155286406784
2026-02-19,4,13,0,1,0,26.652151931035718
2026-02-19,4,14,0,0,0,20.14126428994031
2026-02-19,4,15,0,0,0,29.61683021920319
2026-02-19,4,16,0,1,0,51.579624003928366
2026-02-19,4,17,0,0,0,59.76955690495628
2026-02-19,4,18,0,0,0,62.75184414179993
2026-02-19,4,19,0,0,0,59.105045733240544
2026-02-19,4,20,0,0,0,39.398761160263824
2026-02-19,4,21,0,0,0,28.70071896769627
2026-02-19,4,22,0,0,0,24.15835017841122
2026-02-19,4,23,0,1,0,36.24144723050466
2026-02-19,5,0,0,0,0,0.0
2026-02-19,5,1,0,0,0,0.0
2026-02-19,5,2,0,0,0,5.09171890538018
2026-02-19,5,3,0,0,0,0.0
2026-02-19,5,4,0,0,0,0.0
2026-02-19,5,5,0,0,0,6.797025546447477
2026-02-19,5,6,0,0,0,20.835148909663513
2026-02-19,5,7,0,0,0,27.897865428600188
2026-02-19,5,8,0,0,0,37.67187706704358
2026-02-19,5,9,0,0,0,49.063997561077485
2026-02-19,5,10,0,0,0,46.528100519911526
2026-02-19,5,11,0,0,0,30.814450122348266
2026-02-19,5,12,0,0,0,22.726938905870078
2026-02-19,5,13,0,0,0,18.39241722670946
2026-02-19,5,14,0,0,0,11.54402914840417
2026-02-19,5,15,0,1,0,38.436195682726456
2026-02-19,5,16,0,0,0,34.756674570243476
2026-02-19,5,17,0,0,0,57.34805362530659
2026-02-19,5,18,0,0,0,58.930629681980626
2026-02-19,5,19,0,1,1,68.72540736438464
2026-02-19,5,20,0,0,0,37.64809524451348
2026-02-19,5,21,0,0,0,23.392189913060587
2026-02-19,5,22,0,0,0,18.220412830742603
2026-02-19,5,23,0,0,0,12.140425521505467
2026-02-20,0,0,0,0,1,22.925213226515655
2026-02-20,0,1,0,0,0,20.047357422773523
2026-02-20,0,2,0,0,0,9.896825217347528
2026-02-20,0,3,0,0,0,15.108231147347158
2026-02-20,0,4,0,0,0,12.588550899830489
2026-02-20,0,5,0,0,0,12.433493712360544
2026-02-20,0,6,0,0,0,29.381616539947853
2026-02-20,0,7,0,0,0,46.153718218029326
2026-02-20,0,8,0,1,0,63.00594849947282
2026-02-20,0,9,0,0,0,64.93031982611319
2026-02-20,0,10,0,0,0,57.39230765690609
2026-02-20,0,11,0,0,0,38.18585753468107
2026-02-20,0,12,0,0,0,28.910712140631173
2026-02-20,0,13,0,0,0,24.189311347176748
2026-02-20,0,14,0,0,0,21.69428474787262
2026-02-20,0,15,0,0,0,31.5568358354721
2026-02-20,0,16,0,0,0,49.02568396250426
2026-02-20,0,17,0,1,0,77.89828815585778
2026-02-20,0,18,0,1,0,80.22010598782619
2026-02-20,0,19,0,0,0,63.13470782143895
2026-02-20,0,20,0,0,0,50.04558809057294
2026-02-20,0,21,0,0,0,35.097142884484995
2026-02-20,0,22,0,0,0,28.939458398662712
2026-02-20,0,23,0,0,0,26.44410473283385
2026-02-20,1,0,0,1,0,23.58901877792319
2026-02-20,1,1,0,1,0,24.952599716598424
2026-02-20,1,2,0,1,0,25.153691038242258
2026-02-20,1,3,0,0,0,14.583294112059413
2026-02-20,1,4,0,0,0,17.240492354963084
2026-02-20,1,5,0,0,0,13.022010127110967
2026-02-20,1,6,0,0,0,27.83784347022688
2026-02-20,1,7,0,1,0,40.690776055566616
2026-02-20,1,8,0,0,0,47.93317288972744
2026-02-20,1,9,0,1,0,75.47197172483658
2026-02-20,1,10,0,0,0,52.77339337026797
2026-02-20,1,11,0,0,0,39.41019999348548
2026-02-20,1,12,0,0,0,29.601954195852198
2026-02-20,1,13,0,0,0,16.390896502227662
2026-02-20,1,14,0,0,0,34.10542182766098
2026-02-20,1,15,0,0,0,25.98175635709777
2026-02-20,1,16,0,0,0,45.810639093463045
2026-02-20,1,17,0,0,0,64.91104807748603
2026-02-20,1,18,0,0,0,61.41923268202377
2026-02-20,1,19,0,0,0,55.59265890593281
2026-02-20,1,20,0,0,0,42.10431266636061
2026-02-20,1,21,0,0,0,33.82614006787239
2026-02-20,1,22,0,0,0,25.408432427733253
2026-02-20,1,23,0,0,0,31.31349292998645
2026-02-20,2,0,0,0,0,5.6514576876517335
2026-02-20,2,1,0,1,0,20.043332293183276
2026-02-20,2,2,0,0,0,16.112418698984207
2026-02-20,2,3,0,1,0,19.196027196228822
2026-02-20,2,4,0,1,0,19.439805107764208
2026-02-20,2,5,0,0,0,9.240177939594211
2026-02-20,2,6,0,1,0,38.11129983373845
2026-02-20,2,7,0,0,0,35.066170612049014
2026-02-20,2,8,0,0,0,46.86359017698615
2026-02-20,2,9,0,0,1,63.63612679502257
2026-02-20,2,10,0,0,0,53.73629811858424
2026-02-20,2,11,0,0,0,36.494549349193775
2026-02-20,2,12,0,0,0,26.970673809251657
2026-02-20,2,13,0,1,0,35.18320675528809
2026-02-20,2,14,0,0,0,26.76494359751546
2026-02-20,2,15,0,0,0,36.33562065068542
2026-02-20,2,16,0,0,0,41.885283114656424
2026-02-20,2,17,0,0,0,55.63387549799089
2026-02-20,2,18,0,0,0,61.30010368483569
2026-02-20,2,19,0,1,0,73.56154205183901
2026-02-20,2,20,0,0,0,35.88321186248066
2026-02-20,2,21,0,0,0,44.2269741570087
2026-02-20,2,22,0,1,0,34.270135141401624
2026-02-20,2,23,0,0,0,19.08827776829635
2026-02-20,3,0,0,0,0,11.322364301562825
2026-02-20,3,1,0,0,0,10.344569852584561
2026-02-20,3,2,0,0,0,14.574716266641078
2026-02-20,3,3,0,1,0,27.104237549207024
2026-02-20,3,4,0,0,0,10.607980324449642
2026-02-20,3,5,0,1,0,22.17275409588146
2026-02-20,3,6,0,1,0,33.87383396956513
2026-02-20,3,7,0,1,0,46.254125646056806
2026-02-20,3,8,0,1,0,64.25979708061345
2026-02-20,3,9,0,0,0,60.49561421708807
2026-02-20,3,10,0,0,0,44.18406535072401
2026-02-20,3,11,0,0,1,49.76201064080036
2026-02-20,3,12,0,0,0,25.206613103979468
2026-02-20,3,13,0,0,0,23.805785323735186
2026-02-20,3,14,0,0,0,34.42517787187919
2026-02-20,3,15,0,0,0,41.54642015064255
2026-02-20,3,16,0,0,0,58.77822512822175
2026-02-20,3,17,0,1,0,71.07020055664486
2026-02-20,3,18,0,0,0,69.8454733214563
2026-02-20,3,19,0,0,0,63.54954737680646
2026-02-20,3,20,0,0,0,43.64156422755565
2026-02-20,3,21,0,0,0,34.46935183967689
2026-02-20,3,22,0,0,0,28.9226902328457
2026-02-20,3,23,0,0,0,24.698850363029216
2026-02-20,4,0,0,0,0,4.582444600764975
2026-02-20,4,1,0,0,0,9.088517133371388
2026-02-20,4,2,0,0,0,3.988201206565726
2026-02-20,4,3,0,0,0,10.81218795546123
2026-02-20,4,4,0,0,0,8.3877747963248
2026-02-20,4,5,0,0,0,13.78898767450219
2026-02-20,4,6,0,0,0,23.773050959963577
2026-02-20,4,7,0,0,0,38.86504646812542
2026-02-20,4,8,0,0,0,45.864038035989374
2026-02-20,4,9,0,1,0,66.02765189080984
2026-02-20,4,10,0,1,0,62.49717359426045
2026-02-20,4,11,0,0,0,28.365821831441
2026-02-20,4,12,0,0,0,18.17813248611718
2026-02-20,4,13,0,0,0,18.878007833545507
2026-02-20,4,14,0,0,0,25.230633787646003
2026-02-20,4,15,0,1,0,36.26684077839035
2026-02-20,4,16,0,0,0,46.76973890245988
2026-02-20,4,17,0,0,0,58.63265528508738
2026-02-20,4,18,0,0,0,64.58326264776939
2026-02-20,4,19,0,1,0,62.78980374919242
2026-02-20,4,20,0,0,0,38.54872314677448
2026-02-20,4,21,0,0,0,29.719857724729536
2026-02-20,4,22,0,0,0,27.43605739970946
2026-02-20,4,23,0,0,1,22.604067909457854
2026-02-20,5,0,0,0,0,6.714767156453842
2026-02-20,5,1,0,0,0,5.015120373381145
2026-02-20,5,2,0,0,0,9.919384486632785
2026-02-20,5,3,0,1,0,8.923557319095128
2026-02-20,5,4,0,1,0,20.274919615956147
2026-02-20,5,5,0,0,0,0.6950821503879725
2026-02-20,5,6,0,0,0,24.182807971855844
2026-02-20,5,7,0,1,0,39.39710062258687
2026-02-20,5,8,0,0,0,44.78983299787846
2026-02-20,5,9,0,0,0,56.388374716501616
2026-02-20,5,10,0,0,0,39.97577312604058
2026-02-20,5,11,0,1,0,43.099939672523725
2026-02-20,5,12,0,0,0,15.489190431596702
2026-02-20,5,13,0,0,0,22.44901990765485
2026-02-20,5,14,0,1,0,37.73262401479815
2026-02-20,5,15,0,0,0,20.520451772252848
2026-02-20,5,16,0,1,0,50.685829380291395
2026-02-20,5,17,0,0,0,49.17816016866632
2026-02-20,5,18,0,0,0,55.90266058338965
2026-02-20,5,19,0,0,0,49.670913367177945
2026-02-20,5,20,0,1,0,44.62793933576675
2026-02-20,5,21,0,1,0,46.173951167414025
2026-02-20,5,22,0,0,0,12.181558866993434
2026-02-20,5,23,0,0,0,21.11347227023419
2026-02-21,0,0,1,0,0,9.922302843892211
2026-02-21,0,1,1,0,0,9.788992913928105
2026-02-21,0,2,1,1,0,25.024853647660787
2026-02-21,0,3,1,0,0,14.9851894838363
2026-02-21,0,4,1,1,0,24.312460481957206
2026-02-21,0,5,1,0,0,14.791698989616508
2026-02-21,0,6,1,1,0,43.68165423815783
2026-02-21,0,7,1,0,1,45.035651906522425
2026-02-21,0,8,1,0,0,46.63672714283395
2026-02-21,0,9,1,0,0,52.4843474128018
2026-02-21,0,10,1,0,0,40.73425887685854
2026-02-21,0,11,1,0,0,36.16499262687798
2026-02-21,0,12,1,1,1,51.025706664947855
2026-02-21,0,13,1,0,0,31.457851246690744
2026-02-21,0,14,1,1,0,40.7594791400257
2026-02-21,0,15,1,0,0,29.741333451287115
2026-02-21,0,16,1,0,0,42.195339254365294
2026-02-21,0,17,1,1,0,59.07764316986402
2026-02-21,0,18,1,0,0,53.536700487765835
2026-02-21,0,19,1,0,0,51.15929020805255
2026-02-21,0,20,1,1,0,46.910815762198226
2026-02-21,0,21,1,0,0,40.02168920699721
2026-02-21,0,22,1,0,0,27.4086028987615
2026-02-21,0,23,1,0,0,28.532972949191027
2026-02-21,1,0,1,1,0,21.667625732818355
2026-02-21,1,1,1,0,0,9.870165836869484
2026-02-21,1,2,1,0,0,6.142221855322864
2026-02-21,1,3,1,0,0,13.017069586959403
2026-02-21,1,4,1,0,0,12.286676022932156
2026-02-21,1,5,1,0,0,10.21142485372995
2026-02-21,1,6,1,0,0,24.853780648520985
2026-02-21,1,7,1,0,0,31.46597090518156
2026-02-21,1,8,1,0,0,46.568276836905966
2026-02-21,1,9,1,0,0,51.76962002444002
2026-02-21,1,10,1,1,0,49.92847628048222
2026-02-21,1,11,1,0,0,39.573592906830314
2026-02-21,1,12,1,0,0,33.192524117801575
2026-02-21,1,13,1,0,0,22.517775796187706
2026-02-21,1,14,1,0,0,23.89821427149503
2026-02-21,1,15,1,0,0,28.564185645653488
2026-02-21,1,16,1,1,0,54.73370498365719
2026-02-21,1,17,1,0,0,50.25983038899785
2026-02-21,1,18,1,0,0,59.17068995506987
2026-02-21,1,19,1,0,0,51.95557258577638
2026-02-21,1,20,1,0,0,33.82143754989393
2026-02-21,1,21,1,0,0,28.94273141950233
2026-02-21,1,22,1,0,0,16.17845348878484
2026-02-21,1,23,1,0,0,21.61439178387643
2026-02-21,2,0,1,0,0,5.265242816069569
2026-02-21,2,1,1,0,0,7.389179051695903
2026-02-21,2,2,1,0,0,3.1838895693133393
2026-02-21,2,3,1,0,0,10.3490836500561
2026-02-21,2,4,1,1,0,21.564359407330823
2026-02-21,2,5,1,0,0,12.929723808725948
2026-02-21,2,6,1,0,0,26.453828167073056
2026-02-21,2,7,1,0,0,25.601906112819847
2026-02-21,2,8,1,0,0,46.25411208661778
2026-02-21,2,9,1,0,0,45.718865909575946
2026-02-21,2,10,1,0,0,36.88291036246033
2026-02-21,2,11,1,0,0,34.39917305904137
2026-02-21,2,12,1,1,0,35.84344563003007
2026-02-21,2,13,1,1,0,31.041159695206584
2026-02-21,2,14,1,0,0,23.811713653240144
2026-02-21,2,15,1,0,0,32.48092498786993
2026-02-21,2,16,1,0,0,36.374339234459754
2026-02-21,2,17,1,0,0,39.694257043763855
2026-02-21,2,18,1,1,0,60.58679162248952
2026-02-21,2,19,1,1,0,58.01428374357074
2026-02-21,2,20,1,0,0,37.70047960423309
2026-02-21,2,21,1,0,0,24.653279180135392
2026-02-21,2,22,1,0,0,23.534501597052582
2026-02-21,2,23,1,0,0,20.744638480954105
2026-02-21,3,0,1,0,0,12.264274773268307
2026-02-21,3,1,1,0,0,12.426156073443932
2026-02-21,3,2,1,0,0,7.589115204105453
2026-02-21,3,3,1,0,0,18.70058755952249
2026-02-21,3,4,1,0,0,13.241400778552403
2026-02-21,3,5,1,1,0,26.99901015907834
2026-02-21,3,6,1,0,0,26.258030087573875
2026-02-21,3,7,1,0,0,33.5097107666326
2026-02-21,3,8,1,0,0,38.080163806413424
2026-02-21,3,9,1,0,0,49.57322119961425
2026-02-21,3,10,1,0,0,45.05642308775657
2026-02-21,3,11,1,0,0,29.5740088657271
2026-02-21,3,12,1,0,1,35.11466751825098
2026-02-21,3,13,1,0,0,23.89932906565743
2026-02-21,3,14,1,0,0,31.099381386139385
2026-02-21,3,15,1,1,0,50.24924210760222
2026-02-21,3,16,1,0,1,55.143870614001784
2026-02-21,3,17,1,1,0,62.42732099254876
2026-02-21,3,18,1,0,1,52.472730380991365
2026-02-21,3,19,1,0,0,49.74407054070089
2026-02-21,3,20,1,0,0,42.2584045351803
2026-02-21,3,21,1,0,1,39.27793458821855
2026-02-21,3,22,1,0,0,25.758049566445106
2026-02-21,3,23,1,0,0,28.011667669066536
2026-02-21,4,0,1,0,0,11.208269323191814
2026-02-21,4,1,1,0,0,5.654688422638803
2026-02-21,4,2,1,0,0,3.75441899509183
2026-02-21,4,3,1,0,0,13.773740445204089
2026-02-21,4,4,1,0,0,4.314801884556416
2026-02-21,4,5,1,0,1,14.49746634283444
2026-02-21,4,6,1,0,0,21.93575445022831
2026-02-21,4,7,1,0,0,20.29165537139558
2026-02-21,4,8,1,0,0,33.23670791720967
2026-02-21,4,9,1,1,0,52.00642597954305
2026-02-21,4,10,1,0,0,32.10029651343294
2026-02-21,4,11,1,0,0,28.72510306327997
2026-02-21,4,12,1,0,0,23.657141987985938
2026-02-21,4,13,1,0,0,18.71895639275963
2026-02-21,4,14,1,0,0,20.559643116028802
2026-02-21,4,15,1,1,0,34.376839385349435
2026-02-21,4,16,1,0,0,31.514997695221844
2026-02-21,4,17,1,0,0,46.750040374865954
2026-02-21,4,18,1,0,0,45.81843782523303
2026-02-21,4,19,1,0,1,47.43925347217944
2026-02-21,4,20,1,0,0,31.444632449609383
2026-02-21,4,21,1,0,0,25.012727206883117
2026-02-21,4,22,1,0,0,18.76046343574648
2026-02-21,4,23,1,0,0,16.355002273222453
2026-02-21,5,0,1,1,0,10.487725201475971
2026-02-21,5,1,1,0,0,2.915907253920074
2026-02-21,5,2,1,0,1,12.748315293475935
2026-02-21,5,3,1,0,0,0.5819576534843653
2026-02-21,5,4,1,0,0,0.0
2026-02-21,5,5,1,0,0,0.0
2026-02-21,5,6,1,1,0,33.058314000759225
2026-02-21,5,7,1,0,0,31.412318793870796
2026-02-21,5,8,1,0,0,30.26637724882241
2026-02-21,5,9,1,0,0,39.417526829904574
2026-02-21,5,10,1,0,1,37.12172373552258
2026-02-21,5,11,1,1,0,35.4905283074448
2026-02-21,5,12,1,0,1,24.32328814940308
2026-02-21,5,13,1,0,0,10.987979845762005
2026-02-21,5,14,1,0,0,16.094899872815567
2026-02-21,5,15,1,0,0,24.528502911564683
2026-02-21,5,16,1,1,0,37.90956635595618
2026-02-21,5,17,1,0,0,38.675381760937
2026-02-21,5,18,1,0,0,42.80510241718561
2026-02-21,5,19,1,0,0,36.888173081163245
2026-02-21,5,20,1,0,0,28.877126099771655
2026-02-21,5,21,1,1,0,42.31087464303244
2026-02-21,5,22,1,0,0,20.581881828673374
2026-02-21,5,23,1,0,1,29.93753015458624
2026-02-22,0,0,1,0,1,23.053158535392775
2026-02-22,0,1,1,1,0,24.825599692976116
2026-02-22,0,2,1,0,0,9.179255503912032
2026-02-22,0,3,1,0,0,19.081540382474856
2026-02-22,0,4,1,0,0,13.409795631606949
2026-02-22,0,5,1,0,0,10.657571495958983
2026-02-22,0,6,1,0,0,24.118335251553543
2026-02-22,0,7,1,0,0,30.933118947440867
2026-02-22,0,8,1,0,0,45.72583666288709
2026-02-22,0,9,1,0,0,48.30762614227746
2026-02-22,0,10,1,0,0,47.27210527576159
2026-02-22,0,11,1,0,0,35.570252759874116
2026-02-22,0,12,1,1,0,39.73117319359899
2026-02-22,0,13,1,0,0,29.777141200144975
2026-02-22,0,14,1,0,0,30.99274698047354
2026-02-22,0,15,1,0,0,35.34234635332645
2026-02-22,0,16,1,0,0,37.319607201425505
2026-02-22,0,17,1,0,0,52.998810341444724
2026-02-22,0,18,1,0,0,59.24024700954094
2026-02-22,0,19,1,0,0,56.10258902412071
2026-02-22,0,20,1,0,0,51.92613982947687
2026-02-22,0,21,1,1,0,44.53388547421287
2026-02-22,0,22,1,0,0,26.871053776734477
2026-02-22,0,23,1,0,0,29.92520762913727
2026-02-22,1,0,1,0,1,8.291695314837051
2026-02-22,1,1,1,0,0,10.534132007856709
2026-02-22,1,2,1,0,0,8.639790802717666
2026-02-22,1,3,1,0,0,10.785425033841781
2026-02-22,1,4,1,0,0,11.914099767313452
2026-02-22,1,5,1,0,0,12.147407195284291
2026-02-22,1,6,1,0,0,32.576658560923605
2026-02-22,1,7,1,0,0,27.729535121030374
2026-02-22,1,8,1,0,0,43.25232707204912
2026-02-22,1,9,1,0,0,51.78251390298366
2026-02-22,1,10,1,0,0,34.63139096666996
2026-02-22,1,11,1,0,0,28.76359782561739
2026-02-22,1,12,1,0,0,18.719641289226683
2026-02-22,1,13,1,0,0,25.45878022027664
2026-02-22,1,14,1,0,0,26.679819314833075
2026-02-22,1,15,1,1,1,48.09458972999296
2026-02-22,1,16,1,0,0,36.555753436923474
2026-02-22,1,17,1,0,0,48.82771293534167
2026-02-22,1,18,1,0,0,44.703265899543396
2026-02-22,1,19,1,0,0,46.29951562746988
2026-02-22,1,20,1,0,0,32.904767099105214
2026-02-22,1,21,1,0,0,30.606405096725407
2026-02-22,1,22,1,0,0,29.772051458517947
2026-02-22,1,23,1,0,0,25.778417278645307
2026-02-22,2,0,1,0,0,13.796825107195993
2026-02-22,2,1,1,0,0,15.979106401951686
2026-02-22,2,2,1,0,1,16.577425269850714
2026-02-22,2,3,1,0,0,17.57969849829032
2026-02-22,2,4,1,0,0,6.7111448859355605
2026-02-22,2,5,1,1,0,18.52862660316434
2026-02-22,2,6,1,0,0,32.23361473910916
2026-02-22,2,7,1,0,0,26.952748433158735
2026-02-22,2,8,1,0,0,46.72176355847934
2026-02-22,2,9,1,0,0,44.5315333858668
2026-02-22,2,10,1,0,0,44.098113735193294
2026-02-22,2,11,1,0,0,32.99232877555755
2026-02-22,2,12,1,0,0,30.80546242489799
2026-02-22,2,13,1,0,0,22.35360388992795
2026-02-22,2,14,1,0,0,24.74055099745085
2026-02-22,2,15,1,0,0,29.73871892598242
2026-02-22,2,16,1,0,0,34.15577903831183
2026-02-22,2,17,1,0,0,52.64859929829675
2026-02-22,2,18,1,0,0,47.383886266618475
2026-02-22,2,19,1,0,0,36.69147183383693
2026-02-22,2,20,1,0,0,32.1847017232669
2026-02-22,2,21,1,1,0,33.804801134115344
2026-02-22,2,22,1,1,0,32.69088642338415
2026-02-22,2,23,1,0,0,24.10767784203272
2026-02-22,3,0,1,1,0,18.29573968189832
2026-02-22,3,1,1,0,0,16.126157647271288
2026-02-22,3,2,1,0,0,18.854078194802902
2026-02-22,3,3,1,0,0,10.588476924385862
2026-02-22,3,4,1,0,0,14.529584662660847
2026-02-22,3,5,1,0,0,12.02170644162701
2026-02-22,3,6,1,1,0,38.708187077509336
2026-02-22,3,7,1,0,0,36.523544572021706
2026-02-22,3,8,1,0,1,48.36363431088841
2026-02-22,3,9,1,0,0,48.897151308283995
2026-02-22,3,10,1,0,0,46.72189754933552
2026-02-22,3,11,1,0,0,36.24606780568337
2026-02-22,3,12,1,0,0,21.13369648462991
2026-02-22,3,13,1,1,0,32.71550140919913
2026-02-22,3,14,1,0,0,31.811129321290373
2026-02-22,3,15,1,0,0,32.98450891990546
2026-02-22,3,16,1,0,0,37.4222496935745
2026-02-22,3,17,1,0,0,46.91759833871463
2026-02-22,3,18,1,0,0,57.37248185145758
2026-02-22,3,19,1,0,0,43.70253603944382
2026-02-22,3,20,1,1,0,50.3196006445325
2026-02-22,3,21,1,0,0,33.307100009730306
2026-02-22,3,22,1,0,0,32.53825077951486
2026-02-22,3,23,1,0,0,25.807097356863082
2026-02-22,4,0,1,0,0,6.0374121753862156
2026-02-22,4,1,1,0,0,8.815635822601392
2026-02-22,4,2,1,0,0,9.717122908259178
2026-02-22,4,3,1,0,0,8.538470094394976
2026-02-22,4,4,1,0,0,4.290832412608412
2026-02-22,4,5,1,0,0,8.412473306023172
2026-02-22,4,6,1,0,0,25.40003513098445
2026-02-22,4,7,1,0,0,27.670608154705672
2026-02-22,4,8,1,0,0,39.068692651924565
2026-02-22,4,9,1,1,0,49.07438715418471
2026-02-22,4,10,1,1,1,58.230184454098314
2026-02-22,4,11,1,0,0,28.997222543454196
2026-02-22,4,12,1,0,0,17.573476825030287
2026-02-22,4,13,1,0,0,10.342876293786663
2026-02-22,4,14,1,0,0,14.497899822957006
2026-02-22,4,15,1,0,0,26.156550455395102
2026-02-22,4,16,1,0,0,31.51863861793589
2026-02-22,4,17,1,1,0,55.31146685344107
2026-02-22,4,18,1,0,0,45.83076218691862
2026-02-22,4,19,1,0,1,46.70426016085006
2026-02-22,4,20,1,1,0,44.91126702811376
2026-02-22,4,21,1,1,0,35.19414452658164
2026-02-22,4,22,1,0,0,16.491931721826877
2026-02-22,4,23,1,1,0,30.32999974573826
2026-02-22,5,0,1,0,0,3.526334843813455
2026-02-22,5,1,1,0,1,13.209543253045107
2026-02-22,5,2,1,0,0,1.2197590827016538
2026-02-22,5,3,1,0,0,1.5301665689766968
2026-02-22,5,4,1,0,0,1.8215410496851228
2026-02-22,5,5,1,0,0,10.563795786789107
2026-02-22,5,6,1,0,1,25.97768692365478
2026-02-22,5,7,1,1,0,32.51127551411542
2026-02-22,5,8,1,0,0,29.800991761064672
2026-02-22,5,9,1,0,0,40.170949261802846
2026-02-22,5,10,1,0,0,35.38117507087048
2026-02-22,5,11,1,0,0,19.040636035161928
2026-02-22,5,12,1,0,0,16.621842796817614
2026-02-22,5,13,1,0,0,16.677860321753506
2026-02-22,5,14,1,0,0,15.013750816795293
2026-02-22,5,15,1,0,0,22.470786968721853
2026-02-22,5,16,1,0,0,29.802430049055513
2026-02-22,5,17,1,0,0,35.749542657568036
2026-02-22,5,18,1,0,0,49.00018894383008
2026-02-22,5,19,1,0,0,35.201482804460355
2026-02-22,5,20,1,0,0,33.964170133826485
2026-02-22,5,21,1,0,0,21.46003058666264
2026-02-22,5,22,1,0,0,16.932169623334165
2026-02-22,5,23,1,0,0,3.7378017952078935
2026-02-23,0,0,0,0,0,11.139676923732218
2026-02-23,0,1,0,0,0,18.81038097431499
2026-02-23,0,2,0,0,0,18.52504895434708
2026-02-23,0,3,0,0,0,13.097759397761719
2026-02-23,0,4,0,1,0,27.60719567567041
2026-02-23,0,5,0,0,0,13.558048783862777
2026-02-23,0,6,0,0,0,24.834853845782654
2026-02-23,0,7,0,0,0,35.54530006591852
2026-02-23,0,8,0,0,0,49.12944840994763
2026-02-23,0,9,0,1,0,73.7583179746942
2026-02-23,0,10,0,0,0,54.58987976150745
2026-02-23,0,11,0,0,0,38.89662782736374
2026-02-23,0,12,0,1,0,42.4005483817739
2026-02-23,0,13,0,0,0,29.410851070377028
2026-02-23,0,14,0,0,0,31.571547711192494
2026-02-23,0,15,0,0,0,38.242454444870745
2026-02-23,0,16,0,1,0,59.9916740850984
2026-02-23,0,17,0,1,0,78.03522627731509
2026-02-23,0,18,0,0,0,74.63829878383714
2026-02-23,0,19,0,0,0,65.60683526688486
2026-02-23,0,20,0,0,0,54.16951964779918
2026-02-23,0,21,0,0,0,40.334022535330675
2026-02-23,0,22,0,1,0,36.02069763132466
2026-02-23,0,23,0,0,0,29.598938275784835
2026-02-23,1,0,0,0,0,16.323426970707477
2026-02-23,1,1,0,0,0,15.929203851180144
2026-02-23,1,2,0,0,0,13.290366758049414
2026-02-23,1,3,0,1,0,22.068815718232003
2026-02-23,1,4,0,0,0,13.948818924744396
2026-02-23,1,5,0,0,0,0.0
2026-02-23,1,6,0,0,0,27.237511234514148
2026-02-23,1,7,0,0,0,35.22588075516853
2026-02-23,1,8,0,0,0,54.038289860998276
2026-02-23,1,9,0,0,1,71.36568926625958
2026-02-23,1,10,0,0,0,51.47213369686539
2026-02-23,1,11,0,0,0,37.68719581999683
2026-02-23,1,12,0,0,0,21.82620308665588
2026-02-23,1,13,0,0,1,40.68072827375376
2026-02-23,1,14,0,0,0,28.200677865293205
2026-02-23,1,15,0,0,0,33.52558227675349
2026-02-23,1,16,0,1,0,56.00900948434143
2026-02-23,1,17,0,0,0,63.9364605104128
2026-02-23,1,18,0,0,0,64.95245305743454
2026-02-23,1,19,0,0,0,62.50766128812395
2026-02-23,1,20,0,0,0,45.52460997555464
2026-02-23,1,21,0,0,0,44.95419247552411
2026-02-23,1,22,0,0,0,23.162193301632687
2026-02-23,1,23,0,0,0,16.30913086152386
2026-02-23,2,0,0,0,0,8.46680117112497
2026-02-23,2,1,0,0,0,5.464886897588993
2026-02-23,2,2,0,0,0,11.040849295745026
2026-02-23,2,3,0,0,0,2.1133818702963865
2026-02-23,2,4,0,0,0,12.033082329893674
2026-02-23,2,5,0,0,0,8.918709311092325
2026-02-23,2,6,0,0,0,13.902182639333816
2026-02-23,2,7,0,0,0,34.146860241658544
2026-02-23,2,8,0,1,0,61.33544732909768
2026-02-23,2,9,0,0,0,55.60437615659991
2026-02-23,2,10,0,0,0,47.536277313591825
2026-02-23,2,11,0,0,0,33.96241437749613
2026-02-23,2,12,0,0,0,26.232501737759698
2026-02-23,2,13,0,0,0,24.41003504477407
2026-02-23,2,14,0,0,0,25.872301020270477
2026-02-23,2,15,0,0,0,24.88547019193072
2026-02-23,2,16,0,0,0,46.74292344550741
2026-02-23,2,17,0,0,1,62.43327733931672
2026-02-23,2,18,0,1,0,70.75687657562202
2026-02-23,2,19,0,0,0,67.18107120552659
2026-02-23,2,20,0,0,0,46.09895929845986
2026-02-23,2,21,0,0,0,27.783080672026603
2026-02-23,2,22,0,0,0,30.287649753663327
2026-02-23,2,23,0,0,1,34.71973455464694
2026-02-23,3,0,0,0,0,13.537185004241216
2026-02-23,3,1,0,0,0,17.05409702045536
2026-02-23,3,2,0,0,0,9.197534396744855
2026-02-23,3,3,0,0,0,11.762939368504826
2026-02-23,3,4,0,0,0,14.16480839149714
2026-02-23,3,5,0,1,0,19.519344246275935
2026-02-23,3,6,0,0,0,30.73476932219614
2026-02-23,3,7,0,0,0,37.766802132586825
2026-02-23,3,8,0,0,0,58.61745275660837
2026-02-23,3,9,0,0,0,64.84074159643214
2026-02-23,3,10,0,0,0,51.74847243480791
2026-02-23,3,11,0,0,0,42.12648830646127
2026-02-23,3,12,0,0,0,31.64642515626101
2026-02-23,3,13,0,0,0,29.459488412691464
2026-02-23,3,14,0,0,0,25.401345599042937
2026-02-23,3,15,0,0,0,33.052344489253585
2026-02-23,3,16,0,0,0,50.16134069353451
2026-02-23,3,17,0,0,0,62.139296062979476
2026-02-23,3,18,0,0,0,66.54116638185866
2026-02-23,3,19,0,0,0,59.41678900067407
2026-02-23,3,20,0,0,0,48.867661279248686
2026-02-23,3,21,0,0,0,37.67990210853855
2026-02-23,3,22,0,0,0,33.06627718810584
2026-02-23,3,23,0,1,0,31.77140101490386
2026-02-23,4,0,0,1,0,16.185117929817764
2026-02-23,4,1,0,0,0,11.345153113325413
2026-02-23,4,2,0,0,0,8.42366474854217
2026-02-23,4,3,0,1,0,14.28568938727227
2026-02-23,4,4,0,0,0,5.575857777184385
2026-02-23,4,5,0,0,0,3.1145388383829045
2026-02-23,4,6,0,0,0,27.38313404876496
2026-02-23,4,7,0,0,0,33.464889935144086
2026-02-23,4,8,0,0,1,59.98951605269974
2026-02-23,4,9,0,0,0,57.20242871117389
2026-02-23,4,10,0,0,0,38.94664722127548
2026-02-23,4,11,0,0,0,25.402221617181116
2026-02-23,4,12,0,0,0,19.6060445891356
2026-02-23,4,13,0,1,0,31.642004612093327
2026-02-23,4,14,0,0,0,18.38605500157413
2026-02-23,4,15,0,0,0,28.84836261847108
2026-02-23,4,16,0,0,1,49.96508823980757
2026-02-23,4,17,0,0,0,52.09979976133172
2026-02-23,4,18,0,0,0,69.24272895798549
2026-02-23,4,19,0,0,1,64.50588887917965
2026-02-23,4,20,0,0,0,46.032165550420395
2026-02-23,4,21,0,0,0,29.63830250023584
2026-02-23,4,22,0,0,0,26.669181268374903
2026-02-23,4,23,0,0,0,21.663561127686304
2026-02-23,5,0,0,1,0,9.221302018062012
2026-02-23,5,1,0,0,0,2.677870690320243
2026-02-23,5,2,0,0,0,0.0
2026-02-23,5,3,0,0,0,3.0700630547716057
2026-02-23,5,4,0,0,0,3.617409640061627
2026-02-23,5,5,0,1,0,12.852877807174945
2026-02-23,5,6,0,0,0,14.240398768225177
2026-02-23,5,7,0,0,0,23.666288351173996
2026-02-23,5,8,0,0,0,37.23908662297946
2026-02-23,5,9,0,0,0,49.21573934668605
2026-02-23,5,10,0,0,0,52.64516494691762
2026-02-23,5,11,0,0,0,26.819657710925394
2026-02-23,5,12,0,1,0,26.19552560015338
2026-02-23,5,13,0,0,0,14.037872578243967
2026-02-23,5,14,0,0,0,13.64754924028706
2026-02-23,5,15,0,0,0,19.397017285420553
2026-02-23,5,16,0,0,0,43.04276940218374
2026-02-23,5,17,0,0,0,48.231606307394706
2026-02-23,5,18,0,0,0,55.34292274740591
2026-02-23,5,19,0,0,0,57.124061515672366
2026-02-23,5,20,0,1,0,49.35588731654511
2026-02-23,5,21,0,0,0,25.430778675940967
2026-02-23,5,22,0,0,0,21.54459792470328
2026-02-23,5,23,0,0,0,8.322441872389966
2026-02-24,0,0,0,0,0,13.389003202404917
2026-02-24,0,1,0,0,0,8.888658743082445
2026-02-24,0,2,0,1,1,35.04355231930408
2026-02-24,0,3,0,0,0,7.943348834170875
2026-02-24,0,4,0,0,0,14.391550180578049
2026-02-24,0,5,0,0,0,15.62788311487343
2026-02-24,0,6,0,0,0,39.364025045350616
2026-02-24,0,7,0,0,0,36.90920816490438
2026-02-24,0,8,0,0,0,51.493622740296395
2026-02-24,0,9,0,1,0,74.60167073282823
2026-02-24,0,10,0,0,0,62.088157034888795
2026-02-24,0,11,0,0,0,39.19266892638287
2026-02-24,0,12,0,0,0,25.508209763140407
2026-02-24,0,13,0,0,0,29.63716799644163
2026-02-24,0,14,0,0,0,30.034863123198697
2026-02-24,0,15,0,0,0,39.1118103016415
2026-02-24,0,16,0,1,0,55.38930672631971
2026-02-24,0,17,0,0,0,64.47781402203
2026-02-24,0,18,0,0,0,73.43994584997836
2026-02-24,0,19,0,1,0,69.23358239124245
2026-02-24,0,20,0,0,0,49.34932346279514
2026-02-24,0,21,0,1,0,42.83997142167337
2026-02-24,0,22,0,0,0,27.50769468893107
2026-02-24,0,23,0,1,0,39.63220926112359
2026-02-24,1,0,0,0,0,6.989025301084004
2026-02-24,1,1,0,0,1,18.913239545293727
2026-02-24,1,2,0,0,0,14.707231903257817
2026-02-24,1,3,0,0,0,11.483272898744383
2026-02-24,1,4,0,0,1,10.881081282712389
2026-02-24,1,5,0,0,0,15.2703069278951
2026-02-24,1,6,0,0,1,35.624900367889104
2026-02-24,1,7,0,0,0,37.12809442763779
2026-02-24,1,8,0,0,0,48.13853314392204
2026-02-24,1,9,0,0,0,64.87406084794651
2026-02-24,1,10,0,0,1,58.37566859615436
2026-02-24,1,11,0,0,0,36.209126792992
2026-02-24,1,12,0,0,0,31.63262361280122
2026-02-24,1,13,0,0,0,28.556563745980064
2026-02-24,1,14,0,0,0,27.102850293631946
2026-02-24,1,15,0,0,0,30.553489956141966
2026-02-24,1,16,0,0,0,53.11667087649162
2026-02-24,1,17,0,0,0,64.89864544049172
2026-02-24,1,18,0,0,0,66.8243456864314
2026-02-24,1,19,0,0,0,56.87206869425796
2026-02-24,1,20,0,1,0,56.50026469422675
2026-02-24,1,21,0,0,0,34.963595449443346
2026-02-24,1,22,0,1,0,39.47882441829971
2026-02-24,1,23,0,0,0,31.13076628865845
2026-02-24,2,0,0,0,0,9.340196946574986
2026-02-24,2,1,0,0,0,12.582206171788664
2026-02-24,2,2,0,0,1,24.016977141287732
2026-02-24,2,3,0,0,1,10.334947839173829
2026-02-24,2,4,0,0,0,5.968443828376387
2026-02-24,2,5,0,0,1,21.42786936739688
2026-02-24,2,6,0,0,0,26.94170621515812
2026-02-24,2,7,0,1,0,43.27011197410587
2026-02-24,2,8,0,0,0,53.744955678133294
2026-02-24,2,9,0,0,0,60.72156084750341
2026-02-24,2,10,0,1,0,63.08679017072554
2026-02-24,2,11,0,0,0,33.9316843832358
2026-02-24,2,12,0,0,0,21.063803279759828
2026-02-24,2,13,0,0,0,25.38891565284786
2026-02-24,2,14,0,0,0,22.864617873252296
2026-02-24,2,15,0,0,0,32.29964779303667
2026-02-24,2,16,0,0,0,43.42581169704399
2026-02-24,2,17,0,0,0,61.405159056298075
2026-02-24,2,18,0,0,0,72.02593421334706
2026-02-24,2,19,0,0,0,57.91425366951082
2026-02-24,2,20,0,0,0,41.15990964780399
2026-02-24,2,21,0,0,0,29.689062026766695
2026-02-24,2,22,0,0,0,22.883885640184857
2026-02-24,2,23,0,1,0,28.231431955718797
2026-02-24,3,0,0,0,0,8.807303554771195
2026-02-24,3,1,0,0,0,7.164267882947676
2026-02-24,3,2,0,0,0,14.809820904240173
2026-02-24,3,3,0,0,0,10.868697753964085
2026-02-24,3,4,0,0,0,10.57556428812254
2026-02-24,3,5,0,0,0,14.488810817497994
2026-02-24,3,6,0,0,0,27.44932312005026
2026-02-24,3,7,0,0,0,34.112365259099505
2026-02-24,3,8,0,0,0,55.98667915498031
2026-02-24,3,9,0,0,0,59.02660121701036
2026-02-24,3,10,0,0,0,47.857851606576055
2026-02-24,3,11,0,0,0,30.517136636920384
2026-02-24,3,12,0,1,0,40.76510504132075
2026-02-24,3,13,0,0,0,28.088844678524243
2026-02-24,3,14,0,0,0,22.860868969334366
2026-02-24,3,15,0,0,0,39.41073479961385
2026-02-24,3,16,0,0,0,45.21005910746494
2026-02-24,3,17,0,0,0,63.22712992081896
2026-02-24,3,18,0,0,0,67.31389765510116
2026-02-24,3,19,0,0,0,60.39423006340161
2026-02-24,3,20,0,0,0,49.12676868929603
2026-02-24,3,21,0,0,0,26.518428641673744
2026-02-24,3,22,0,1,0,38.71569975846403
2026-02-24,3,23,0,1,0,32.778622741035065
2026-02-24,4,0,0,0,0,6.226252724236135
2026-02-24,4,1,0,0,0,7.65036309781752
2026-02-24,4,2,0,0,0,12.726127676092657
2026-02-24,4,3,0,1,0,12.56460539145131
2026-02-24,4,4,0,1,0,16.128879190891098
2026-02-24,4,5,0,0,0,10.42666427213647
2026-02-24,4,6,0,0,0,23.557900644261355
2026-02-24,4,7,0,0,1,43.515689959176775
2026-02-24,4,8,0,0,0,48.217739903668
2026-02-24,4,9,0,0,0,57.546443405603576
2026-02-24,4,10,0,0,0,48.89042328741524
2026-02-24,4,11,0,1,0,41.63219235013551
2026-02-24,4,12,0,1,0,31.838003881468634
2026-02-24,4,13,0,0,0,13.850193145585918
2026-02-24,4,14,0,0,0,20.909007622787435
2026-02-24,4,15,0,0,0,28.568635246445734
2026-02-24,4,16,0,0,0,42.265156390104195
2026-02-24,4,17,0,0,0,62.42274396376288
2026-02-24,4,18,0,1,0,65.62569425819534
2026-02-24,4,19,0,0,0,51.92168347775739
2026-02-24,4,20,0,1,0,49.176006625885826
2026-02-24,4,21,0,0,0,30.997649121395714
2026-02-24,4,22,0,0,0,22.827797274459076
2026-02-24,4,23,0,0,0,18.763234901779054
2026-02-24,5,0,0,0,0,0.0
2026-02-24,5,1,0,1,0,18.332120146431137
2026-02-24,5,2,0,0,0,0.0
2026-02-24,5,3,0,1,0,8.196939241250726
2026-02-24,5,4,0,0,0,0.0
2026-02-24,5,5,0,0,0,1.810322004058415
2026-02-24,5,6,0,0,0,19.01563939256472
2026-02-24,5,7,0,0,0,25.631686461051125
2026-02-24,5,8,0,0,0,44.69603652416706
2026-02-24,5,9,0,0,0,42.19786761912061
2026-02-24,5,10,0,1,0,51.75442934671512
2026-02-24,5,11,0,0,0,21.901824545077652
2026-02-24,5,12,0,0,0,17.632021366556916
2026-02-24,5,13,0,0,0,8.560887809110188
2026-02-24,5,14,0,0,0,18.038748065117947
2026-02-24,5,15,0,0,0,22.056179297430685
2026-02-24,5,16,0,1,0,46.1309195959246
2026-02-24,5,17,0,0,0,49.589861292939325
2026-02-24,5,18,0,0,0,61.069107018136194
2026-02-24,5,19,0,0,0,53.569397175661265
2026-02-24,5,20,0,0,0,43.440950354916446
2026-02-24,5,21,0,0,0,26.213989305961636
2026-02-24,5,22,0,0,0,25.99881063069025
2026-02-24,5,23,0,1,0,26.84244133975532
2026-02-25,0,0,0,0,0,7.218249003029865
2026-02-25,0,1,0,0,0,6.644728317415282
2026-02-25,0,2,0,0,0,13.126965588808067
2026-02-25,0,3,0,0,0,15.760559858123353
2026-02-25,0,4,0,0,0,12.486082604150791
2026-02-25,0,5,0,0,0,17.197266753141612
2026-02-25,0,6,0,0,1,43.31594063666802
2026-02-25,0,7,0,0,0,45.776378812498905
2026-02-25,0,8,0,0,1,68.04093301884424
2026-02-25,0,9,0,1,0,74.96349932647176
2026-02-25,0,10,0,0,0,57.03602197611113
2026-02-25,0,11,0,0,0,36.426814171273065
2026-02-25,0,12,0,0,0,23.60415930758015
2026-02-25,0,13,0,0,0,23.51841789845926
2026-02-25,0,14,0,0,0,26.727433731628484
2026-02-25,0,15,0,0,0,34.63230759062909
2026-02-25,0,16,0,0,0,53.40153925916725
2026-02-25,0,17,0,0,0,63.9213502612158
2026-02-25,0,18,0,1,0,77.79631871420113
2026-02-25,0,19,0,0,0,69.03774664466332
2026-02-25,0,20,0,0,0,45.534573024811266
2026-02-25,0,21,0,0,0,49.113285547016645
2026-02-25,0,22,0,0,0,28.54588139196638
2026-02-25,0,23,0,0,0,30.549127884502365
2026-02-25,1,0,0,1,0,23.34415818170832
2026-02-25,1,1,0,0,0,10.186635374299463
2026-02-25,1,2,0,0,0,12.600199211150455
2026-02-25,1,3,0,0,0,10.400109643593748
2026-02-25,1,4,0,0,0,9.674213197796114
2026-02-25,1,5,0,0,0,4.847487316930159
2026-02-25,1,6,0,0,0,32.92873614632745
2026-02-25,1,7,0,0,0,37.35244946736153
2026-02-25,1,8,0,0,0,59.84225370412562
2026-02-25,1,9,0,0,0,69.83077583605544
2026-02-25,1,10,0,0,0,58.76460472646805
2026-02-25,1,11,0,0,0,37.477887940232314
2026-02-25,1,12,0,0,0,27.84902953959597
2026-02-25,1,13,0,0,0,27.464446813553675
2026-02-25,1,14,0,0,0,29.952026248107977
2026-02-25,1,15,0,0,0,33.363328814619976
2026-02-25,1,16,0,0,0,42.873853742015086
2026-02-25,1,17,0,0,0,64.24328854976447
2026-02-25,1,18,0,0,0,61.78834856319691
2026-02-25,1,19,0,0,0,54.87110199460018
2026-02-25,1,20,0,0,0,44.00459116892974
2026-02-25,1,21,0,0,0,33.821818842885335
2026-02-25,1,22,0,0,0,29.394240420337987
2026-02-25,1,23,0,0,0,29.463752331370692
2026-02-25,2,0,0,0,1,24.63138086164611
2026-02-25,2,1,0,0,0,3.1773835783334405
2026-02-25,2,2,0,0,0,9.358226627477954
2026-02-25,2,3,0,0,0,0.0
2026-02-25,2,4,0,0,0,7.788533713900799
2026-02-25,2,5,0,0,0,5.320048948074195
2026-02-25,2,6,0,0,0,26.537003780436184
2026-02-25,2,7,0,0,0,33.85797716289644
2026-02-25,2,8,0,0,0,50.83607652925173
2026-02-25,2,9,0,0,0,58.89312683630698
2026-02-25,2,10,0,0,0,52.63414612656734
2026-02-25,2,11,0,0,0,33.31492897379257
2026-02-25,2,12,0,0,0,24.473942181669734
2026-02-25,2,13,0,0,0,21.17516633146075
2026-02-25,2,14,0,1,0,35.33060393987017
2026-02-25,2,15,0,0,0,34.93696555149916
2026-02-25,2,16,0,0,0,47.75467919337215
2026-02-25,2,17,0,0,0,56.668859999116115
2026-02-25,2,18,0,1,0,75.25333358027751
2026-02-25,2,19,0,0,0,62.592254768971685
2026-02-25,2,20,0,1,0,58.68575618209902
2026-02-25,2,21,0,0,1,40.12640361908253
2026-02-25,2,22,0,1,0,37.55904539949861
2026-02-25,2,23,0,1,0,33.43221152602616
2026-02-25,3,0,0,0,0,18.95318146502201
2026-02-25,3,1,0,0,0,10.244042571808228
2026-02-25,3,2,0,0,0,9.755644832526551
2026-02-25,3,3,0,0,0,3.077506740056778
2026-02-25,3,4,0,1,0,19.264198344617892
2026-02-25,3,5,0,0,0,4.460976490950536
2026-02-25,3,6,0,0,0,28.283368797851175
2026-02-25,3,7,0,0,0,39.64983314985911
2026-02-25,3,8,0,0,0,51.17784611091082
2026-02-25,3,9,0,0,0,64.30037754506182
2026-02-25,3,10,0,0,0,52.89320734790328
2026-02-25,3,11,0,0,0,37.29029412469258
2026-02-25,3,12,0,1,0,41.487360915449884
2026-02-25,3,13,0,0,0,29.969522877209908
2026-02-25,3,14,0,0,0,36.83094204119192
2026-02-25,3,15,0,1,0,40.55279891004912
2026-02-25,3,16,0,0,0,48.08727932127977
2026-02-25,3,17,0,0,0,57.2768611881072
2026-02-25,3,18,0,0,0,69.36453783179607
2026-02-25,3,19,0,0,0,61.97535123807931
2026-02-25,3,20,0,1,0,61.565455468131326
2026-02-25,3,21,0,0,0,36.44055013695428
2026-02-25,3,22,0,0,0,29.425431848106534
2026-02-25,3,23,0,0,0,21.04580003984266
2026-02-25,4,0,0,0,0,0.0
2026-02-25,4,1,0,0,1,12.767893068244888
2026-02-25,4,2,0,0,1,13.492462181198665
2026-02-25,4,3,0,1,0,19.499869915012958
2026-02-25,4,4,0,0,0,11.865469155308073
2026-02-25,4,5,0,0,0,0.6469187576948059
2026-02-25,4,6,0,0,1,32.6205412598385
2026-02-25,4,7,0,0,0,26.272564505776387
2026-02-25,4,8,0,0,0,48.98307152912124
2026-02-25,4,9,0,0,0,55.765905096272014
2026-02-25,4,10,0,1,0,62.612806579074864
2026-02-25,4,11,0,0,0,29.389618978729654
2026-02-25,4,12,0,0,0,27.72176831141843
2026-02-25,4,13,0,0,0,19.284650618671126
2026-02-25,4,14,0,0,0,25.51586049962318
2026-02-25,4,15,0,0,0,20.887274808701257
2026-02-25,4,16,0,1,0,46.470391833845156
2026-02-25,4,17,0,0,0,62.324315245712775
2026-02-25,4,18,0,0,0,64.59200152547415
2026-02-25,4,19,0,0,0,57.43627498779052
2026-02-25,4,20,0,0,0,45.232522414186235
2026-02-25,4,21,0,0,0,33.38494739128551
2026-02-25,4,22,0,0,0,25.972473658386356
2026-02-25,4,23,0,0,0,20.356436539964093
2026-02-25,5,0,0,0,0,0.7832641274199763
2026-02-25,5,1,0,0,0,2.9742084545926675
2026-02-25,5,2,0,1,0,10.028223119390146
2026-02-25,5,3,0,0,0,3.484279819569278
2026-02-25,5,4,0,0,0,4.755456090357853
2026-02-25,5,5,0,0,0,4.806632176626413
2026-02-25,5,6,0,1,0,31.51087319733504
2026-02-25,5,7,0,1,0,35.5442422946178
2026-02-25,5,8,0,0,0,39.729348356009254
2026-02-25,5,9,0,0,0,53.870948637198495
2026-02-25,5,10,0,0,0,40.618689444137765
2026-02-25,5,11,0,0,0,23.8821157833451
2026-02-25,5,12,0,0,0,17.26172997005451
2026-02-25,5,13,0,0,0,14.568386014948683
2026-02-25,5,14,0,0,0,27.298512119863027
2026-02-25,5,15,0,0,0,22.92157114014219
2026-02-25,5,16,0,0,0,41.61920046495626
2026-02-25,5,17,0,0,0,54.52017745123756
2026-02-25,5,18,0,0,0,57.5035031333357
2026-02-25,5,19,0,0,1,61.52006681003824
2026-02-25,5,20,0,0,0,37.288203789089955
2026-02-25,5,21,0,0,0,28.84734304198389
2026-02-25,5,22,0,0,0,26.527242489028197
2026-02-25,5,23,0,0,0,16.87930378245996
2026-02-26,0,0,0,0,0,14.965560569779337
2026-02-26,0,1,0,1,0,26.26159762324574
2026-02-26,0,2,0,0,1,16.995494191989746
2026-02-26,0,3,0,1,0,21.116071767333658
2026-02-26,0,4,0,0,0,12.636157210794865
2026-02-26,0,5,0,0,0,14.636808229106833
2026-02-26,0,6,0,0,0,30.656738966436745
2026-02-26,0,7,0,0,0,41.84986915359768
2026-02-26,0,8,0,0,0,53.26025633275534
2026-02-26,0,9,0,0,0,69.01981443198545
2026-02-26,0,10,0,0,0,53.242883085888046
2026-02-26,0,11,0,1,0,64.57047679663988
2026-02-26,0,12,0,1,0,48.46839246436476
2026-02-26,0,13,0,0,0,28.826286262170115
2026-02-26,0,14,0,0,0,26.903054999655247
2026-02-26,0,15,0,1,0,41.287558691782515
2026-02-26,0,16,0,0,0,47.136872763830944
2026-02-26,0,17,0,1,0,74.73800498962312
2026-02-26,0,18,0,0,0,70.3301807387966
2026-02-26,0,19,0,0,0,63.207359052216
2026-02-26,0,20,0,0,0,58.69493428659958
2026-02-26,0,21,0,0,0,39.47271963601084
2026-02-26,0,22,0,0,0,32.50495097257391
2026-02-26,0,23,0,0,0,23.725605350142665
2026-02-26,1,0,0,0,0,14.205865759446347
2026-02-26,1,1,0,1,0,20.99422777949477
2026-02-26,1,2,0,1,0,18.51121717462331
2026-02-26,1,3,0,1,0,19.129396304992078
2026-02-26,1,4,0,0,0,13.2379255120232
2026-02-26,1,5,0,0,0,19.13891689145752
2026-02-26,1,6,0,0,0,29.28438664293816
2026-02-26,1,7,0,0,0,31.37257154855817
2026-02-26,1,8,0,0,0,54.76112533765231
2026-02-26,1,9,0,0,0,60.854953590409096
2026-02-26,1,10,0,0,0,52.66799890006901
2026-02-26,1,11,0,1,0,45.728360987750605
2026-02-26,1,12,0,1,0,35.718483519144456
2026-02-26,1,13,0,0,0,29.310924399741268
2026-02-26,1,14,0,1,0,43.93804192692514
2026-02-26,1,15,0,0,0,31.96244118048423
2026-02-26,1,16,0,0,0,49.09672134783597
2026-02-26,1,17,0,0,0,67.13787299126234
2026-02-26,1,18,0,0,0,64.70530355700218
2026-02-26,1,19,0,0,0,57.63769288582241
2026-02-26,1,20,0,0,0,43.74135085215286
2026-02-26,1,21,0,1,0,45.57635020821743
2026-02-26,1,22,0,0,0,19.74816951440814
2026-02-26,1,23,0,0,0,35.93825269565185
2026-02-26,2,0,0,0,0,4.100305695681998
2026-02-26,2,1,0,0,0,8.602526094645288
2026-02-26,2,2,0,0,0,6.006756182466923
2026-02-26,2,3,0,0,0,5.4583295668856415
2026-02-26,2,4,0,0,0,11.894617689030406
2026-02-26,2,5,0,0,0,7.340697553858966
2026-02-26,2,6,0,0,0,21.91746123607203
2026-02-26,2,7,0,0,0,36.48325125921758
2026-02-26,2,8,0,0,0,49.98145145190566
2026-02-26,2,9,0,0,0,58.60442859025248
2026-02-26,2,10,0,0,0,41.60424199805026
2026-02-26,2,11,0,0,0,38.228093418756785
2026-02-26,2,12,0,0,0,22.13649481129138
2026-02-26,2,13,0,0,0,17.51780666174162
2026-02-26,2,14,0,0,0,29.782854659878794
2026-02-26,2,15,0,0,0,33.57280097081747
2026-02-26,2,16,0,0,0,45.86634575551642
2026-02-26,2,17,0,1,0,71.02696678617168
2026-02-26,2,18,0,0,0,67.25810666401394
2026-02-26,2,19,0,1,0,69.43008103181927
2026-02-26,2,20,0,0,0,38.117378186120504
2026-02-26,2,21,0,0,0,30.497895413421976
2026-02-26,2,22,0,0,0,26.74398364907539
2026-02-26,2,23,0,0,0,23.159719714659456
2026-02-26,3,0,0,0,0,15.064527040083023
2026-02-26,3,1,0,1,0,20.786924406994373
2026-02-26,3,2,0,0,0,11.29682265565095
2026-02-26,3,3,0,1,0,17.08549936676551
2026-02-26,3,4,0,0,0,10.669121038907704
2026-02-26,3,5,0,1,1,27.880372566427816
2026-02-26,3,6,0,0,0,33.079355129458435
2026-02-26,3,7,0,0,0,34.985290782789804
2026-02-26,3,8,0,0,0,58.611030987439236
2026-02-26,3,9,0,0,0,53.87439670578624
2026-02-26,3,10,0,0,0,57.12312181830977
2026-02-26,3,11,0,0,0,38.5142423802404
2026-02-26,3,12,0,0,0,28.1156875250646
2026-02-26,3,13,0,0,0,28.17540915708211
2026-02-26,3,14,0,0,0,21.27856504440754
2026-02-26,3,15,0,0,0,40.31285829951835
2026-02-26,3,16,0,0,0,38.32549997695673
2026-02-26,3,17,0,0,0,61.84316456964636
2026-02-26,3,18,0,0,0,63.78776424397815
2026-02-26,3,19,0,1,0,69.48729805487334
2026-02-26,3,20,0,0,0,49.529758264586356
2026-02-26,3,21,0,1,0,49.47929001680959
2026-02-26,3,22,0,0,0,29.954468124889406
2026-02-26,3,23,0,0,0,25.131031360557188
2026-02-26,4,0,0,0,0,2.4953370155332197
2026-02-26,4,1,0,0,0,1.4121634649944594
2026-02-26,4,2,0,0,0,0.8758755320742031
2026-02-26,4,3,0,0,0,5.541956847038171
2026-02-26,4,4,0,0,0,7.058021527142959
2026-02-26,4,5,0,0,0,3.15405885370305
2026-02-26,4,6,0,0,1,23.284108590590535
2026-02-26,4,7,0,1,0,46.49420802476379
2026-02-26,4,8,0,0,0,51.48959659407655
2026-02-26,4,9,0,0,0,51.44267717854991
2026-02-26,4,10,0,0,0,44.329884548855176
2026-02-26,4,11,0,0,0,27.202336915748898
2026-02-26,4,12,0,0,0,26.56565890068
2026-02-26,4,13,0,0,0,18.904219335944877
2026-02-26,4,14,0,0,0,21.79547403035228
2026-02-26,4,15,0,0,0,34.22828927152545
2026-02-26,4,16,0,1,0,50.73383444010354
2026-02-26,4,17,0,1,0,67.04489692854987
2026-02-26,4,18,0,1,0,72.5199202438576
2026-02-26,4,19,0,0,0,58.722564198228575
2026-02-26,4,20,0,0,1,49.80784840769523
2026-02-26,4,21,0,0,0,25.05140542658816
2026-02-26,4,22,0,0,0,23.113925671942404
2026-02-26,4,23,0,0,0,14.458203044988812
2026-02-26,5,0,0,0,0,0.8740731190906346
2026-02-26,5,1,0,0,0,3.607395052506371
2026-02-26,5,2,0,0,0,2.1873936319458784
2026-02-26,5,3,0,0,0,7.02395519266464
2026-02-26,5,4,0,0,0,4.217006976245592
2026-02-26,5,5,0,0,0,0.0
2026-02-26,5,6,0,0,0,13.204978053021186
2026-02-26,5,7,0,1,0,39.95131997549189
2026-02-26,5,8,0,0,0,39.96414065154871
2026-02-26,5,9,0,0,0,48.82736169256141
2026-02-26,5,10,0,1,0,53.923641962700216
2026-02-26,5,11,0,1,0,43.553679698135255
2026-02-26,5,12,0,0,0,22.083278831095196
2026-02-26,5,13,0,1,0,30.318384091992197
2026-02-26,5,14,0,0,0,19.779473735068766
2026-02-26,5,15,0,0,1,24.23658744454248
2026-02-26,5,16,0,0,0,37.54144103804082
2026-02-26,5,17,0,0,0,48.14027805658651
2026-02-26,5,18,0,0,0,55.85613251579767
2026-02-26,5,19,0,1,0,63.66447148652445
2026-02-26,5,20,0,0,0,35.8541399520151
2026-02-26,5,21,0,0,0,21.01765310482525
2026-02-26,5,22,0,0,0,7.372391875566029
2026-02-26,5,23,0,0,0,17.34239610485877
2026-02-27,0,0,0,0,0,14.713279850472281
2026-02-27,0,1,0,0,0,11.579930638320098
2026-02-27,0,2,0,0,0,20.111780811738434
2026-02-27,0,3,0,0,0,9.215318187504447
2026-02-27,0,4,0,0,0,19.025079836010377
2026-02-27,0,5,0,0,1,24.61158906228203
2026-02-27,0,6,0,0,0,30.635761297873003
2026-02-27,0,7,0,1,0,43.71808676809963
2026-02-27,0,8,0,0,0,56.526281699235575
2026-02-27,0,9,0,1,0,80.27795570397006
2026-02-27,0,10,0,0,0,62.087169638265884
2026-02-27,0,11,0,0,0,40.057701438413694
2026-02-27,0,12,0,0,0,36.20716017254661
2026-02-27,0,13,0,0,0,24.742951182788197
2026-02-27,0,14,0,0,0,34.04627973719512
2026-02-27,0,15,0,0,0,37.98016336956354
2026-02-27,0,16,0,1,0,64.04718136983637
2026-02-27,0,17,0,0,0,62.7241209821118
2026-02-27,0,18,0,0,0,70.26027016123783
2026-02-27,0,19,0,0,0,61.491868308929305
2026-02-27,0,20,0,0,0,54.31119216164588
2026-02-27,0,21,0,0,0,41.780722744125235
2026-02-27,0,22,0,0,0,39.11484041904647
2026-02-27,0,23,0,0,0,37.46412256698064
2026-02-27,1,0,0,0,0,14.609861327488456
2026-02-27,1,1,0,0,0,9.064629417023253
2026-02-27,1,2,0,0,0,15.775087346155146
2026-02-27,1,3,0,0,0,7.60825906232539
2026-02-27,1,4,0,0,0,6.548139122596015
2026-02-27,1,5,0,0,0,4.520034444337675
2026-02-27,1,6,0,0,0,27.690741428252768
2026-02-27,1,7,0,0,0,33.88958090436005
2026-02-27,1,8,0,0,0,49.98379093972916
2026-02-27,1,9,0,0,0,61.311384676111615
2026-02-27,1,10,0,0,0,49.69180263383241
2026-02-27,1,11,0,0,0,31.331932286215707
2026-02-27,1,12,0,1,0,40.86708298535574
2026-02-27,1,13,0,0,0,19.164003455118284
2026-02-27,1,14,0,1,0,36.434427757824025
2026-02-27,1,15,0,0,0,34.63574678457088
2026-02-27,1,16,0,0,1,58.84552618712759
2026-02-27,1,17,0,0,0,65.47837485123667
2026-02-27,1,18,0,0,0,66.48879711453982
2026-02-27,1,19,0,1,0,75.20811950260168
2026-02-27,1,20,0,1,1,70.06479969924543
2026-02-27,1,21,0,1,0,44.48132646916211
2026-02-27,1,22,0,1,0,39.027822553383146
2026-02-27,1,23,0,1,0,34.01718431153172
2026-02-27,2,0,0,1,0,23.07878629083185
2026-02-27,2,1,0,0,0,10.90008266489799
2026-02-27,2,2,0,0,0,5.649512268051714
2026-02-27,2,3,0,0,0,9.19375322922653
2026-02-27,2,4,0,0,0,5.059980722519739
2026-02-27,2,5,0,0,0,6.138239120040063
2026-02-27,2,6,0,0,0,23.62217932947641
2026-02-27,2,7,0,0,0,31.054756257542387
2026-02-27,2,8,0,0,0,44.944030933454876
2026-02-27,2,9,0,1,0,69.49576188347791
2026-02-27,2,10,0,0,0,53.692025507021384
2026-02-27,2,11,0,0,1,44.87302741032542
2026-02-27,2,12,0,0,0,19.260828417587057
2026-02-27,2,13,0,0,0,23.09804327467845
2026-02-27,2,14,0,0,0,33.42843500616377
2026-02-27,2,15,0,1,0,40.509339947740855
2026-02-27,2,16,0,0,0,44.78394939483516
2026-02-27,2,17,0,0,0,58.136949571302054
2026-02-27,2,18,0,0,0,64.31573674207141
2026-02-27,2,19,0,1,0,64.55760484164978
2026-02-27,2,20,0,0,1,49.4374751076015
2026-02-27,2,21,0,1,0,40.34830611464518
2026-02-27,2,22,0,0,0,21.239790033783372
2026-02-27,2,23,0,0,0,20.371441002448844
2026-02-27,3,0,0,0,0,10.091188681964692
2026-02-27,3,1,0,0,0,11.472982125384421
2026-02-27,3,2,0,0,0,6.668715292647105
2026-02-27,3,3,0,0,0,11.985013246520603
2026-02-27,3,4,0,0,0,7.533064702045577
2026-02-27,3,5,0,0,0,15.61467531757843
2026-02-27,3,6,0,0,0,31.666843267090076
2026-02-27,3,7,0,0,0,40.46536458486057
2026-02-27,3,8,0,0,0,55.56016753666026
2026-02-27,3,9,0,1,0,75.8660297764191
2026-02-27,3,10,0,1,0,72.47058025913411
2026-02-27,3,11,0,0,0,38.41537452112257
2026-02-27,3,12,0,1,0,39.152332983114256
2026-02-27,3,13,0,0,0,31.156750038725292
2026-02-27,3,14,0,1,0,39.36274175643837
2026-02-27,3,15,0,0,0,28.22118761892989
2026-02-27,3,16,0,0,1,55.99554235634194
2026-02-27,3,17,0,0,0,65.88144696106173
2026-02-27,3,18,0,1,0,89.75616246946561
2026-02-27,3,19,0,0,1,70.61527774876981
2026-02-27,3,20,0,0,0,50.078195213833965
2026-02-27,3,21,0,0,0,31.71237180983577
2026-02-27,3,22,0,0,0,29.256490793827023
2026-02-27,3,23,0,0,0,17.857853428967147
2026-02-27,4,0,0,0,0,9.833242077428466
2026-02-27,4,1,0,0,0,4.56297071913679
2026-02-27,4,2,0,0,0,6.63981796461766
2026-02-27,4,3,0,0,0,11.743391633778492
2026-02-27,4,4,0,0,0,5.861445205617346
2026-02-27,4,5,0,1,0,14.520497862431238
2026-02-27,4,6,0,0,0,31.5461582240562
2026-02-27,4,7,0,0,0,33.454375412114814
2026-02-27,4,8,0,0,0,41.36594375202116
2026-02-27,4,9,0,0,0,57.34288475297736
2026-02-27,4,10,0,0,0,48.140111293986166
2026-02-27,4,11,0,0,0,36.527710305205815
2026-02-27,4,12,0,0,0,20.59444141058083
2026-02-27,4,13,0,0,0,11.621551147500904
2026-02-27,4,14,0,0,0,23.424508573321088
2026-02-27,4,15,0,0,0,30.718733185443558
2026-02-27,4,16,0,0,0,35.32510542941728
2026-02-27,4,17,0,0,0,60.34447826112434
2026-02-27,4,18,0,0,0,58.2361334613132
2026-02-27,4,19,0,0,0,54.15694160505203
2026-02-27,4,20,0,0,0,37.79540622765014
2026-02-27,4,21,0,0,0,26.824777812431808
2026-02-27,4,22,0,0,0,20.65387763999864
2026-02-27,4,23,0,0,0,12.258275272429568
2026-02-27,5,0,0,0,0,2.7238564134781686
2026-02-27,5,1,0,0,0,0.805032480891994
2026-02-27,5,2,0,1,0,8.029239159290375
2026-02-27,5,3,0,1,0,15.113528146667507
2026-02-27,5,4,0,0,0,0.0
2026-02-27,5,5,0,0,0,3.4952594059401116
2026-02-27,5,6,0,0,0,19.51185185156649
2026-02-27,5,7,0,1,0,45.12115290367747
2026-02-27,5,8,0,0,1,56.80099201504508
2026-02-27,5,9,0,0,1,65.31862813996804
2026-02-27,5,10,0,0,0,35.94256640543313
2026-02-27,5,11,0,1,0,33.955739387076925
2026-02-27,5,12,0,0,0,17.71902226569233
2026-02-27,5,13,0,0,0,16.672757738379094
2026-02-27,5,14,0,1,0,32.6053296780307
2026-02-27,5,15,0,0,0,30.15008458643944
2026-02-27,5,16,0,0,0,38.04053520772653
2026-02-27,5,17,0,1,0,63.60742407433832
2026-02-27,5,18,0,0,0,58.87994680460608
2026-02-27,5,19,0,0,0,53.61309204691491
2026-02-27,5,20,0,0,0,34.219095468463756
2026-02-27,5,21,0,0,0,32.52620997817693
2026-02-27,5,22,0,1,0,20.961725657243306
2026-02-27,5,23,0,0,0,17.88307543858092
2026-02-28,0,0,1,0,0,21.439484309820994
2026-02-28,0,1,1,0,0,20.237122182501857
2026-02-28,0,2,1,0,0,12.792400530117567
2026-02-28,0,3,1,0,0,10.145711717649029
2026-02-28,0,4,1,0,0,13.519587275727346
2026-02-28,0,5,1,0,0,11.939230774713488
2026-02-28,0,6,1,0,0,29.49293466357396
2026-02-28,0,7,1,0,0,34.78128667360104
2026-02-28,0,8,1,0,0,43.950340376740414
2026-02-28,0,9,1,1,0,56.35485224237324
2026-02-28,0,10,1,0,0,39.78345976185915
2026-02-28,0,11,1,0,0,36.399171978678424
2026-02-28,0,12,1,1,0,42.92085196032558
2026-02-28,0,13,1,1,0,41.63904287426224
2026-02-28,0,14,1,0,0,28.377060676328195
2026-02-28,0,15,1,0,0,25.804628881426396
2026-02-28,0,16,1,0,0,42.335801015522605
2026-02-28,0,17,1,0,0,51.61009089356864
2026-02-28,0,18,1,0,0,51.07509345110994
2026-02-28,0,19,1,0,0,48.50991246601632
2026-02-28,0,20,1,0,0,44.853757731705365
2026-02-28,0,21,1,0,0,34.85505769393302
2026-02-28,0,22,1,0,1,35.804453650872496
2026-02-28,0,23,1,0,0,29.44448612485868
2026-02-28,1,0,1,0,0,9.851584615837229
2026-02-28,1,1,1,1,1,35.667996522496395
2026-02-28,1,2,1,0,0,7.222567401737431
2026-02-28,1,3,1,0,1,19.63403224296402
2026-02-28,1,4,1,0,0,16.794122352036506
2026-02-28,1,5,1,0,0,7.120157515523385
2026-02-28,1,6,1,0,0,25.315326244906487
2026-02-28,1,7,1,0,0,31.267113600540863
2026-02-28,1,8,1,0,0,37.70070421336475
2026-02-28,1,9,1,0,0,52.52883385710598
2026-02-28,1,10,1,1,0,55.16676512183619
2026-02-28,1,11,1,0,0,32.16432269991029
2026-02-28,1,12,1,0,0,28.272369410380733
2026-02-28,1,13,1,0,0,17.593293636638744
2026-02-28,1,14,1,0,0,28.635405829371244
2026-02-28,1,15,1,0,0,28.864724635356225
2026-02-28,1,16,1,0,1,39.6238810019766
2026-02-28,1,17,1,0,1,53.97399087133489
2026-02-28,1,18,1,0,0,55.38392013461062
2026-02-28,1,19,1,0,0,45.91599395400973
2026-02-28,1,20,1,0,0,46.43688437887866
2026-02-28,1,21,1,0,0,30.794543959642283
2026-02-28,1,22,1,1,0,41.812552572045604
2026-02-28,1,23,1,0,0,27.57758968728121
2026-02-28,2,0,1,0,0,9.717416387319354
2026-02-28,2,1,1,0,0,6.940493062313175
2026-02-28,2,2,1,1,0,27.587505850316994
2026-02-28,2,3,1,1,0,15.877337788769637
2026-02-28,2,4,1,0,0,13.978646459809688
2026-02-28,2,5,1,0,0,7.280282232315285
2026-02-28,2,6,1,1,0,26.395446758005804
2026-02-28,2,7,1,0,0,32.991161213466356
2026-02-28,2,8,1,0,0,37.09372193657079
2026-02-28,2,9,1,1,0,53.24831567786776
2026-02-28,2,10,1,0,0,50.65358302967941
2026-02-28,2,11,1,0,0,30.956409810156718
2026-02-28,2,12,1,0,0,19.918305210880995
2026-02-28,2,13,1,0,0,26.202762939586425
2026-02-28,2,14,1,0,0,19.323054836591044
2026-02-28,2,15,1,0,0,28.703931921053776
2026-02-28,2,16,1,0,0,31.342361928635775
2026-02-28,2,17,1,0,0,48.07493621869378
2026-02-28,2,18,1,0,0,55.633166147216635
2026-02-28,2,19,1,0,0,44.98600238059408
2026-02-28,2,20,1,0,0,43.55088040822038
2026-02-28,2,21,1,1,0,37.80715939016103
2026-02-28,2,22,1,0,0,29.135648751289295
2026-02-28,2,23,1,0,0,32.29747527731379
2026-02-28,3,0,1,0,0,5.040223599980089
2026-02-28,3,1,1,1,0,18.301011598449236
2026-02-28,3,2,1,0,0,11.800981319095708
2026-02-28,3,3,1,0,0,11.656012617085654
2026-02-28,3,4,1,0,0,9.210178896150628
2026-02-28,3,5,1,0,0,12.49467236495317
2026-02-28,3,6,1,0,0,28.739601483122257
2026-02-28,3,7,1,0,0,32.85655507976877
2026-02-28,3,8,1,0,0,44.19207349874915
2026-02-28,3,9,1,1,0,55.423701046661165
2026-02-28,3,10,1,0,0,41.80387446464523
2026-02-28,3,11,1,0,0,34.33957363698339
2026-02-28,3,12,1,0,0,26.759844395183904
2026-02-28,3,13,1,0,0,16.79610519863609
2026-02-28,3,14,1,0,0,27.80919013693199
2026-02-28,3,15,1,1,1,49.330108341600834
2026-02-28,3,16,1,0,0,39.31209921023062
2026-02-28,3,17,1,0,0,40.089486789541255
2026-02-28,3,18,1,0,0,52.21861431149232
2026-02-28,3,19,1,1,1,69.83549673075349
2026-02-28,3,20,1,0,0,42.34870644220703
2026-02-28,3,21,1,0,0,30.054936758892563
2026-02-28,3,22,1,0,0,32.884197989476725
2026-02-28,3,23,1,0,0,24.112310524373136
2026-02-28,4,0,1,0,0,0.0
2026-02-28,4,1,1,0,0,11.159249642971393
2026-02-28,4,2,1,0,0,9.080222486228495
2026-02-28,4,3,1,0,0,10.71576564469255
2026-02-28,4,4,1,0,0,2.469925169792003
2026-02-28,4,5,1,1,0,15.029366092924214
2026-02-28,4,6,1,0,0,17.457718775187715
2026-02-28,4,7,1,0,0,24.324025588969388
2026-02-28,4,8,1,0,0,35.57744831445645
2026-02-28,4,9,1,0,0,44.36206380019098
2026-02-28,4,10,1,0,0,38.444483389835895
2026-02-28,4,11,1,0,0,20.44331145902451
2026-02-28,4,12,1,0,0,21.220670575878554
2026-02-28,4,13,1,1,0,29.48189221224377
2026-02-28,4,14,1,0,0,15.734253108580567
2026-02-28,4,15,1,0,0,26.96633057141813
2026-02-28,4,16,1,0,0,26.404101965305653
2026-02-28,4,17,1,0,0,43.84933739105797
2026-02-28,4,18,1,0,0,47.22678239924859
2026-02-28,4,19,1,1,0,51.9759459010361
2026-02-28,4,20,1,0,0,32.82354367978737
2026-02-28,4,21,1,1,0,35.93345395580632
2026-02-28,4,22,1,0,0,19.1965399694643
2026-02-28,4,23,1,0,0,12.980926553416822
2026-02-28,5,0,1,0,0,6.787723595747341
2026-02-28,5,1,1,0,0,1.8772699238639534
2026-02-28,5,2,1,0,0,0.6237079411352455
2026-02-28,5,3,1,0,0,0.0
2026-02-28,5,4,1,0,0,0.0
2026-02-28,5,5,1,0,0,5.962600428865448
2026-02-28,5,6,1,0,0,15.690738035622452
2026-02-28,5,7,1,0,0,16.878812499515686
2026-02-28,5,8,1,0,0,30.63427886875901
2026-02-28,5,9,1,0,0,39.69007386314465
2026-02-28,5,10,1,0,0,31.436919214354266
2026-02-28,5,11,1,0,0,27.878285440635885
2026-02-28,5,12,1,0,0,11.234079158086097
2026-02-28,5,13,1,1,0,19.52150763246885
2026-02-28,5,14,1,0,0,18.63209437172604
2026-02-28,5,15,1,0,0,22.344263435344104
2026-02-28,5,16,1,0,0,24.678778212987318
2026-02-28,5,17,1,0,0,41.578921615202994
2026-02-28,5,18,1,0,0,50.02249751354076
2026-02-28,5,19,1,1,0,47.482477513586254
2026-02-28,5,20,1,0,0,30.968277421511456
2026-02-28,5,21,1,0,0,19.557719698097856
2026-02-28,5,22,1,0,0,17.88927566701777
2026-02-28,5,23,1,0,0,13.172272996668443
2026-03-01,0,0,1,0,0,15.138478866732402
2026-03-01,0,1,1,1,0,24.379765132504073
2026-03-01,0,2,1,0,0,15.272585998031579
2026-03-01,0,3,1,0,0,16.095110504772663
2026-03-01,0,4,1,0,0,11.452566045611425
2026-03-01,0,5,1,0,0,19.162825642350136
2026-03-01,0,6,1,0,1,40.6135588990244
2026-03-01,0,7,1,0,0,34.278790438057506
2026-03-01,0,8,1,0,0,41.740123433312775
2026-03-01,0,9,1,0,1,52.61682974133299
2026-03-01,0,10,1,0,0,44.53145430321413
2026-03-01,0,11,1,0,0,33.82632656822511
2026-03-01,0,12,1,0,0,35.36108359402047
2026-03-01,0,13,1,0,0,28.76693180343376
2026-03-01,0,14,1,0,0,25.901343147858114
2026-03-01,0,15,1,0,0,36.88902295799507
2026-03-01,0,16,1,1,0,56.41677209015927
2026-03-01,0,17,1,0,1,57.94295380028828
2026-03-01,0,18,1,0,0,59.05388800861003
2026-03-01,0,19,1,1,0,56.96363481484633
2026-03-01,0,20,1,0,0,36.457259049793876
2026-03-01,0,21,1,0,1,41.382506206765015
2026-03-01,0,22,1,0,0,27.486296165089502
2026-03-01,0,23,1,0,0,31.83795768825663
2026-03-01,1,0,1,0,0,12.563585765035137
2026-03-01,1,1,1,0,0,9.922213734608352
2026-03-01,1,2,1,0,0,15.739411997739047
2026-03-01,1,3,1,0,0,3.66626997594841
2026-03-01,1,4,1,0,1,11.841621118662296
2026-03-01,1,5,1,1,0,20.03465133139605
2026-03-01,1,6,1,0,0,20.41446466949908
2026-03-01,1,7,1,0,0,32.41642882044261
2026-03-01,1,8,1,1,0,48.41047052536748
2026-03-01,1,9,1,0,0,43.342306007824305
2026-03-01,1,10,1,1,0,55.645703397781915
2026-03-01,1,11,1,0,0,29.85076838755061
2026-03-01,1,12,1,0,0,29.939280836545706
2026-03-01,1,13,1,0,0,28.09867696797199
2026-03-01,1,14,1,0,0,21.637646613843355
2026-03-01,1,15,1,0,0,24.74232205889536
2026-03-01,1,16,1,0,0,36.85792418412838
2026-03-01,1,17,1,0,0,50.43593296558239
2026-03-01,1,18,1,0,1,62.072424076705545
2026-03-01,1,19,1,0,0,47.90042986137264
2026-03-01,1,20,1,0,1,46.36891703598439
2026-03-01,1,21,1,0,0,31.789312701486544
2026-03-01,1,22,1,0,0,24.23798105432411
2026-03-01,1,23,1,0,0,37.32122572193027
2026-03-01,2,0,1,0,0,9.278344518629188
2026-03-01,2,1,1,0,0,9.599157595641014
2026-03-01,2,2,1,0,0,11.226378630679253
2026-03-01,2,3,1,0,1,14.669097278404374
2026-03-01,2,4,1,0,0,12.095025536132948
2026-03-01,2,5,1,0,0,10.155018257249013
2026-03-01,2,6,1,1,0,32.52576844584158
2026-03-01,2,7,1,0,0,30.78380317787036
2026-03-01,2,8,1,0,0,35.49885964654134
2026-03-01,2,9,1,0,0,39.73763969622898
2026-03-01,2,10,1,0,0,37.9213196470882
2026-03-01,2,11,1,0,0,28.100870567990764
2026-03-01,2,12,1,0,0,21.32081361396424
2026-03-01,2,13,1,0,0,27.20854563674731
2026-03-01,2,14,1,0,0,21.507778303259663
2026-03-01,2,15,1,0,0,31.462053227492515
2026-03-01,2,16,1,0,0,43.38518169152515
2026-03-01,2,17,1,0,0,42.15468675423365
2026-03-01,2,18,1,0,1,58.05414028809192
2026-03-01,2,19,1,1,0,58.198101269864075
2026-03-01,2,20,1,1,0,40.148679068112486
2026-03-01,2,21,1,0,0,25.279850901047705
2026-03-01,2,22,1,0,0,21.4966441677332
2026-03-01,2,23,1,0,0,27.348771938701724
2026-03-01,3,0,1,0,0,14.350304079127422
2026-03-01,3,1,1,0,0,19.159242242317518
2026-03-01,3,2,1,0,0,12.76039845372347
2026-03-01,3,3,1,0,1,30.64694876675565
2026-03-01,3,4,1,0,0,6.230441710918148
2026-03-01,3,5,1,0,0,14.61991892861369
2026-03-01,3,6,1,0,0,23.607984361725297
2026-03-01,3,7,1,0,0,37.78947833332883
2026-03-01,3,8,1,0,0,37.60617089786655
2026-03-01,3,9,1,0,0,42.33959503152856
2026-03-01,3,10,1,0,0,37.33633295109803
2026-03-01,3,11,1,0,0,39.56413545007157
2026-03-01,3,12,1,0,0,28.8953283527088
2026-03-01,3,13,1,0,0,27.028314045474136
2026-03-01,3,14,1,0,0,30.53655050925356
2026-03-01,3,15,1,0,0,34.367244976926635
2026-03-01,3,16,1,0,0,49.35586889842662
2026-03-01,3,17,1,0,0,50.977384860903946
2026-03-01,3,18,1,0,0,56.223004389471086
2026-03-01,3,19,1,0,0,48.60451723043837
2026-03-01,3,20,1,0,0,41.623120778923
2026-03-01,3,21,1,0,0,28.22411656688187
2026-03-01,3,22,1,0,0,27.277568782971382
2026-03-01,3,23,1,0,0,34.38667080552679
2026-03-01,4,0,1,0,0,8.369604969480871
2026-03-01,4,1,1,0,0,10.322868419802711
2026-03-01,4,2,1,0,0,5.8017743481398965
2026-03-01,4,3,1,0,0,8.003145321929761
2026-03-01,4,4,1,0,0,2.3845611715640977
2026-03-01,4,5,1,1,0,19.236330846106206
2026-03-01,4,6,1,0,0,15.769227199958326
2026-03-01,4,7,1,0,0,32.041004491475704
2026-03-01,4,8,1,0,0,35.567525584537556
2026-03-01,4,9,1,0,0,40.011089821128486
2026-03-01,4,10,1,1,0,42.533211362465394
2026-03-01,4,11,1,0,0,24.619890703649496
2026-03-01,4,12,1,0,0,20.8785596589339
2026-03-01,4,13,1,0,0,21.006776255949852
2026-03-01,4,14,1,0,0,19.876405109216133
2026-03-01,4,15,1,0,0,24.197491163283885
2026-03-01,4,16,1,0,0,33.64110702646605
2026-03-01,4,17,1,1,0,56.801422575714945
2026-03-01,4,18,1,0,0,44.04298809155727
2026-03-01,4,19,1,0,0,41.67323454473911
2026-03-01,4,20,1,0,0,35.9698961901847
2026-03-01,4,21,1,0,0,27.5363067488564
2026-03-01,4,22,1,0,0,12.43058426949797
2026-03-01,4,23,1,0,0,17.39308881837437
2026-03-01,5,0,1,0,0,8.255089002092383
2026-03-01,5,1,1,0,0,0.8184729713558603
2026-03-01,5,2,1,1,0,10.546698925987494
2026-03-01,5,3,1,0,0,2.7150875242703822
2026-03-01,5,4,1,0,1,15.099340580194973
2026-03-01,5,5,1,0,0,2.6418566614925356
2026-03-01,5,6,1,0,1,22.82594152866985
2026-03-01,5,7,1,0,0,26.126743931736385
2026-03-01,5,8,1,0,0,38.797240913227924
2026-03-01,5,9,1,0,0,35.885010904598786
2026-03-01,5,10,1,1,0,35.77979928903814
2026-03-01,5,11,1,0,0,20.403588734926007
2026-03-01,5,12,1,0,0,17.190956012366968
2026-03-01,5,13,1,1,0,29.29172562600433
2026-03-01,5,14,1,0,0,12.03969635825785
2026-03-01,5,15,1,0,0,25.345094806713526
2026-03-01,5,16,1,0,0,32.21901559276053
2026-03-01,5,17,1,0,0,44.35163805753365
2026-03-01,5,18,1,0,0,44.477552823463114
2026-03-01,5,19,1,0,0,35.6169985541
2026-03-01,5,20,1,0,0,28.310591889112697
2026-03-01,5,21,1,1,0,33.600897528739374
2026-03-01,5,22,1,0,0,22.67442245641781
2026-03-01,5,23,1,0,0,20.640931154999134
2026-03-02,0,0,0,0,0,20.84339237925733
2026-03-02,0,1,0,0,0,16.525326474097188
2026-03-02,0,2,0,0,0,20.102884939593697
2026-03-02,0,3,0,0,0,10.289740895091855
2026-03-02,0,4,0,1,0,26.98087462593678
2026-03-02,0,5,0,0,0,14.608313366036889
2026-03-02,0,6,0,0,0,35.890542735303384
2026-03-02,0,7,0,0,0,44.731603236777886
2026-03-02,0,8,0,0,0,48.244200332124215
2026-03-02,0,9,0,0,0,64.55845808118698
2026-03-02,0,10,0,0,0,55.6482513729006
2026-03-02,0,11,0,0,0,42.970477252775694
2026-03-02,0,12,0,0,0,32.7803705282814
2026-03-02,0,13,0,0,1,33.64157098843251
2026-03-02,0,14,0,0,0,32.66432034816352
2026-03-02,0,15,0,0,0,37.49843201790144
2026-03-02,0,16,0,0,0,52.01127383447698
2026-03-02,0,17,0,0,0,63.57471965682651
2026-03-02,0,18,0,1,0,79.08114247250371
2026-03-02,0,19,0,0,0,69.84707187159458
2026-03-02,0,20,0,0,0,45.3101439982356
2026-03-02,0,21,0,0,0,35.90691963205186
2026-03-02,0,22,0,0,0,30.749997112205588
2026-03-02,0,23,0,0,1,37.284462967976566
2026-03-02,1,0,0,0,0,12.932040892552477
2026-03-02,1,1,0,0,0,9.300635537548603
2026-03-02,1,2,0,0,0,18.036004746754404
2026-03-02,1,3,0,0,0,12.957140340242622
2026-03-02,1,4,0,0,0,14.78185668803245
2026-03-02,1,5,0,0,0,12.19441054497205
2026-03-02,1,6,0,0,0,27.333442723980514
2026-03-02,1,7,0,0,0,42.00864383904145
2026-03-02,1,8,0,0,0,45.160241647497855
2026-03-02,1,9,0,1,0,70.4308009269082
2026-03-02,1,10,0,0,0,56.05373164475113
2026-03-02,1,11,0,0,0,38.50235856480103
2026-03-02,1,12,0,0,0,32.26605808268161
2026-03-02,1,13,0,0,0,21.92843832269372
2026-03-02,1,14,0,0,0,29.582240165478343
2026-03-02,1,15,0,0,0,32.423976157931676
2026-03-02,1,16,0,0,0,43.23192027312226
2026-03-02,1,17,0,1,0,72.87304676970163
2026-03-02,1,18,0,0,0,69.92832744769545
2026-03-02,1,19,0,0,0,58.047091587355396
2026-03-02,1,20,0,0,0,50.235153952855434
2026-03-02,1,21,0,0,0,36.73550625316112
2026-03-02,1,22,0,0,0,29.494726168186887
2026-03-02,1,23,0,0,0,25.249466040345002
2026-03-02,2,0,0,0,0,8.394657379749301
2026-03-02,2,1,0,0,0,7.3796332901550725
2026-03-02,2,2,0,0,0,5.719468178576748
2026-03-02,2,3,0,0,0,4.928153531539225
2026-03-02,2,4,0,0,0,6.533691180248058
2026-03-02,2,5,0,0,0,9.94554198470674
2026-03-02,2,6,0,0,0,29.82219801389274
2026-03-02,2,7,0,0,0,31.511788039774455
2026-03-02,2,8,0,0,1,52.7226968113286
2026-03-02,2,9,0,0,0,58.93842088520139
2026-03-02,2,10,0,0,0,56.82881850499073
2026-03-02,2,11,0,0,0,35.43031162925265
2026-03-02,2,12,0,0,0,24.97699080630984
2026-03-02,2,13,0,0,0,22.50932795390742
2026-03-02,2,14,0,0,0,24.546959577964643
2026-03-02,2,15,0,0,0,37.668415356656446
2026-03-02,2,16,0,0,1,49.157891127768934
2026-03-02,2,17,0,0,0,57.2668676267558
2026-03-02,2,18,0,0,0,70.89049420931
2026-03-02,2,19,0,0,0,59.72265070473384
2026-03-02,2,20,0,1,0,60.816669989687185
2026-03-02,2,21,0,0,0,33.01555041726108
2026-03-02,2,22,0,0,1,26.860258171364205
2026-03-02,2,23,0,1,1,47.00030886308699
2026-03-02,3,0,0,0,0,6.09102296027192
2026-03-02,3,1,0,0,0,10.877779765236152
2026-03-02,3,2,0,0,0,7.840804750054692
2026-03-02,3,3,0,1,0,30.919709899112046
2026-03-02,3,4,0,0,0,17.398097436825463
2026-03-02,3,5,0,0,0,9.768689057852402
2026-03-02,3,6,0,0,0,27.341250854268896
2026-03-02,3,7,0,0,0,47.733332186574565
2026-03-02,3,8,0,0,0,55.53736810129758
2026-03-02,3,9,0,0,0,56.71422429104919
2026-03-02,3,10,0,0,0,54.27108236389987
2026-03-02,3,11,0,0,0,39.72006536134977
2026-03-02,3,12,0,0,0,25.977050927462532
2026-03-02,3,13,0,0,0,27.458743529648228
2026-03-02,3,14,0,0,0,23.68010707252296
2026-03-02,3,15,0,1,0,41.66707654018707
2026-03-02,3,16,0,1,0,52.33284300088055
2026-03-02,3,17,0,0,0,64.5605699785851
2026-03-02,3,18,0,0,0,71.45079439747725
2026-03-02,3,19,0,0,0,64.7933522121252
2026-03-02,3,20,0,0,0,52.84957159141014
2026-03-02,3,21,0,0,1,42.77266455222772
2026-03-02,3,22,0,0,1,32.909183090096164
2026-03-02,3,23,0,0,0,29.528818401562127
2026-03-02,4,0,0,0,0,1.7251265936343745
2026-03-02,4,1,0,0,0,11.281496013804379
2026-03-02,4,2,0,0,0,8.26083450541999
2026-03-02,4,3,0,0,0,5.123623961928319
2026-03-02,4,4,0,0,0,11.246590534915034
2026-03-02,4,5,0,0,0,0.0
2026-03-02,4,6,0,0,0,20.93071840973942
2026-03-02,4,7,0,0,0,29.10893701388429
2026-03-02,4,8,0,0,0,43.22402235897822
2026-03-02,4,9,0,0,0,44.98326430988684
2026-03-02,4,10,0,0,0,49.63799723968131
2026-03-02,4,11,0,0,0,31.06799821093928
2026-03-02,4,12,0,0,0,19.308590252673476
2026-03-02,4,13,0,0,0,11.730244058614652
2026-03-02,4,14,0,1,0,25.108108617804255
2026-03-02,4,15,0,0,0,35.53801595700331
2026-03-02,4,16,0,0,0,43.418537233517725
2026-03-02,4,17,0,0,0,54.5534023091587
2026-03-02,4,18,0,0,0,64.72284944400623
2026-03-02,4,19,0,1,0,66.96336765737874
2026-03-02,4,20,0,1,0,50.526721293068235
2026-03-02,4,21,0,0,0,19.17566975279241
2026-03-02,4,22,0,0,0,22.333995198913964
2026-03-02,4,23,0,0,0,15.935796905953929
2026-03-02,5,0,0,0,0,0.6568382581827001
2026-03-02,5,1,0,0,0,5.474124087602542
2026-03-02,5,2,0,0,0,1.019224255910049
2026-03-02,5,3,0,0,0,4.577378612448662
2026-03-02,5,4,0,0,0,12.060780241439458
2026-03-02,5,5,0,0,0,2.3226923176966903
2026-03-02,5,6,0,0,0,25.598709313339445
2026-03-02,5,7,0,0,0,25.665596564268224
2026-03-02,5,8,0,0,0,44.23377312515114
2026-03-02,5,9,0,0,0,46.886814958646774
2026-03-02,5,10,0,0,0,40.903198407114886
2026-03-02,5,11,0,0,1,45.90655209276769
2026-03-02,5,12,0,0,0,18.727462774541884
2026-03-02,5,13,0,1,0,24.022699492487398
2026-03-02,5,14,0,0,0,16.636307461269737
2026-03-02,5,15,0,0,0,11.650285729275579
2026-03-02,5,16,0,0,0,40.61848363194886
2026-03-02,5,17,0,0,1,58.60692624416026
2026-03-02,5,18,0,0,0,56.39843700336041
2026-03-02,5,19,0,0,0,50.98849773354336
2026-03-02,5,20,0,0,0,36.33644554000679
2026-03-02,5,21,0,0,0,15.668264297918908
2026-03-02,5,22,0,0,0,15.051459557161238
2026-03-02,5,23,0,0,0,17.47325296037755
2026-03-03,0,0,0,0,1,22.71837299409935
2026-03-03,0,1,0,0,0,11.805424701659616
2026-03-03,0,2,0,0,0,11.625725790788131
2026-03-03,0,3,0,0,0,8.20655055539051
2026-03-03,0,4,0,1,0,22.71751682938571
2026-03-03,0,5,0,0,0,12.844633820359306
2026-03-03,0,6,0,0,0,32.20072953520592
2026-03-03,0,7,0,0,0,44.614409382502195
2026-03-03,0,8,0,0,0,58.45882262803785
2026-03-03,0,9,0,0,0,69.85030485463648
2026-03-03,0,10,0,0,0,52.86422789219077
2026-03-03,0,11,0,0,0,45.69872188512316
2026-03-03,0,12,0,0,0,29.910407733552173
2026-03-03,0,13,0,0,0,32.084482086105446
2026-03-03,0,14,0,0,0,37.24196389554318
2026-03-03,0,15,0,0,0,31.14013507552893
2026-03-03,0,16,0,1,1,72.16741052411284
2026-03-03,0,17,0,0,0,65.72528606435381
2026-03-03,0,18,0,0,0,67.68666173154502
2026-03-03,0,19,0,0,0,71.07796528538269
2026-03-03,0,20,0,1,0,64.44559609501569
2026-03-03,0,21,0,0,0,37.492313775152134
2026-03-03,0,22,0,0,0,28.95846213175756
2026-03-03,0,23,0,0,0,23.245901830610208
2026-03-03,1,0,0,0,0,18.50637503046273
2026-03-03,1,1,0,0,0,12.478076132343494
2026-03-03,1,2,0,0,0,11.189636533624235
2026-03-03,1,3,0,1,0,16.123412878797875
2026-03-03,1,4,0,0,0,14.030630988182967
2026-03-03,1,5,0,0,0,12.543841121102833
2026-03-03,1,6,0,1,0,35.84907712295489
2026-03-03,1,7,0,0,0,42.03479800822016
2026-03-03,1,8,0,0,0,43.26279382031128
2026-03-03,1,9,0,0,0,66.28394590294955
2026-03-03,1,10,0,1,0,63.614911050607674
2026-03-03,1,11,0,1,0,50.75259783120195
2026-03-03,1,12,0,0,0,23.08102614290002
2026-03-03,1,13,0,0,0,22.88667935634187
2026-03-03,1,14,0,0,0,32.82534219637575
2026-03-03,1,15,0,0,0,31.183773573445595
2026-03-03,1,16,0,0,0,51.81611938927811
2026-03-03,1,17,0,1,0,70.27964837794467
2026-03-03,1,18,0,0,0,71.23353260413893
2026-03-03,1,19,0,0,0,63.312050788183214
2026-03-03,1,20,0,0,0,52.77417782325748
2026-03-03,1,21,0,0,0,36.01639433914046
2026-03-03,1,22,0,0,0,28.317751532329446
2026-03-03,1,23,0,0,0,20.60656293237926
2026-03-03,2,0,0,0,0,11.324111264293988
2026-03-03,2,1,0,0,0,9.934503494943508
2026-03-03,2,2,0,0,0,4.050444969169198
2026-03-03,2,3,0,1,0,20.943828699479916
2026-03-03,2,4,0,0,0,8.67423418933114
2026-03-03,2,5,0,0,0,14.085394993530262
2026-03-03,2,6,0,0,0,21.187752795218767
2026-03-03,2,7,0,0,0,39.30339364041308
2026-03-03,2,8,0,0,0,49.30846150259456
2026-03-03,2,9,0,0,0,53.25512178703995
2026-03-03,2,10,0,0,0,55.07775118899551
2026-03-03,2,11,0,1,0,47.02268030787555
2026-03-03,2,12,0,0,0,32.40593928542242
2026-03-03,2,13,0,0,0,26.86916158489878
2026-03-03,2,14,0,0,0,29.298654566291408
2026-03-03,2,15,0,0,0,28.78284662422047
2026-03-03,2,16,0,0,0,44.54926497201462
2026-03-03,2,17,0,0,0,55.215258297494216
2026-03-03,2,18,0,1,0,74.29946439345926
2026-03-03,2,19,0,0,0,50.557645826770106
2026-03-03,2,20,0,0,0,46.80281648800775
2026-03-03,2,21,0,0,0,32.50651689287097
2026-03-03,2,22,0,0,0,21.750830671691194
2026-03-03,2,23,0,0,0,32.725884200559435
2026-03-03,3,0,0,1,0,20.266334327994592
2026-03-03,3,1,0,1,0,24.117173402994887
2026-03-03,3,2,0,0,0,9.555421025728934
2026-03-03,3,3,0,1,0,19.967106361659084
2026-03-03,3,4,0,0,0,10.17003355089519
2026-03-03,3,5,0,1,0,28.466651793710106
2026-03-03,3,6,0,0,0,22.03225271754483
2026-03-03,3,7,0,0,0,38.448447817675174
2026-03-03,3,8,0,0,0,49.3886319974676
2026-03-03,3,9,0,0,0,59.988910836904594
2026-03-03,3,10,0,0,0,55.14069816251877
2026-03-03,3,11,0,0,0,34.64081877965171
2026-03-03,3,12,0,0,0,32.2519295574014
2026-03-03,3,13,0,0,0,22.863066343166874
2026-03-03,3,14,0,0,0,33.564278571115146
2026-03-03,3,15,0,0,0,32.54793341566935
2026-03-03,3,16,0,0,0,44.57726872071986
2026-03-03,3,17,0,0,0,64.50914978216595
2026-03-03,3,18,0,0,0,61.512189454833305
2026-03-03,3,19,0,0,1,69.59045634763324
2026-03-03,3,20,0,0,0,49.40844777395109
2026-03-03,3,21,0,1,0,48.92967826960407
2026-03-03,3,22,0,1,0,35.94990747792056
2026-03-03,3,23,0,0,0,28.517206318368224
2026-03-03,4,0,0,0,1,11.703836305655017
2026-03-03,4,1,0,0,0,6.7571938417557
2026-03-03,4,2,0,1,0,28.90414476081781
2026-03-03,4,3,0,0,0,0.2250724292350048
2026-03-03,4,4,0,0,0,5.199827068277321
2026-03-03,4,5,0,0,0,0.0
2026-03-03,4,6,0,0,0,19.87591624094667
2026-03-03,4,7,0,1,1,46.9855284615445
2026-03-03,4,8,0,1,0,65.27711360803531
2026-03-03,4,9,0,0,0,55.03076156035268
2026-03-03,4,10,0,0,0,49.52649103694698
2026-03-03,4,11,0,0,0,27.41054962129683
2026-03-03,4,12,0,0,0,26.281786565620067
2026-03-03,4,13,0,0,0,24.759062597641474
2026-03-03,4,14,0,0,0,17.233838041000524
2026-03-03,4,15,0,0,0,25.142332044413084
2026-03-03,4,16,0,0,0,45.93742867884816
2026-03-03,4,17,0,0,0,54.366988818926295
2026-03-03,4,18,0,0,0,69.61201298517436
2026-03-03,4,19,0,0,0,52.61628958958799
2026-03-03,4,20,0,0,0,41.9225575887513
2026-03-03,4,21,0,0,0,28.617479920876704
2026-03-03,4,22,0,0,0,20.730279075338267
2026-03-03,4,23,0,1,0,29.005457029253808
2026-03-03,5,0,0,0,0,0.0
2026-03-03,5,1,0,0,0,1.0131638589753997
2026-03-03,5,2,0,0,0,0.0
2026-03-03,5,3,0,0,0,3.9671694440029635
2026-03-03,5,4,0,0,0,2.540808890018369
2026-03-03,5,5,0,0,0,3.3637327168466395
2026-03-03,5,6,0,0,1,28.751193232557323
2026-03-03,5,7,0,1,0,37.53064413664005
2026-03-03,5,8,0,1,0,61.51670828889769
2026-03-03,5,9,0,0,0,50.438064410884394
2026-03-03,5,10,0,0,0,45.405811538488
2026-03-03,5,11,0,1,0,42.977990870428066
2026-03-03,5,12,0,0,0,22.897707938818904
2026-03-03,5,13,0,0,0,19.6993900941478
2026-03-03,5,14,0,0,0,18.351753071686726
2026-03-03,5,15,0,0,0,29.65562716257586
2026-03-03,5,16,0,0,0,33.92702486939909
2026-03-03,5,17,0,1,0,60.0385205258551
2026-03-03,5,18,0,0,0,51.20795296287207
2026-03-03,5,19,0,1,0,55.93845526760083
2026-03-03,5,20,0,0,0,43.28882851797734
2026-03-03,5,21,0,0,0,27.223131087531844
2026-03-03,5,22,0,0,0,19.11825035951262
2026-03-03,5,23,0,0,1,24.810824779272224
2026-03-04,0,0,0,0,0,20.594010891943814
2026-03-04,0,1,0,0,0,18.965789238198354
2026-03-04,0,2,0,0,0,17.754234852527006
2026-03-04,0,3,0,0,0,15.61511254167087
2026-03-04,0,4,0,0,1,19.09818991192696
2026-03-04,0,5,0,0,0,8.738098168945797
2026-03-04,0,6,0,0,0,34.126446206951684
2026-03-04,0,7,0,0,0,47.56949617769548
2026-03-04,0,8,0,0,1,62.58397558593422
2026-03-04,0,9,0,1,0,73.43519379715646
2026-03-04,0,10,0,0,0,54.12004685186458
2026-03-04,0,11,0,0,0,40.34594184550139
2026-03-04,0,12,0,0,0,39.562663706861876
2026-03-04,0,13,0,0,0,26.628970863231732
2026-03-04,0,14,0,0,0,28.169103152204475
2026-03-04,0,15,0,0,0,38.130729913030706
2026-03-04,0,16,0,0,0,52.50104794150904
2026-03-04,0,17,0,0,0,66.95116469166109
2026-03-04,0,18,0,0,0,78.6832920674131
2026-03-04,0,19,0,0,0,68.00837389386733
2026-03-04,0,20,0,0,0,47.76553899983601
2026-03-04,0,21,0,0,0,39.05033597396773
2026-03-04,0,22,0,0,0,25.213574418388124
2026-03-04,0,23,0,0,0,34.59901724103806
2026-03-04,1,0,0,0,0,18.062945971753425
2026-03-04,1,1,0,0,0,10.686782920040825
2026-03-04,1,2,0,0,0,10.727212643683188
2026-03-04,1,3,0,0,0,7.667483777331331
2026-03-04,1,4,0,0,0,19.99840500293866
2026-03-04,1,5,0,0,0,14.342480915085478
2026-03-04,1,6,0,0,0,23.360626228979456
2026-03-04,1,7,0,0,0,34.7065280282021
2026-03-04,1,8,0,0,0,46.21530147994016
2026-03-04,1,9,0,1,1,76.89463535645193
2026-03-04,1,10,0,0,0,51.977360939257906
2026-03-04,1,11,0,0,0,37.160112975680086
2026-03-04,1,12,0,0,0,23.124418532513747
2026-03-04,1,13,0,0,0,27.296906090497963
2026-03-04,1,14,0,0,0,28.554401403900833
2026-03-04,1,15,0,0,0,31.075348783723996
2026-03-04,1,16,0,0,0,50.099302267287506
2026-03-04,1,17,0,0,0,55.29947839425596
2026-03-04,1,18,0,1,0,79.67443333662487
2026-03-04,1,19,0,0,1,67.39811793685176
2026-03-04,1,20,0,0,0,39.62478848530195
2026-03-04,1,21,0,0,0,30.668928942503666
2026-03-04,1,22,0,0,0,21.08012388332709
2026-03-04,1,23,0,0,0,22.365924369439163
2026-03-04,2,0,0,1,0,11.525752111899797
2026-03-04,2,1,0,0,0,4.13524094249203
2026-03-04,2,2,0,1,0,19.598353323694276
2026-03-04,2,3,0,0,0,6.103728618948207
2026-03-04,2,4,0,0,0,13.115344312444336
2026-03-04,2,5,0,0,0,5.5754418535856844
2026-03-04,2,6,0,0,0,17.67389532706443
2026-03-04,2,7,0,0,0,35.71061558027715
2026-03-04,2,8,0,0,0,57.32410370981334
2026-03-04,2,9,0,0,0,61.922898079735035
2026-03-04,2,10,0,1,0,65.52716922867899
2026-03-04,2,11,0,0,0,33.41709839792386
2026-03-04,2,12,0,1,0,37.69967934182696
2026-03-04,2,13,0,0,1,29.522987538604596
2026-03-04,2,14,0,0,0,25.70378876314627
2026-03-04,2,15,0,0,0,40.74528242337796
2026-03-04,2,16,0,0,0,41.849197601034334
2026-03-04,2,17,0,0,0,49.85856839161741
2026-03-04,2,18,0,0,0,68.71551719314945
2026-03-04,2,19,0,0,0,60.19246489058319
2026-03-04,2,20,0,1,0,50.895931087833176
2026-03-04,2,21,0,0,0,31.992411504019792
2026-03-04,2,22,0,0,0,20.14020019759647
2026-03-04,2,23,0,0,0,23.266973745156196
2026-03-04,3,0,0,0,1,19.19059957480016
2026-03-04,3,1,0,0,0,12.177481701687375
2026-03-04,3,2,0,0,0,12.851778918745739
2026-03-04,3,3,0,1,0,27.56524519599794
2026-03-04,3,4,0,0,0,9.027806762854045
2026-03-04,3,5,0,0,0,16.452550831566082
2026-03-04,3,6,0,0,0,26.647741168073647
2026-03-04,3,7,0,0,0,35.5374317736191
2026-03-04,3,8,0,0,0,51.70033026504834
2026-03-04,3,9,0,0,0,62.34627385180477
2026-03-04,3,10,0,1,0,64.62448906901206
2026-03-04,3,11,0,0,0,39.19145896094014
2026-03-04,3,12,0,0,0,33.43868290550472
2026-03-04,3,13,0,0,0,19.632184387662353
2026-03-04,3,14,0,0,0,31.719603064071016
2026-03-04,3,15,0,1,0,39.99544519153966
2026-03-04,3,16,0,0,0,51.1995655428127
2026-03-04,3,17,0,0,0,57.84251738049676
2026-03-04,3,18,0,0,0,66.77541773866554
2026-03-04,3,19,0,0,0,54.448451769016316
2026-03-04,3,20,0,0,0,46.67461134544829
2026-03-04,3,21,0,0,0,43.04495217020156
2026-03-04,3,22,0,0,0,31.342831100551546
2026-03-04,3,23,0,0,0,30.942843856012757
2026-03-04,4,0,0,0,0,0.7540954573327117
2026-03-04,4,1,0,0,0,5.990671965222072
2026-03-04,4,2,0,0,0,0.0
2026-03-04,4,3,0,0,0,9.689495657557336
2026-03-04,4,4,0,0,0,7.822011628566258
2026-03-04,4,5,0,0,0,16.949756024947867
2026-03-04,4,6,0,0,0,23.05117165862767
2026-03-04,4,7,0,0,0,34.95223965449183
2026-03-04,4,8,0,0,0,47.882285156798744
2026-03-04,4,9,0,0,0,51.069069298673526
2026-03-04,4,10,0,0,0,44.07022119461226
2026-03-04,4,11,0,0,0,28.775199728041827
2026-03-04,4,12,0,0,0,21.004196872938806
2026-03-04,4,13,0,0,0,15.750118133997532
2026-03-04,4,14,0,1,0,34.56920313718812
2026-03-04,4,15,0,0,0,26.54696938435776
2026-03-04,4,16,0,0,0,38.69881115488019
2026-03-04,4,17,0,0,0,49.14766186563405
2026-03-04,4,18,0,0,0,65.29167517931478
2026-03-04,4,19,0,1,0,66.80247773964827
2026-03-04,4,20,0,1,0,53.752900805148364
2026-03-04,4,21,0,0,1,33.66165440452134
2026-03-04,4,22,0,0,0,25.748145594795634
2026-03-04,4,23,0,0,0,14.907608102840554
2026-03-04,5,0,0,0,0,0.0
2026-03-04,5,1,0,0,0,9.693563924690523
2026-03-04,5,2,0,0,0,11.540357857291088
2026-03-04,5,3,0,0,0,0.0
2026-03-04,5,4,0,0,0,0.0
2026-03-04,5,5,0,0,0,4.458509277799054
2026-03-04,5,6,0,0,0,24.420389986727535
2026-03-04,5,7,0,0,0,25.547565758372272
2026-03-04,5,8,0,0,0,49.37419388714109
2026-03-04,5,9,0,0,0,47.86885606965177
2026-03-04,5,10,0,0,0,41.505781818774224
2026-03-04,5,11,0,1,0,34.63521206328342
2026-03-04,5,12,0,0,0,17.92304724953288
2026-03-04,5,13,0,0,0,22.644016138743908
2026-03-04,5,14,0,0,0,4.536146637846294
2026-03-04,5,15,0,0,0,30.13715126538363
2026-03-04,5,16,0,0,0,38.8308551028877
2026-03-04,5,17,0,1,0,61.01902433292051
2026-03-04,5,18,0,0,0,61.06457843748518
2026-03-04,5,19,0,0,0,49.21489578319701
2026-03-04,5,20,0,0,0,32.7625022102724
2026-03-04,5,21,0,0,0,24.90639688603732
2026-03-04,5,22,0,0,0,12.58740726896966
2026-03-04,5,23,0,0,0,17.12336775570228
2026-03-05,0,0,0,1,0,22.04577288525637
2026-03-05,0,1,0,1,0,29.31755742769165
2026-03-05,0,2,0,0,0,22.263155593039976
2026-03-05,0,3,0,1,0,30.822532996948944
2026-03-05,0,4,0,0,0,3.16931218388369
2026-03-05,0,5,0,1,0,27.929241456058005
2026-03-05,0,6,0,0,0,34.35523348873741
2026-03-05,0,7,0,0,0,39.9461027302459
2026-03-05,0,8,0,0,0,53.874050436424085
2026-03-05,0,9,0,0,0,57.8923566903166
2026-03-05,0,10,0,0,0,53.80684707553375
2026-03-05,0,11,0,0,0,41.20744677027189
2026-03-05,0,12,0,0,0,29.205049052634692
2026-03-05,0,13,0,0,0,28.76233977521688
2026-03-05,0,14,0,0,0,34.42668421033109
2026-03-05,0,15,0,0,0,46.64529826394835
2026-03-05,0,16,0,0,0,48.11711688021225
2026-03-05,0,17,0,0,0,63.90752214813969
2026-03-05,0,18,0,0,0,73.18587744067135
2026-03-05,0,19,0,0,0,60.47292535509915
2026-03-05,0,20,0,0,0,47.74816943041407
2026-03-05,0,21,0,0,0,44.01241523295777
2026-03-05,0,22,0,0,0,23.053856943426055
2026-03-05,0,23,0,1,0,29.704453294199183
2026-03-05,1,0,0,0,0,7.274698249389124
2026-03-05,1,1,0,1,0,19.14362327396145
2026-03-05,1,2,0,1,1,38.96117844315214
2026-03-05,1,3,0,1,0,32.997995932119736
2026-03-05,1,4,0,1,0,17.120090358883086
2026-03-05,1,5,0,0,0,12.7336481807923
2026-03-05,1,6,0,1,0,37.05711737685302
2026-03-05,1,7,0,0,0,46.367395953908215
2026-03-05,1,8,0,1,0,59.80177531987348
2026-03-05,1,9,0,0,0,64.46027143901568
2026-03-05,1,10,0,0,0,57.148608750997546
2026-03-05,1,11,0,0,0,44.6983946576683
2026-03-05,1,12,0,0,1,42.07064038861597
2026-03-05,1,13,0,0,0,26.433303054246025
2026-03-05,1,14,0,0,0,26.09246524784518
2026-03-05,1,15,0,0,0,35.25428475754369
2026-03-05,1,16,0,0,0,48.281352764767824
2026-03-05,1,17,0,1,0,69.37755328703216
2026-03-05,1,18,0,0,0,66.52052267257994
2026-03-05,1,19,0,0,1,65.78422643639321
2026-03-05,1,20,0,0,0,45.74785674047099
2026-03-05,1,21,0,0,1,48.98035932056425
2026-03-05,1,22,0,0,1,30.95494616047173
2026-03-05,1,23,0,1,0,39.10138268403865
2026-03-05,2,0,0,0,0,11.0708795161203
2026-03-05,2,1,0,1,0,20.649823544382002
2026-03-05,2,2,0,0,0,7.332930771910023
2026-03-05,2,3,0,0,0,4.915948721858187
2026-03-05,2,4,0,0,0,8.975098048309116
2026-03-05,2,5,0,0,0,6.738251345971326
2026-03-05,2,6,0,0,0,32.11960663829661
2026-03-05,2,7,0,0,0,40.46561326478626
2026-03-05,2,8,0,0,0,52.91855196837243
2026-03-05,2,9,0,0,0,57.474602632516806
2026-03-05,2,10,0,0,0,47.2631416320371
2026-03-05,2,11,0,0,0,38.444547604713314
2026-03-05,2,12,0,0,0,25.210373117788688
2026-03-05,2,13,0,0,0,17.266356972311012
2026-03-05,2,14,0,0,0,28.40936408369166
2026-03-05,2,15,0,1,0,42.54780827417888
2026-03-05,2,16,0,0,0,47.42899050133721
2026-03-05,2,17,0,0,0,57.02209756985292
2026-03-05,2,18,0,0,0,61.88675427556743
2026-03-05,2,19,0,0,0,57.91564031114069
2026-03-05,2,20,0,0,0,42.49948392947447
2026-03-05,2,21,0,0,0,35.58450438796965
2026-03-05,2,22,0,0,1,27.820157075750267
2026-03-05,2,23,0,0,0,23.756800734594513
2026-03-05,3,0,0,0,0,11.63044765858458
2026-03-05,3,1,0,1,0,26.86652988113722
2026-03-05,3,2,0,0,1,22.121622838532883
2026-03-05,3,3,0,0,0,8.714392237384763
2026-03-05,3,4,0,0,0,8.749418546442149
2026-03-05,3,5,0,0,0,15.952634807172135
2026-03-05,3,6,0,0,0,23.958045284562502
2026-03-05,3,7,0,0,0,30.222575563582485
2026-03-05,3,8,0,0,0,56.389225798228914
2026-03-05,3,9,0,1,0,75.1242965825555
2026-03-05,3,10,0,0,0,56.506137650672656
2026-03-05,3,11,0,0,0,34.811413427621986
2026-03-05,3,12,0,0,0,29.8082549059721
2026-03-05,3,13,0,0,0,26.857204194831457
2026-03-05,3,14,0,0,0,31.36577598005566
2026-03-05,3,15,0,0,0,38.23646345985818
2026-03-05,3,16,0,0,0,54.381963274503256
2026-03-05,3,17,0,0,0,65.45351054046662
2026-03-05,3,18,0,0,0,66.9100549987901
2026-03-05,3,19,0,0,0,68.88020618229007
2026-03-05,3,20,0,0,0,55.127644035249524
2026-03-05,3,21,0,0,0,35.607897661713544
2026-03-05,3,22,0,0,0,31.034984008813108
2026-03-05,3,23,0,0,1,33.84103478084289
2026-03-05,4,0,0,0,0,7.376131768036025
2026-03-05,4,1,0,0,0,0.0
2026-03-05,4,2,0,0,0,5.498917143391386
2026-03-05,4,3,0,0,0,9.718799366290977
2026-03-05,4,4,0,0,0,6.726888346822558
2026-03-05,4,5,0,0,0,10.445482471989298
2026-03-05,4,6,0,0,0,15.758086494227914
2026-03-05,4,7,0,0,0,30.156290784784254
2026-03-05,4,8,0,0,0,54.455002445809036
2026-03-05,4,9,0,0,0,57.68181069673528
2026-03-05,4,10,0,0,0,45.735023776369836
2026-03-05,4,11,0,0,0,21.497711211507394
2026-03-05,4,12,0,1,0,31.593355723149593
2026-03-05,4,13,0,0,1,35.02735006519361
2026-03-05,4,14,0,0,0,16.363054690563736
2026-03-05,4,15,0,0,0,25.81475679124347
2026-03-05,4,16,0,0,0,34.872138976815094
2026-03-05,4,17,0,0,0,56.23056840525413
2026-03-05,4,18,0,0,0,59.8189758066321
2026-03-05,4,19,0,0,0,69.3722209499759
2026-03-05,4,20,0,0,0,44.650616505588616
2026-03-05,4,21,0,0,0,23.794370063826868
2026-03-05,4,22,0,0,0,19.149260464201756
2026-03-05,4,23,0,1,0,31.366863904808838
2026-03-05,5,0,0,0,0,0.0
2026-03-05,5,1,0,0,0,5.362407965166654
2026-03-05,5,2,0,0,0,7.866271576250077
2026-03-05,5,3,0,0,0,0.0
2026-03-05,5,4,0,1,0,12.1839685519856
2026-03-05,5,5,0,1,0,12.646394768275227
2026-03-05,5,6,0,0,0,21.69730094845958
2026-03-05,5,7,0,0,0,35.1364954447882
2026-03-05,5,8,0,0,0,46.40671000366994
2026-03-05,5,9,0,0,0,46.51342358913829
2026-03-05,5,10,0,0,0,42.41637149651368
2026-03-05,5,11,0,0,0,29.283405683883718
2026-03-05,5,12,0,0,0,19.157162494813345
2026-03-05,5,13,0,0,0,20.21977773399892
2026-03-05,5,14,0,0,0,18.44472192808503
2026-03-05,5,15,0,0,0,29.67748655444508
2026-03-05,5,16,0,0,0,40.97923023999928
2026-03-05,5,17,0,0,0,49.898154043795365
2026-03-05,5,18,0,0,0,49.497543560711165
2026-03-05,5,19,0,0,0,51.29704628923876
2026-03-05,5,20,0,1,0,43.41900749762097
2026-03-05,5,21,0,0,0,17.010087577746866
2026-03-05,5,22,0,0,0,21.163292415453864
2026-03-05,5,23,0,0,0,18.650022913255842
2026-03-06,0,0,0,0,0,8.774028310193824
2026-03-06,0,1,0,0,0,17.023247494507306
2026-03-06,0,2,0,1,0,29.3613691301171
2026-03-06,0,3,0,0,0,11.545157443022886
2026-03-06,0,4,0,0,0,19.277322506809362
2026-03-06,0,5,0,0,0,12.935889121134943
2026-03-06,0,6,0,0,0,23.12422725463611
2026-03-06,0,7,0,0,1,45.33486413615292
2026-03-06,0,8,0,0,0,54.04983660921431
2026-03-06,0,9,0,1,0,74.22649896060231
2026-03-06,0,10,0,0,0,52.10626635363647
2026-03-06,0,11,0,0,0,39.771470275211705
2026-03-06,0,12,0,0,0,30.235428325393954
2026-03-06,0,13,0,1,0,37.483407208812814
2026-03-06,0,14,0,0,0,31.3878353974898
2026-03-06,0,15,0,0,0,36.214332792767145
2026-03-06,0,16,0,0,0,45.57964930077465
2026-03-06,0,17,0,1,0,69.1811491497296
2026-03-06,0,18,0,0,0,75.19537329816578
2026-03-06,0,19,0,0,0,60.023612066656945
2026-03-06,0,20,0,0,0,52.6406411747877
2026-03-06,0,21,0,0,0,39.01276267981425
2026-03-06,0,22,0,0,0,32.463293714444745
2026-03-06,0,23,0,0,0,31.37012865224124
2026-03-06,1,0,0,0,0,14.685884757578332
2026-03-06,1,1,0,0,0,10.362399467936772
2026-03-06,1,2,0,0,0,12.207610073918111
2026-03-06,1,3,0,0,0,11.33238752700471
2026-03-06,1,4,0,0,0,9.029910719970573
2026-03-06,1,5,0,0,1,22.38935672645909
2026-03-06,1,6,0,0,0,28.058885990578098
2026-03-06,1,7,0,0,0,37.12576259455105
2026-03-06,1,8,0,0,0,50.116262571435385
2026-03-06,1,9,0,0,0,56.3481956921842
2026-03-06,1,10,0,0,0,53.52491780105284
2026-03-06,1,11,0,0,0,29.318725787258014
2026-03-06,1,12,0,0,0,30.623305907996635
2026-03-06,1,13,0,0,0,22.44253077212968
2026-03-06,1,14,0,0,0,20.619512368223212
2026-03-06,1,15,0,0,0,34.389932302357956
2026-03-06,1,16,0,0,0,49.41679257846919
2026-03-06,1,17,0,0,0,54.314441265085776
2026-03-06,1,18,0,1,0,81.24874984938143
2026-03-06,1,19,0,0,0,57.733804784467516
2026-03-06,1,20,0,1,0,63.87780533285885
2026-03-06,1,21,0,1,0,41.6278361093494
2026-03-06,1,22,0,0,0,30.842830131057834
2026-03-06,1,23,0,1,0,38.00436292225476
2026-03-06,2,0,0,0,0,8.587603934818848
2026-03-06,2,1,0,0,0,12.68623824249518
2026-03-06,2,2,0,0,0,3.451691058954128
2026-03-06,2,3,0,0,0,12.17266068153732
2026-03-06,2,4,0,0,0,8.249200381577907
2026-03-06,2,5,0,0,1,21.585733295262827
2026-03-06,2,6,0,0,0,23.604884277321066
2026-03-06,2,7,0,0,0,34.79036688712797
2026-03-06,2,8,0,0,0,52.25685600951244
2026-03-06,2,9,0,0,0,56.79056128572146
2026-03-06,2,10,0,0,0,48.77435247566869
2026-03-06,2,11,0,1,0,42.34477700012044
2026-03-06,2,12,0,0,0,31.28058452700323
2026-03-06,2,13,0,0,0,22.84308288356552
2026-03-06,2,14,0,0,0,25.41870435395199
2026-03-06,2,15,0,1,0,37.54971597012647
2026-03-06,2,16,0,0,0,48.44994063681082
2026-03-06,2,17,0,0,0,56.332773757130745
2026-03-06,2,18,0,1,0,74.38545881135111
2026-03-06,2,19,0,1,0,63.530858153422955
2026-03-06,2,20,0,0,0,47.99615849795498
2026-03-06,2,21,0,1,0,42.45340041092236
2026-03-06,2,22,0,0,0,26.87592453219055
2026-03-06,2,23,0,0,1,30.775516720374508
2026-03-06,3,0,0,0,0,10.45323147400921
2026-03-06,3,1,0,1,0,25.00615521747445
2026-03-06,3,2,0,1,0,20.453864798465013
2026-03-06,3,3,0,0,0,15.705436649217134
2026-03-06,3,4,0,0,1,22.436670988871818
2026-03-06,3,5,0,0,0,17.25226181049221
2026-03-06,3,6,0,0,0,24.59093167912509
2026-03-06,3,7,0,0,0,34.30023144573135
2026-03-06,3,8,0,1,0,62.95734786795675
2026-03-06,3,9,0,0,0,56.45138056554508
2026-03-06,3,10,0,0,0,52.7507845045252
2026-03-06,3,11,0,0,0,42.03914091639925
2026-03-06,3,12,0,0,0,35.463712662769446
2026-03-06,3,13,0,0,0,28.16696325018577
2026-03-06,3,14,0,0,0,26.71304963424866
2026-03-06,3,15,0,0,0,34.37423360577266
2026-03-06,3,16,0,0,0,45.546255267620246
2026-03-06,3,17,0,0,0,63.86848209330345
2026-03-06,3,18,0,0,0,72.30789758748824
2026-03-06,3,19,0,0,0,65.77687601720099
2026-03-06,3,20,0,0,0,46.850330236098976
2026-03-06,3,21,0,1,0,46.65139742080282
2026-03-06,3,22,0,1,0,38.36310050312922
2026-03-06,3,23,0,0,0,28.006050261976704
2026-03-06,4,0,0,0,0,18.394413520653245
2026-03-06,4,1,0,1,0,17.019584353961637
2026-03-06,4,2,0,0,0,6.1051681106016344
2026-03-06,4,3,0,0,0,5.408481026446097
2026-03-06,4,4,0,0,0,2.007314933587131
2026-03-06,4,5,0,0,0,5.1369605075786655
2026-03-06,4,6,0,0,0,19.477604599530643
2026-03-06,4,7,0,0,1,36.54560269327285
2026-03-06,4,8,0,0,0,44.959223893093345
2026-03-06,4,9,0,0,0,49.03251303163025
2026-03-06,4,10,0,0,0,42.738258697709036
2026-03-06,4,11,0,0,0,29.935764625579182
2026-03-06,4,12,0,0,0,24.615816134198756
2026-03-06,4,13,0,1,0,26.90315392244682
2026-03-06,4,14,0,0,0,29.672227708839657
2026-03-06,4,15,0,0,0,31.70544471869535
2026-03-06,4,16,0,1,0,59.09358118070351
2026-03-06,4,17,0,0,0,55.27326447194996
2026-03-06,4,18,0,1,0,73.85245107484651
2026-03-06,4,19,0,0,0,56.46619086680571
2026-03-06,4,20,0,1,0,49.007483590338396
2026-03-06,4,21,0,0,0,29.781476141952858
2026-03-06,4,22,0,0,0,19.667014280757186
2026-03-06,4,23,0,0,0,19.616379265429607
2026-03-06,5,0,0,0,0,3.2774881875412802
2026-03-06,5,1,0,0,0,0.0
2026-03-06,5,2,0,0,0,6.0976951879346215
2026-03-06,5,3,0,0,1,8.24559319519921
2026-03-06,5,4,0,0,0,6.299421930370846
2026-03-06,5,5,0,0,0,5.264084387728515
2026-03-06,5,6,0,1,0,25.69033509225526
2026-03-06,5,7,0,0,0,29.319848468330793
2026-03-06,5,8,0,0,0,42.40776779498372
2026-03-06,5,9,0,0,0,53.73373327140073
2026-03-06,5,10,0,0,0,44.14588813415413
2026-03-06,5,11,0,0,0,25.223381237461478
2026-03-06,5,12,0,0,0,22.651652412641862
2026-03-06,5,13,0,0,0,14.36347157217092
2026-03-06,5,14,0,0,0,11.383545422475574
2026-03-06,5,15,0,0,0,23.338396210166675
2026-03-06,5,16,0,1,0,46.321839217935775
2026-03-06,5,17,0,0,0,49.75320040926517
2026-03-06,5,18,0,0,0,57.05516933348904
2026-03-06,5,19,0,0,0,49.58212617705893
2026-03-06,5,20,0,0,0,35.6291296051856
2026-03-06,5,21,0,0,0,24.803470300792128
2026-03-06,5,22,0,0,0,14.863872369831915
2026-03-06,5,23,0,0,0,16.54444278972397
2026-03-07,0,0,1,0,0,17.586058652218483
2026-03-07,0,1,1,0,0,13.726985398970623
2026-03-07,0,2,1,0,0,18.082318648043376
2026-03-07,0,3,1,0,0,16.622586939096234
2026-03-07,0,4,1,0,0,19.104892364710018
2026-03-07,0,5,1,0,1,10.246733440923709
2026-03-07,0,6,1,0,0,31.533587196957903
2026-03-07,0,7,1,0,0,33.96650245759622
2026-03-07,0,8,1,0,1,54.509880108996356
2026-03-07,0,9,1,0,0,44.77434073299636
2026-03-07,0,10,1,0,0,41.14514591623699
2026-03-07,0,11,1,0,0,40.340310543458315
2026-03-07,0,12,1,1,0,42.6516228259716
2026-03-07,0,13,1,0,0,29.002317315406554
2026-03-07,0,14,1,0,1,39.07205340992574
2026-03-07,0,15,1,0,0,32.7708128424598
2026-03-07,0,16,1,0,0,44.136692332006085
2026-03-07,0,17,1,0,0,48.41105389298375
2026-03-07,0,18,1,0,0,52.48609166110645
2026-03-07,0,19,1,1,0,61.83315557484135
2026-03-07,0,20,1,0,0,42.81327348555329
2026-03-07,0,21,1,0,0,38.25400481942929
2026-03-07,0,22,1,0,0,28.56501179303102
2026-03-07,0,23,1,0,0,27.67144707964679
2026-03-07,1,0,1,0,1,17.508727562974297
2026-03-07,1,1,1,0,0,13.632080010778598
2026-03-07,1,2,1,0,0,18.05124928173326
2026-03-07,1,3,1,1,0,19.052746680580313
2026-03-07,1,4,1,0,0,9.72134562796814
2026-03-07,1,5,1,0,0,10.427647427412294
2026-03-07,1,6,1,0,1,35.58548053867898
2026-03-07,1,7,1,0,0,29.824998581201648
2026-03-07,1,8,1,0,0,43.4278753023526
2026-03-07,1,9,1,0,0,52.82905460357936
2026-03-07,1,10,1,0,0,43.941747870603294
2026-03-07,1,11,1,0,0,34.315607078005684
2026-03-07,1,12,1,0,0,22.239453432030647
2026-03-07,1,13,1,0,0,16.389520830346896
2026-03-07,1,14,1,0,0,32.77058304869477
2026-03-07,1,15,1,0,0,29.311768883211403
2026-03-07,1,16,1,0,0,35.00754359190804
2026-03-07,1,17,1,0,0,49.5421883564202
2026-03-07,1,18,1,0,0,59.751194592675766
2026-03-07,1,19,1,0,0,42.26945123995221
2026-03-07,1,20,1,0,0,35.82897859296144
2026-03-07,1,21,1,0,0,31.81820717769238
2026-03-07,1,22,1,0,0,24.757905304989837
2026-03-07,1,23,1,0,0,16.817959364705853
2026-03-07,2,0,1,0,0,7.64456947716705
2026-03-07,2,1,1,1,0,21.111538765796574
2026-03-07,2,2,1,1,0,21.63546644351012
2026-03-07,2,3,1,0,0,9.006540249641306
2026-03-07,2,4,1,0,0,10.127253495580954
2026-03-07,2,5,1,0,0,20.106130237073934
2026-03-07,2,6,1,0,0,29.6150727024795
2026-03-07,2,7,1,0,0,26.89141478188705
2026-03-07,2,8,1,0,0,39.18483361544477
2026-03-07,2,9,1,0,0,39.16150294791384
2026-03-07,2,10,1,0,0,43.56059892748658
2026-03-07,2,11,1,0,0,28.68000820645111
2026-03-07,2,12,1,0,1,34.01168055826535
2026-03-07,2,13,1,0,0,19.423120380303715
2026-03-07,2,14,1,0,0,19.013628071225313
2026-03-07,2,15,1,1,0,33.32747541407817
2026-03-07,2,16,1,0,0,30.804856640984244
2026-03-07,2,17,1,0,0,47.20144814025433
2026-03-07,2,18,1,0,0,47.35121263605961
2026-03-07,2,19,1,0,0,46.5724151955684
2026-03-07,2,20,1,1,0,49.84214564398853
2026-03-07,2,21,1,0,0,22.53545914360393
2026-03-07,2,22,1,0,0,35.348337744107496
2026-03-07,2,23,1,0,0,24.945588261034896
2026-03-07,3,0,1,0,0,9.441714562912274
2026-03-07,3,1,1,0,0,14.797689521362194
2026-03-07,3,2,1,0,0,18.76843457906911
2026-03-07,3,3,1,0,0,14.297317478992248
2026-03-07,3,4,1,0,0,8.813208494506153
2026-03-07,3,5,1,0,0,7.332752607194059
2026-03-07,3,6,1,0,0,27.746940572934136
2026-03-07,3,7,1,0,0,28.94683171601079
2026-03-07,3,8,1,0,0,49.69516203113885
2026-03-07,3,9,1,0,0,54.05275932276502
2026-03-07,3,10,1,0,0,44.58601039958656
2026-03-07,3,11,1,0,0,27.445242997026753
2026-03-07,3,12,1,0,0,32.24062881373929
2026-03-07,3,13,1,0,0,27.50886359579324
2026-03-07,3,14,1,0,0,27.995162437125433
2026-03-07,3,15,1,1,0,44.817559153598744
2026-03-07,3,16,1,0,0,40.28178785053853
2026-03-07,3,17,1,0,0,51.90960078409267
2026-03-07,3,18,1,0,0,57.733669296468136
2026-03-07,3,19,1,0,0,58.26280732403983
2026-03-07,3,20,1,1,0,48.47452225189724
2026-03-07,3,21,1,0,0,27.615542283195783
2026-03-07,3,22,1,0,0,20.43611962627943
2026-03-07,3,23,1,0,0,25.376641259027046
2026-03-07,4,0,1,0,0,7.2150601492929205
2026-03-07,4,1,1,0,0,6.358426906714013
2026-03-07,4,2,1,0,0,2.906814430678906
2026-03-07,4,3,1,0,0,7.499500187566593
2026-03-07,4,4,1,0,0,4.405262058716763
2026-03-07,4,5,1,1,0,11.397412845551164
2026-03-07,4,6,1,1,0,30.96780472979442
2026-03-07,4,7,1,0,0,28.880048006886426
2026-03-07,4,8,1,0,0,30.833180885863104
2026-03-07,4,9,1,0,0,47.953152944372945
2026-03-07,4,10,1,0,0,31.79492222828631
2026-03-07,4,11,1,0,0,30.09901864736292
2026-03-07,4,12,1,0,0,20.98837586830354
2026-03-07,4,13,1,0,0,17.011402333888974
2026-03-07,4,14,1,0,0,21.132574977558384
2026-03-07,4,15,1,0,0,23.748965625451515
2026-03-07,4,16,1,0,0,32.16315947142824
2026-03-07,4,17,1,0,0,41.30855513144821
2026-03-07,4,18,1,0,0,49.908445758406984
2026-03-07,4,19,1,1,0,58.475185060686826
2026-03-07,4,20,1,0,0,39.179992029921856
2026-03-07,4,21,1,0,1,24.00071213905161
2026-03-07,4,22,1,0,0,21.80263920548273
2026-03-07,4,23,1,0,1,24.26595715614536
2026-03-07,5,0,1,0,0,0.0
2026-03-07,5,1,1,0,0,0.0
2026-03-07,5,2,1,0,0,8.009869371576308
2026-03-07,5,3,1,0,0,0.03897538731028782
2026-03-07,5,4,1,0,0,5.479035463280338
2026-03-07,5,5,1,0,0,4.882440263398535
2026-03-07,5,6,1,0,0,15.733545138725356
2026-03-07,5,7,1,0,0,21.193510788590316
2026-03-07,5,8,1,0,0,30.192668053317387
2026-03-07,5,9,1,1,1,58.076556066025994
2026-03-07,5,10,1,1,0,43.23564658521492
2026-03-07,5,11,1,0,0,25.121479848042252
2026-03-07,5,12,1,0,0,15.317371863923054
2026-03-07,5,13,1,0,0,11.068822270551356
2026-03-07,5,14,1,0,0,14.6325486947945
2026-03-07,5,15,1,1,0,28.1679924743304
2026-03-07,5,16,1,0,0,28.641903153374383
2026-03-07,5,17,1,0,1,41.83191333357008
2026-03-07,5,18,1,0,0,53.3628838876479
2026-03-07,5,19,1,1,0,47.688320639395364
2026-03-07,5,20,1,1,0,39.43116649743118
2026-03-07,5,21,1,0,0,19.261566779428197
2026-03-07,5,22,1,1,0,19.030835642199627
2026-03-07,5,23,1,0,0,10.940610433563664
2026-03-08,0,0,1,1,0,22.472181443456773
2026-03-08,0,1,1,0,0,14.994923596188505
2026-03-08,0,2,1,0,0,11.738995902824216
2026-03-08,0,3,1,0,0,13.801557533177991
2026-03-08,0,4,1,0,0,21.692508788822437
2026-03-08,0,5,1,0,0,16.42516582548647
2026-03-08,0,6,1,0,0,20.57240845447945
2026-03-08,0,7,1,0,0,27.918478289437967
2026-03-08,0,8,1,0,0,41.603231385588515
2026-03-08,0,9,1,0,1,54.85935038730421
2026-03-08,0,10,1,0,0,43.623327241567914
2026-03-08,0,11,1,0,0,40.434538131497355
2026-03-08,0,12,1,0,0,32.071043498463084
2026-03-08,0,13,1,0,0,22.675056631427992
2026-03-08,0,14,1,0,1,32.72099014746725
2026-03-08,0,15,1,0,0,32.79353889486975
2026-03-08,0,16,1,0,0,40.49675585349226
2026-03-08,0,17,1,0,0,58.194021422619734
2026-03-08,0,18,1,0,0,51.70792716013959
2026-03-08,0,19,1,0,0,47.7224646520184
2026-03-08,0,20,1,0,0,35.13022979709293
2026-03-08,0,21,1,0,0,30.06208152717378
2026-03-08,0,22,1,0,0,28.27267613751121
2026-03-08,0,23,1,1,0,36.740309615418454
2026-03-08,1,0,1,0,0,12.654847167841464
2026-03-08,1,1,1,0,0,11.661491963888508
2026-03-08,1,2,1,0,0,11.403808735968525
2026-03-08,1,3,1,0,0,18.457666978243083
2026-03-08,1,4,1,0,0,9.363694266770846
2026-03-08,1,5,1,0,1,19.34145514015012
2026-03-08,1,6,1,0,1,33.204085912447944
2026-03-08,1,7,1,0,0,35.994063512445656
2026-03-08,1,8,1,0,0,43.23719529834138
2026-03-08,1,9,1,0,0,42.25354356946849
2026-03-08,1,10,1,0,0,42.41517929160875
2026-03-08,1,11,1,0,1,39.339936105827505
2026-03-08,1,12,1,1,0,35.05179678410032
2026-03-08,1,13,1,0,0,25.145883353877284
2026-03-08,1,14,1,1,0,34.48197272083323
2026-03-08,1,15,1,0,0,28.995754986153905
2026-03-08,1,16,1,0,0,34.84518428946126
2026-03-08,1,17,1,0,0,49.81096154177969
2026-03-08,1,18,1,0,0,60.656080112931384
2026-03-08,1,19,1,0,0,51.08628070756728
2026-03-08,1,20,1,0,0,40.67704121692338
2026-03-08,1,21,1,1,0,45.3161260748248
2026-03-08,1,22,1,0,0,27.143466020572934
2026-03-08,1,23,1,0,0,24.611445884834893
2026-03-08,2,0,1,1,0,13.587864946273212
2026-03-08,2,1,1,0,0,4.833488313084245
2026-03-08,2,2,1,0,0,10.029187809780858
2026-03-08,2,3,1,0,1,20.597020855867054
2026-03-08,2,4,1,0,0,11.365795136455262
2026-03-08,2,5,1,0,0,5.187431974993951
2026-03-08,2,6,1,0,0,25.866835027994306
2026-03-08,2,7,1,0,0,37.08385118590406
2026-03-08,2,8,1,0,0,35.76743281215865
2026-03-08,2,9,1,1,0,56.554211515483914
2026-03-08,2,10,1,0,0,40.51609616570767
2026-03-08,2,11,1,0,0,25.613747868043774
2026-03-08,2,12,1,0,0,17.506462051091276
2026-03-08,2,13,1,0,0,18.376517484875365
2026-03-08,2,14,1,0,0,27.20536143052288
2026-03-08,2,15,1,1,0,40.24245383805459
2026-03-08,2,16,1,0,0,38.331404857049414
2026-03-08,2,17,1,0,0,47.894874626312486
2026-03-08,2,18,1,0,1,55.503729240372024
2026-03-08,2,19,1,0,0,41.48287857779894
2026-03-08,2,20,1,0,0,38.11366429854478
2026-03-08,2,21,1,0,0,26.00580228219615
2026-03-08,2,22,1,0,1,33.978013507571006
2026-03-08,2,23,1,1,0,33.45388243338789
2026-03-08,3,0,1,1,0,21.114986362608143
2026-03-08,3,1,1,0,0,11.202127501028466
2026-03-08,3,2,1,1,0,26.673385791007952
2026-03-08,3,3,1,0,0,15.208191817725893
2026-03-08,3,4,1,0,0,16.56731140742972
2026-03-08,3,5,1,1,1,31.77467755268807
2026-03-08,3,6,1,0,0,29.98917565409115
2026-03-08,3,7,1,0,0,30.83259783153211
2026-03-08,3,8,1,0,0,44.94605120343655
2026-03-08,3,9,1,1,1,68.09915675170134
2026-03-08,3,10,1,0,0,38.16450004595504
2026-03-08,3,11,1,0,0,35.528016851009916
2026-03-08,3,12,1,0,0,24.538949831210516
2026-03-08,3,13,1,0,0,26.739511818091895
2026-03-08,3,14,1,0,0,27.029132594697476
2026-03-08,3,15,1,0,0,32.1045341286418
2026-03-08,3,16,1,0,0,35.317020890808756
2026-03-08,3,17,1,0,0,47.57631119168635
2026-03-08,3,18,1,0,0,48.85212199994139
2026-03-08,3,19,1,0,0,50.99335702730967
2026-03-08,3,20,1,0,0,31.046057717288452
2026-03-08,3,21,1,1,0,39.16471856328322
2026-03-08,3,22,1,0,0,27.091391372283887
2026-03-08,3,23,1,0,0,26.657885122151686
2026-03-08,4,0,1,0,0,6.62230620557221
2026-03-08,4,1,1,0,0,6.711773850276668
2026-03-08,4,2,1,0,0,9.48638971537417
2026-03-08,4,3,1,0,0,9.139439817477502
2026-03-08,4,4,1,0,0,0.0
2026-03-08,4,5,1,1,0,17.0181154587592
2026-03-08,4,6,1,0,0,18.966301301166858
2026-03-08,4,7,1,0,0,18.933425325091832
2026-03-08,4,8,1,0,0,33.04536322645108
2026-03-08,4,9,1,0,0,39.45129668871578
2026-03-08,4,10,1,1,0,51.524021449768526
2026-03-08,4,11,1,0,0,37.98779971754923
2026-03-08,4,12,1,1,0,32.060810570292986
2026-03-08,4,13,1,0,0,25.63528710719995
2026-03-08,4,14,1,0,0,21.54536966230998
2026-03-08,4,15,1,0,0,20.693121292590753
2026-03-08,4,16,1,0,0,28.057319468068044
2026-03-08,4,17,1,0,0,43.49444430142921
2026-03-08,4,18,1,0,0,48.60587579497478
2026-03-08,4,19,1,0,0,47.502516817923954
2026-03-08,4,20,1,0,0,23.82091527416052
2026-03-08,4,21,1,0,1,34.5310610255697
2026-03-08,4,22,1,0,0,19.157625491960292
2026-03-08,4,23,1,1,1,36.644612368546674
2026-03-08,5,0,1,0,0,6.259297804922676
2026-03-08,5,1,1,0,0,13.402359566132073
2026-03-08,5,2,1,0,0,0.0
2026-03-08,5,3,1,0,0,0.0
2026-03-08,5,4,1,0,1,6.787966345795927
2026-03-08,5,5,1,0,1,10.259454131772943
2026-03-08,5,6,1,0,0,17.512806984977036
2026-03-08,5,7,1,0,1,31.866255959054286
2026-03-08,5,8,1,1,0,50.45636637830372
2026-03-08,5,9,1,1,0,54.5692510234846
2026-03-08,5,10,1,0,0,34.880216872231564
2026-03-08,5,11,1,1,0,38.3087023131571
2026-03-08,5,12,1,1,0,31.755494160549585
2026-03-08,5,13,1,0,0,15.434137834787782
2026-03-08,5,14,1,0,0,15.643144514191473
2026-03-08,5,15,1,0,0,23.18758978084176
2026-03-08,5,16,1,1,0,45.44964597426279
2026-03-08,5,17,1,0,0,39.952491899991955
2026-03-08,5,18,1,0,0,44.26126666824696
2026-03-08,5,19,1,1,0,50.72458505047035
2026-03-08,5,20,1,0,0,29.11442134245347
2026-03-08,5,21,1,0,0,15.48733401811962
2026-03-08,5,22,1,0,0,8.90985128264525
2026-03-08,5,23,1,0,0,16.216234402999294
2026-03-09,0,0,0,0,0,12.852611078826747
2026-03-09,0,1,0,0,0,13.729613060665084
2026-03-09,0,2,0,0,0,18.28459565982456
2026-03-09,0,3,0,0,0,12.31244221241213
2026-03-09,0,4,0,0,0,15.921707212270778
2026-03-09,0,5,0,1,0,25.900819262678166
2026-03-09,0,6,0,0,0,37.337519588394954
2026-03-09,0,7,0,0,0,42.03970583496112
2026-03-09,0,8,0,1,0,64.54647935535459
2026-03-09,0,9,0,0,0,59.38695268743593
2026-03-09,0,10,0,0,0,60.10837408871582
2026-03-09,0,11,0,0,0,41.399900006799726
2026-03-09,0,12,0,0,0,28.32559869786439
2026-03-09,0,13,0,1,0,34.36335629271187
2026-03-09,0,14,0,0,0,25.751581843641613
2026-03-09,0,15,0,0,0,36.865507224934525
2026-03-09,0,16,0,1,0,58.01048521917382
2026-03-09,0,17,0,0,0,68.7724354485034
2026-03-09,0,18,0,0,1,76.40344343587591
2026-03-09,0,19,0,0,0,61.25013211303982
2026-03-09,0,20,0,0,0,54.88432132706648
2026-03-09,0,21,0,0,0,39.6686632513152
2026-03-09,0,22,0,0,0,24.83428139145768
2026-03-09,0,23,0,0,0,25.922106940533848
2026-03-09,1,0,0,0,0,13.555753954326812
2026-03-09,1,1,0,0,0,10.981481347273496
2026-03-09,1,2,0,1,0,24.745364234445677
2026-03-09,1,3,0,0,0,15.447584967462511
2026-03-09,1,4,0,0,0,13.916891726156564
2026-03-09,1,5,0,0,0,4.932053462463376
2026-03-09,1,6,0,1,0,36.23080531515796
2026-03-09,1,7,0,0,0,45.85138884432552
2026-03-09,1,8,0,0,0,47.854098479063616
2026-03-09,1,9,0,0,0,62.10412878249832
2026-03-09,1,10,0,1,0,65.67324969321298
2026-03-09,1,11,0,0,0,41.69531202257099
2026-03-09,1,12,0,1,0,38.34889389048716
2026-03-09,1,13,0,1,0,36.856156400474234
2026-03-09,1,14,0,0,0,27.78079643517697
2026-03-09,1,15,0,1,0,40.91878693414495
2026-03-09,1,16,0,0,0,47.46092427178815
2026-03-09,1,17,0,0,0,58.65435455085857
2026-03-09,1,18,0,1,0,77.74869678848701
2026-03-09,1,19,0,0,0,59.66364572645024
2026-03-09,1,20,0,0,0,41.17348047385467
2026-03-09,1,21,0,0,0,31.38148930093093
2026-03-09,1,22,0,1,0,42.26023684759857
2026-03-09,1,23,0,0,0,29.141164739027477
2026-03-09,2,0,0,0,0,10.106556825082352
2026-03-09,2,1,0,0,0,11.909162810607143
2026-03-09,2,2,0,0,0,6.54577088406693
2026-03-09,2,3,0,0,0,8.913955586771143
2026-03-09,2,4,0,0,0,8.617244987290922
2026-03-09,2,5,0,1,0,22.775820850958414
2026-03-09,2,6,0,0,0,28.23736753101048
2026-03-09,2,7,0,0,1,42.48426202428109
2026-03-09,2,8,0,0,0,49.01860063265885
2026-03-09,2,9,0,0,0,58.6211655123149
2026-03-09,2,10,0,0,0,48.06364336713045
2026-03-09,2,11,0,1,0,50.462569264261475
2026-03-09,2,12,0,0,0,28.02986656256605
2026-03-09,2,13,0,0,0,19.97111803477763
2026-03-09,2,14,0,0,0,22.283548417997622
2026-03-09,2,15,0,0,0,29.422617341149348
2026-03-09,2,16,0,0,0,49.26780050091267
2026-03-09,2,17,0,0,0,52.855017534083345
2026-03-09,2,18,0,0,0,69.99421828759462
2026-03-09,2,19,0,0,1,76.351380556605
2026-03-09,2,20,0,0,0,44.58953535194544
2026-03-09,2,21,0,0,0,29.730168733843737
2026-03-09,2,22,0,0,0,22.40375726397858
2026-03-09,2,23,0,0,0,21.159874015312788
2026-03-09,3,0,0,0,0,11.677960056417708
2026-03-09,3,1,0,0,0,16.557418168792307
2026-03-09,3,2,0,0,0,9.335233770240395
2026-03-09,3,3,0,0,0,7.033437751531092
2026-03-09,3,4,0,0,0,15.543499452238327
2026-03-09,3,5,0,1,0,28.299237403016264
2026-03-09,3,6,0,0,0,25.186649141597616
2026-03-09,3,7,0,0,0,39.216996310531
2026-03-09,3,8,0,0,0,56.20480641010418
2026-03-09,3,9,0,0,0,59.115184815168796
2026-03-09,3,10,0,0,0,49.49222854447382
2026-03-09,3,11,0,0,0,38.10390690457202
2026-03-09,3,12,0,0,0,35.032217341081996
2026-03-09,3,13,0,0,0,17.4298305846944
2026-03-09,3,14,0,0,0,25.77578131758612
2026-03-09,3,15,0,0,0,30.77414118800399
2026-03-09,3,16,0,1,1,67.27659916817649
2026-03-09,3,17,0,0,0,58.49146376956131
2026-03-09,3,18,0,0,0,63.80695908355815
2026-03-09,3,19,0,0,1,71.93659411821235
2026-03-09,3,20,0,0,0,46.764330065213784
2026-03-09,3,21,0,0,0,38.73278507157471
2026-03-09,3,22,0,0,0,23.890414615708018
2026-03-09,3,23,0,0,0,28.80599896005189
2026-03-09,4,0,0,0,1,9.605515592130194
2026-03-09,4,1,0,0,0,4.40749088293793
2026-03-09,4,2,0,0,0,3.589393614857259
2026-03-09,4,3,0,0,0,10.64170182551193
2026-03-09,4,4,0,0,0,0.0
2026-03-09,4,5,0,0,0,6.710440455922974
2026-03-09,4,6,0,0,0,22.956449928200467
2026-03-09,4,7,0,0,0,27.345273503590633
2026-03-09,4,8,0,0,0,48.89295042420242
2026-03-09,4,9,0,0,0,54.39560954006344
2026-03-09,4,10,0,0,0,46.79150684982535
2026-03-09,4,11,0,0,0,29.733010002215575
2026-03-09,4,12,0,0,0,24.586650923800637
2026-03-09,4,13,0,1,0,28.102557625883392
2026-03-09,4,14,0,0,0,23.31291942016665
2026-03-09,4,15,0,0,0,24.53822886144817
2026-03-09,4,16,0,1,0,57.95269189561559
2026-03-09,4,17,0,0,0,58.27017983482004
2026-03-09,4,18,0,0,0,66.2796388408031
2026-03-09,4,19,0,0,0,56.43206972717243
2026-03-09,4,20,0,0,0,39.69394260701002
2026-03-09,4,21,0,0,0,20.595496609992615
2026-03-09,4,22,0,0,0,23.68386852506191
2026-03-09,4,23,0,0,0,24.74944915302509
2026-03-09,5,0,0,1,0,13.88648868929894
2026-03-09,5,1,0,0,0,1.398383192841707
2026-03-09,5,2,0,0,0,4.160528393541429
2026-03-09,5,3,0,0,0,0.4884557735808239
2026-03-09,5,4,0,0,0,0.898613155479699
2026-03-09,5,5,0,0,0,8.932526989431288
2026-03-09,5,6,0,1,0,33.64723955285149
2026-03-09,5,7,0,1,0,36.32779198741952
2026-03-09,5,8,0,0,0,42.85629063491211
2026-03-09,5,9,0,0,0,49.42384331693306
2026-03-09,5,10,0,0,0,45.2512391308809
2026-03-09,5,11,0,0,0,31.416373808727087
2026-03-09,5,12,0,0,0,21.986243147032795
2026-03-09,5,13,0,0,0,11.394159373693125
2026-03-09,5,14,0,0,0,15.902151462596876
2026-03-09,5,15,0,0,0,26.714515493641173
2026-03-09,5,16,0,0,0,38.46901125015875
2026-03-09,5,17,0,0,0,51.82730473134795
2026-03-09,5,18,0,0,1,65.95228097801883
2026-03-09,5,19,0,0,0,53.407201562068224
2026-03-09,5,20,0,0,0,36.08396232871164
2026-03-09,5,21,0,0,0,29.83972680826924
2026-03-09,5,22,0,0,0,13.462019525165006
2026-03-09,5,23,0,0,0,13.420466689126666
2026-03-10,0,0,0,0,0,17.84064027440792
2026-03-10,0,1,0,0,0,7.938740963059938
2026-03-10,0,2,0,0,0,9.544351257284152
2026-03-10,0,3,0,0,1,22.546271756887457
2026-03-10,0,4,0,0,0,11.387737611287157
2026-03-10,0,5,0,0,0,19.01403224824961
2026-03-10,0,6,0,0,0,25.92959853998765
2026-03-10,0,7,0,0,0,32.068190801581515
2026-03-10,0,8,0,0,0,55.880433891410405
2026-03-10,0,9,0,0,0,57.040349482716564
2026-03-10,0,10,0,0,0,51.77126377979845
2026-03-10,0,11,0,0,0,42.54074335380991
2026-03-10,0,12,0,0,0,28.438673167335452
2026-03-10,0,13,0,1,0,41.84600283543795
2026-03-10,0,14,0,0,0,34.351316436823744
2026-03-10,0,15,0,0,0,38.469961396794794
2026-03-10,0,16,0,1,0,56.50915203785852
2026-03-10,0,17,0,0,0,63.74195284419945
2026-03-10,0,18,0,0,0,66.94270880092895
2026-03-10,0,19,0,1,0,79.56727956449987
2026-03-10,0,20,0,0,0,55.251313462532444
2026-03-10,0,21,0,0,0,40.61468257134993
2026-03-10,0,22,0,0,0,27.728363213583485
2026-03-10,0,23,0,0,0,28.036176839289034
2026-03-10,1,0,0,0,0,11.20168629600349
2026-03-10,1,1,0,0,0,6.468725687833959
2026-03-10,1,2,0,0,0,16.91765915581869
2026-03-10,1,3,0,0,0,17.248015055342375
2026-03-10,1,4,0,0,0,9.763304502519103
2026-03-10,1,5,0,0,0,8.10711771209051
2026-03-10,1,6,0,0,0,28.72290427252275
2026-03-10,1,7,0,0,0,37.3278046241768
2026-03-10,1,8,0,0,0,53.32079312259377
2026-03-10,1,9,0,0,0,56.946466286424574
2026-03-10,1,10,0,0,0,44.75431139372546
2026-03-10,1,11,0,0,0,36.51715345159225
2026-03-10,1,12,0,0,0,22.66526200524705
2026-03-10,1,13,0,0,0,19.05852961340768
2026-03-10,1,14,0,0,0,22.840647715610455
2026-03-10,1,15,0,1,0,48.30302159466128
2026-03-10,1,16,0,0,0,47.10799167202127
2026-03-10,1,17,0,0,1,68.91601361523746
2026-03-10,1,18,0,1,0,70.5911827565768
2026-03-10,1,19,0,0,0,51.415462328516554
2026-03-10,1,20,0,0,0,42.92628576840818
2026-03-10,1,21,0,0,0,30.461792287418433
2026-03-10,1,22,0,0,0,28.80860781659266
2026-03-10,1,23,0,0,0,27.104635352550893
2026-03-10,2,0,0,0,0,8.673279373235145
2026-03-10,2,1,0,0,0,10.405314018194739
2026-03-10,2,2,0,0,0,7.377408006528442
2026-03-10,2,3,0,0,0,7.794716307673483
2026-03-10,2,4,0,0,0,13.319965920414514
2026-03-10,2,5,0,0,0,4.639721001240674
2026-03-10,2,6,0,0,0,19.8809276545687
2026-03-10,2,7,0,0,1,42.31877542058926
2026-03-10,2,8,0,0,0,50.68287735957563
2026-03-10,2,9,0,0,0,62.05222898631972
2026-03-10,2,10,0,0,0,49.0977971692633
2026-03-10,2,11,0,0,0,35.12532570072375
2026-03-10,2,12,0,0,0,22.44501971592031
2026-03-10,2,13,0,1,0,39.190103280245054
2026-03-10,2,14,0,0,0,25.07273578821745
2026-03-10,2,15,0,1,0,49.95341123177584
2026-03-10,2,16,0,1,0,59.1078771154492
2026-03-10,2,17,0,1,0,75.62928413287223
2026-03-10,2,18,0,0,0,71.03503125871148
2026-03-10,2,19,0,0,0,60.14030870913514
2026-03-10,2,20,0,0,0,49.87227054158619
2026-03-10,2,21,0,0,0,33.609937967124964
2026-03-10,2,22,0,0,1,28.088519174215417
2026-03-10,2,23,0,0,0,20.954856457488383
2026-03-10,3,0,0,0,0,10.892703723226678
2026-03-10,3,1,0,0,0,10.586712940912475
2026-03-10,3,2,0,0,0,16.574679325050568
2026-03-10,3,3,0,0,0,5.276871456960957
2026-03-10,3,4,0,0,0,13.856072110956273
2026-03-10,3,5,0,0,0,6.102651357875495
2026-03-10,3,6,0,0,0,31.547551744996163
2026-03-10,3,7,0,0,0,43.03585549447203
2026-03-10,3,8,0,0,0,53.95114477658838
2026-03-10,3,9,0,0,0,62.00231789527997
2026-03-10,3,10,0,1,0,63.99392433119751
2026-03-10,3,11,0,0,0,40.3519140349819
2026-03-10,3,12,0,1,0,44.0113609380377
2026-03-10,3,13,0,0,0,27.02964024491401
2026-03-10,3,14,0,0,0,34.33902520105501
2026-03-10,3,15,0,0,0,33.86206307679362
2026-03-10,3,16,0,0,0,49.54829540232115
2026-03-10,3,17,0,0,0,63.05716794874871
2026-03-10,3,18,0,0,0,66.82612628224207
2026-03-10,3,19,0,0,0,57.93101818875079
2026-03-10,3,20,0,0,0,48.721055387816115
2026-03-10,3,21,0,0,1,43.19184919683141
2026-03-10,3,22,0,0,0,25.825201904664308
2026-03-10,3,23,0,0,0,29.132321498745085
2026-03-10,4,0,0,0,0,0.0
2026-03-10,4,1,0,0,1,7.611816765444378
2026-03-10,4,2,0,0,0,3.148388796129958
2026-03-10,4,3,0,0,0,1.7541714497661172
2026-03-10,4,4,0,0,0,5.539341546714696
2026-03-10,4,5,0,0,0,8.335420891424018
2026-03-10,4,6,0,0,0,20.149760381526026
2026-03-10,4,7,0,0,0,38.55014405586977
2026-03-10,4,8,0,0,1,59.01496175224096
2026-03-10,4,9,0,1,0,66.8620970963043
2026-03-10,4,10,0,1,0,56.41276808470535
2026-03-10,4,11,0,0,0,35.77132933591663
2026-03-10,4,12,0,0,0,22.25406023840303
2026-03-10,4,13,0,0,0,21.540394895899187
2026-03-10,4,14,0,0,0,17.13184525903949
2026-03-10,4,15,0,1,0,42.918341663061085
2026-03-10,4,16,0,1,0,41.206120204496564
2026-03-10,4,17,0,1,0,68.33689992653574
2026-03-10,4,18,0,0,0,59.94674955371729
2026-03-10,4,19,0,0,0,50.83839308575404
2026-03-10,4,20,0,0,0,42.72653667925656
2026-03-10,4,21,0,1,0,41.13458157928199
2026-03-10,4,22,0,0,0,16.81762894570562
2026-03-10,4,23,0,1,0,29.198851644859154
2026-03-10,5,0,0,0,0,1.9099654465359772
2026-03-10,5,1,0,0,0,7.18994711705096
2026-03-10,5,2,0,0,0,8.331042202232329
2026-03-10,5,3,0,0,0,1.4228659117349198
2026-03-10,5,4,0,0,0,7.152977081543395
2026-03-10,5,5,0,0,0,5.819988868454882
2026-03-10,5,6,0,1,1,30.157046178116733
2026-03-10,5,7,0,0,0,25.108820121720193
2026-03-10,5,8,0,0,0,42.23797259952484
2026-03-10,5,9,0,0,0,49.919513022560714
2026-03-10,5,10,0,0,0,46.106194117964264
2026-03-10,5,11,0,0,0,28.53297992173541
2026-03-10,5,12,0,0,0,16.883228278343605
2026-03-10,5,13,0,0,0,17.85560281776391
2026-03-10,5,14,0,0,0,15.073172703755802
2026-03-10,5,15,0,1,0,34.52848749108549
2026-03-10,5,16,0,1,0,41.9034132352045
2026-03-10,5,17,0,1,0,63.53365387132882
2026-03-10,5,18,0,1,0,73.14153840597118
2026-03-10,5,19,0,0,0,57.39863071479491
2026-03-10,5,20,0,0,0,37.50102538190185
2026-03-10,5,21,0,0,0,21.709257485563697
2026-03-10,5,22,0,0,0,16.579681308300312
2026-03-10,5,23,0,0,0,11.810630215659307
2026-03-11,0,0,0,1,0,22.797371551906167
2026-03-11,0,1,0,0,0,10.841337862083307
2026-03-11,0,2,0,0,0,19.023839698547626
2026-03-11,0,3,0,0,0,21.41919817900448
2026-03-11,0,4,0,0,0,14.970362809183412
2026-03-11,0,5,0,0,0,16.432405278487757
2026-03-11,0,6,0,0,0,24.766662812853994
2026-03-11,0,7,0,1,0,56.66579643308327
2026-03-11,0,8,0,0,0,44.1268669418708
2026-03-11,0,9,0,0,0,57.52259092834601
2026-03-11,0,10,0,0,0,45.703571944351296
2026-03-11,0,11,0,1,0,44.033822863624884
2026-03-11,0,12,0,0,0,30.732179164250745
2026-03-11,0,13,0,1,0,45.230695625328934
2026-03-11,0,14,0,0,0,24.44478356631615
2026-03-11,0,15,0,1,0,50.568936082330424
2026-03-11,0,16,0,0,0,49.182891111832674
2026-03-11,0,17,0,0,0,61.42360634799513
2026-03-11,0,18,0,0,0,72.4886676171546
2026-03-11,0,19,0,0,0,65.49569786254979
2026-03-11,0,20,0,0,0,49.628286351973514
2026-03-11,0,21,0,0,0,35.54977817748762
2026-03-11,0,22,0,0,1,39.70245722968639
2026-03-11,0,23,0,1,0,26.597828493237845
2026-03-11,1,0,0,0,0,4.4429496986907235
2026-03-11,1,1,0,0,0,12.431306798561058
2026-03-11,1,2,0,0,0,7.324844322632208
2026-03-11,1,3,0,0,1,18.53450949721241
2026-03-11,1,4,0,0,0,8.07169908605874
2026-03-11,1,5,0,0,0,11.668394586894475
2026-03-11,1,6,0,0,0,25.953632998993115
2026-03-11,1,7,0,0,0,41.97331231065966
2026-03-11,1,8,0,0,0,49.38580784282926
2026-03-11,1,9,0,0,0,60.18472721493231
2026-03-11,1,10,0,0,0,48.62267882451927
2026-03-11,1,11,0,0,0,43.041850128129774
2026-03-11,1,12,0,0,0,31.184788276242536
2026-03-11,1,13,0,0,1,28.615929233689993
2026-03-11,1,14,0,1,0,42.3119172192389
2026-03-11,1,15,0,0,0,28.19535322036795
2026-03-11,1,16,0,0,0,48.1428063532942
2026-03-11,1,17,0,0,0,55.44161823482806
2026-03-11,1,18,0,0,0,72.91149554010563
2026-03-11,1,19,0,0,0,57.83559587094293
2026-03-11,1,20,0,0,0,48.39509031588175
2026-03-11,1,21,0,0,0,29.113968694293476
2026-03-11,1,22,0,0,0,32.564984415798875
2026-03-11,1,23,0,0,0,25.504756003029023
2026-03-11,2,0,0,0,0,7.38215314859133
2026-03-11,2,1,0,0,0,10.465760052764386
2026-03-11,2,2,0,0,0,7.420005154298452
2026-03-11,2,3,0,1,0,21.30645698166338
2026-03-11,2,4,0,0,0,5.201980643326573
2026-03-11,2,5,0,1,0,19.328309286394376
2026-03-11,2,6,0,0,1,35.40185635868641
2026-03-11,2,7,0,0,0,29.436255207243285
2026-03-11,2,8,0,0,0,41.53388882349827
2026-03-11,2,9,0,0,0,62.08314653196819
2026-03-11,2,10,0,0,0,54.55072917130686
2026-03-11,2,11,0,0,0,41.651459684331904
2026-03-11,2,12,0,0,0,30.581429395075908
2026-03-11,2,13,0,1,0,36.98382261139235
2026-03-11,2,14,0,0,0,32.80375499719255
2026-03-11,2,15,0,0,0,29.668334855397255
2026-03-11,2,16,0,0,0,43.431340699230105
2026-03-11,2,17,0,0,0,60.49009494426786
2026-03-11,2,18,0,0,0,64.55803236632569
2026-03-11,2,19,0,0,0,61.142813235183674
2026-03-11,2,20,0,0,0,39.01642328543039
2026-03-11,2,21,0,0,0,37.25787020599165
2026-03-11,2,22,0,0,0,26.96962714693744
2026-03-11,2,23,0,0,1,32.18716360896311
2026-03-11,3,0,0,0,0,8.731912667922293
2026-03-11,3,1,0,0,0,9.629994027289758
2026-03-11,3,2,0,0,0,7.059357640814451
2026-03-11,3,3,0,0,0,13.595567150359573
2026-03-11,3,4,0,0,0,12.919963122164246
2026-03-11,3,5,0,0,0,5.626760158196943
2026-03-11,3,6,0,0,0,22.928841080907095
2026-03-11,3,7,0,1,1,56.611601972560734
2026-03-11,3,8,0,0,0,54.15743840330037
2026-03-11,3,9,0,0,0,60.82578015063508
2026-03-11,3,10,0,0,0,49.42693087270999
2026-03-11,3,11,0,1,0,46.913275089978804
2026-03-11,3,12,0,0,0,17.398752431014806
2026-03-11,3,13,0,0,0,22.065278723670673
2026-03-11,3,14,0,0,0,32.043722417110445
2026-03-11,3,15,0,0,0,37.351693667306705
2026-03-11,3,16,0,0,0,54.46407383793613
2026-03-11,3,17,0,1,0,76.0834463691375
2026-03-11,3,18,0,0,0,66.8161684958345
2026-03-11,3,19,0,0,0,61.28781775397426
2026-03-11,3,20,0,0,0,48.976564701019974
2026-03-11,3,21,0,0,1,44.243976120753736
2026-03-11,3,22,0,0,0,30.996195452259037
2026-03-11,3,23,0,0,1,32.017701581849195
2026-03-11,4,0,0,0,0,2.4727534113893515
2026-03-11,4,1,0,0,0,5.672654467054852
2026-03-11,4,2,0,0,0,1.3244545466224062
2026-03-11,4,3,0,0,0,2.737504928243167
2026-03-11,4,4,0,0,0,3.2978463099743305
2026-03-11,4,5,0,0,0,5.9601851162939665
2026-03-11,4,6,0,1,0,31.92253362305505
2026-03-11,4,7,0,0,0,31.854867225926178
2026-03-11,4,8,0,0,0,41.87774958344863
2026-03-11,4,9,0,0,0,54.631889161843254
2026-03-11,4,10,0,0,0,48.07582279388025
2026-03-11,4,11,0,1,0,38.65518956685457
2026-03-11,4,12,0,0,0,23.488729674219712
2026-03-11,4,13,0,0,0,18.813106780696963
2026-03-11,4,14,0,0,0,30.418391288107962
2026-03-11,4,15,0,0,0,26.534227420571916
2026-03-11,4,16,0,0,0,35.69327181768746
2026-03-11,4,17,0,0,0,56.82499720481486
2026-03-11,4,18,0,0,0,64.29573604574412
2026-03-11,4,19,0,0,0,58.66939606839526
2026-03-11,4,20,0,0,0,42.13112291071391
2026-03-11,4,21,0,0,0,26.544369825598253
2026-03-11,4,22,0,1,0,30.90470180539001
2026-03-11,4,23,0,0,1,31.112620510699408
2026-03-11,5,0,0,0,0,0.3729553261555303
2026-03-11,5,1,0,0,0,2.4022397811021903
2026-03-11,5,2,0,0,0,0.0
2026-03-11,5,3,0,0,0,3.5830237129958444
2026-03-11,5,4,0,0,0,1.3551663059339252
2026-03-11,5,5,0,1,0,18.26017584843741
2026-03-11,5,6,0,0,0,20.409068128553912
2026-03-11,5,7,0,0,0,26.29860131909167
2026-03-11,5,8,0,0,0,38.252407843122064
2026-03-11,5,9,0,0,0,50.86235323527707
2026-03-11,5,10,0,0,0,44.72974700966817
2026-03-11,5,11,0,0,1,34.14271447110852
2026-03-11,5,12,0,0,0,21.19080905136832
2026-03-11,5,13,0,0,0,24.665779614534006
2026-03-11,5,14,0,1,1,42.03374378555131
2026-03-11,5,15,0,0,0,28.01458062487302
2026-03-11,5,16,0,0,1,40.79946013262089
2026-03-11,5,17,0,0,0,52.7499622041964
2026-03-11,5,18,0,1,0,60.5512270547933
2026-03-11,5,19,0,0,0,50.7136853047298
2026-03-11,5,20,0,0,0,33.91416683880037
2026-03-11,5,21,0,0,0,27.726950807061804
2026-03-11,5,22,0,0,0,21.53227774336726
2026-03-11,5,23,0,0,0,19.081238084118915
2026-03-12,0,0,0,0,0,15.052975205407915
2026-03-12,0,1,0,0,0,11.50669679911995
2026-03-12,0,2,0,0,0,13.855085646250624
2026-03-12,0,3,0,0,0,17.441384300812345
2026-03-12,0,4,0,0,0,4.934814299929229
2026-03-12,0,5,0,0,0,10.54392687057953
2026-03-12,0,6,0,0,0,30.214583984623594
2026-03-12,0,7,0,0,0,40.85178962921759
2026-03-12,0,8,0,0,0,58.357821681426636
2026-03-12,0,9,0,1,0,66.09264204645143
2026-03-12,0,10,0,0,0,59.22644001615324
2026-03-12,0,11,0,0,0,34.486995607938255
2026-03-12,0,12,0,0,0,32.78736927163478
2026-03-12,0,13,0,0,0,30.927986933151576
2026-03-12,0,14,0,1,0,43.38885842149126
2026-03-12,0,15,0,0,0,36.48602865167159
2026-03-12,0,16,0,0,0,47.57093721954376
2026-03-12,0,17,0,0,0,67.42116578295072
2026-03-12,0,18,0,0,0,76.46638074632966
2026-03-12,0,19,0,0,0,69.9290665814609
2026-03-12,0,20,0,0,0,48.38165376147044
2026-03-12,0,21,0,0,0,38.4866436469075
2026-03-12,0,22,0,0,0,30.455119039920202
2026-03-12,0,23,0,0,0,35.060698839867634
2026-03-12,1,0,0,0,0,8.69913700815615
2026-03-12,1,1,0,0,0,10.074224783044016
2026-03-12,1,2,0,0,0,11.666589688306777
2026-03-12,1,3,0,0,0,13.88472308376199
2026-03-12,1,4,0,0,0,8.47070786349438
2026-03-12,1,5,0,0,0,11.79752392541793
2026-03-12,1,6,0,0,0,22.886162024527646
2026-03-12,1,7,0,0,0,30.381533573681924
2026-03-12,1,8,0,0,0,48.418830379446
2026-03-12,1,9,0,0,0,59.805983251353375
2026-03-12,1,10,0,1,0,66.75272353496203
2026-03-12,1,11,0,0,0,39.14446036605102
2026-03-12,1,12,0,0,0,28.03826346659425
2026-03-12,1,13,0,0,0,28.451934408671303
2026-03-12,1,14,0,0,0,30.124283046356343
2026-03-12,1,15,0,0,0,24.721286894242827
2026-03-12,1,16,0,0,1,60.72994453307337
2026-03-12,1,17,0,0,0,50.63645182047873
2026-03-12,1,18,0,0,0,68.80264014409862
2026-03-12,1,19,0,0,0,61.352750556366345
2026-03-12,1,20,0,0,0,48.444611818991945
2026-03-12,1,21,0,0,0,30.908251915259697
2026-03-12,1,22,0,0,0,26.400239002594823
2026-03-12,1,23,0,0,0,22.488768651581868
2026-03-12,2,0,0,0,0,0.0
2026-03-12,2,1,0,0,0,8.241571477149499
2026-03-12,2,2,0,0,0,8.982557593562031
2026-03-12,2,3,0,0,0,3.157106071605279
2026-03-12,2,4,0,1,0,18.671614016759815
2026-03-12,2,5,0,0,0,8.410898891478483
2026-03-12,2,6,0,0,0,27.286659673391135
2026-03-12,2,7,0,0,0,39.54728809537243
2026-03-12,2,8,0,0,0,52.187238931540776
2026-03-12,2,9,0,0,1,68.00934062059171
2026-03-12,2,10,0,0,0,51.22772432327106
2026-03-12,2,11,0,0,0,38.08935726244544
2026-03-12,2,12,0,0,0,29.17219983820677
2026-03-12,2,13,0,1,0,28.58296153871317
2026-03-12,2,14,0,0,0,28.034168927393964
2026-03-12,2,15,0,1,0,42.47037734172513
2026-03-12,2,16,0,0,0,37.44085907860919
2026-03-12,2,17,0,0,0,61.59796752055493
2026-03-12,2,18,0,0,0,65.57818900166139
2026-03-12,2,19,0,0,0,60.93961252867522
2026-03-12,2,20,0,1,0,59.73854700672598
2026-03-12,2,21,0,1,0,48.3410312840459
2026-03-12,2,22,0,0,0,33.1906337426704
2026-03-12,2,23,0,0,0,26.758677907962827
2026-03-12,3,0,0,0,0,19.268843402543563
2026-03-12,3,1,0,0,0,17.933640943393726
2026-03-12,3,2,0,1,0,32.55769043885653
2026-03-12,3,3,0,0,0,13.591940867061258
2026-03-12,3,4,0,0,0,17.356374749795137
2026-03-12,3,5,0,1,0,24.337731363967958
2026-03-12,3,6,0,0,0,29.5553572410943
2026-03-12,3,7,0,0,0,35.120440872719826
2026-03-12,3,8,0,0,0,47.6513701065448
2026-03-12,3,9,0,1,0,70.3125597450761
2026-03-12,3,10,0,0,0,43.158438864557354
2026-03-12,3,11,0,1,0,46.91337457089307
2026-03-12,3,12,0,0,0,32.244870368505644
2026-03-12,3,13,0,1,0,36.386371428182066
2026-03-12,3,14,0,0,0,31.798920512401814
2026-03-12,3,15,0,0,0,36.53966527858861
2026-03-12,3,16,0,0,0,55.628725163114986
2026-03-12,3,17,0,1,0,71.2811052511766
2026-03-12,3,18,0,0,0,70.02742850455591
2026-03-12,3,19,0,1,0,75.79889090567494
2026-03-12,3,20,0,0,0,40.21537630028453
2026-03-12,3,21,0,0,0,37.40283211942236
2026-03-12,3,22,0,0,0,31.33847892657753
2026-03-12,3,23,0,0,0,27.160932120342437
2026-03-12,4,0,0,0,0,8.792978984278843
2026-03-12,4,1,0,0,0,10.61011422076157
2026-03-12,4,2,0,0,0,3.0873161651405523
2026-03-12,4,3,0,1,0,18.92867847446583
2026-03-12,4,4,0,0,0,0.0
2026-03-12,4,5,0,0,0,7.413554336078994
2026-03-12,4,6,0,1,0,37.88008512343036
2026-03-12,4,7,0,0,0,37.871427546921446
2026-03-12,4,8,0,0,0,51.103400637213454
2026-03-12,4,9,0,1,0,65.42762287042811
2026-03-12,4,10,0,0,0,46.13604961155589
2026-03-12,4,11,0,0,0,36.86925942581199
2026-03-12,4,12,0,1,0,40.61826615402724
2026-03-12,4,13,0,0,0,14.422774290032711
2026-03-12,4,14,0,0,0,22.886119553379793
2026-03-12,4,15,0,1,0,37.98185897224594
2026-03-12,4,16,0,0,0,42.696689103265356
2026-03-12,4,17,0,0,1,55.53689817784804
2026-03-12,4,18,0,0,0,64.48099559368426
2026-03-12,4,19,0,0,0,50.11424535213999
2026-03-12,4,20,0,0,0,40.77496393801682
2026-03-12,4,21,0,0,0,24.586532134868413
2026-03-12,4,22,0,1,0,30.9206434354669
2026-03-12,4,23,0,0,0,15.907866798285822
2026-03-12,5,0,0,0,0,3.875851151212208
2026-03-12,5,1,0,1,0,7.557839570511425
2026-03-12,5,2,0,0,0,0.0
2026-03-12,5,3,0,0,0,0.8263600122662835
2026-03-12,5,4,0,0,0,11.85608114046247
2026-03-12,5,5,0,0,0,2.5858657466937296
2026-03-12,5,6,0,0,0,21.845425338763445
2026-03-12,5,7,0,0,0,35.20898352623129
2026-03-12,5,8,0,0,0,43.13859048857162
2026-03-12,5,9,0,0,0,51.71300773128777
2026-03-12,5,10,0,0,0,43.16518421771971
2026-03-12,5,11,0,0,0,26.609243781857
2026-03-12,5,12,0,0,0,22.339693799834908
2026-03-12,5,13,0,0,0,15.22722061493277
2026-03-12,5,14,0,1,0,30.482054482985752
2026-03-12,5,15,0,0,0,19.070718149205995
2026-03-12,5,16,0,0,0,39.55246449382329
2026-03-12,5,17,0,0,0,51.953195432032885
2026-03-12,5,18,0,0,0,56.7224098329481
2026-03-12,5,19,0,0,0,50.94046404154985
2026-03-12,5,20,0,0,1,41.46184305082408
2026-03-12,5,21,0,0,0,24.952453290000268
2026-03-12,5,22,0,0,0,12.499916354605684
2026-03-12,5,23,0,0,0,22.606122809003026
2026-03-13,0,0,0,0,0,13.911100567281368
2026-03-13,0,1,0,0,0,14.561894071968037
2026-03-13,0,2,0,0,0,17.99195911470702
2026-03-13,0,3,0,0,0,8.681836279471538
2026-03-13,0,4,0,0,0,11.065048068215692
2026-03-13,0,5,0,0,1,22.944050012004638
2026-03-13,0,6,0,0,0,30.71848458619804
2026-03-13,0,7,0,0,1,47.404992165077104
2026-03-13,0,8,0,0,0,53.26601346213264
2026-03-13,0,9,0,0,0,66.24079922063214
2026-03-13,0,10,0,0,0,52.36879522013108
2026-03-13,0,11,0,0,1,49.54807300462127
2026-03-13,0,12,0,0,0,38.74803731420011
2026-03-13,0,13,0,0,0,31.76898014253222
2026-03-13,0,14,0,1,0,49.105055224163415
2026-03-13,0,15,0,0,0,29.58338810812164
2026-03-13,0,16,0,0,0,44.94997911180059
2026-03-13,0,17,0,0,0,66.74922385311584
2026-03-13,0,18,0,0,0,72.4663319134845
2026-03-13,0,19,0,0,0,74.09828948872344
2026-03-13,0,20,0,0,0,49.920917779939984
2026-03-13,0,21,0,0,0,42.97853800990177
2026-03-13,0,22,0,0,0,27.093353592020804
2026-03-13,0,23,0,0,0,32.99961924955776
2026-03-13,1,0,0,0,0,8.708506532727512
2026-03-13,1,1,0,0,0,13.716292002442636
2026-03-13,1,2,0,0,0,17.412013107991474
2026-03-13,1,3,0,0,0,4.805883939168786
2026-03-13,1,4,0,0,0,9.366784256528517
2026-03-13,1,5,0,0,0,19.875954179181328
2026-03-13,1,6,0,0,0,27.771762187774286
2026-03-13,1,7,0,0,0,35.84170312747082
2026-03-13,1,8,0,1,0,68.47408268002044
2026-03-13,1,9,0,0,0,65.11160117715974
2026-03-13,1,10,0,0,0,52.17260641436894
2026-03-13,1,11,0,0,0,42.25852360661416
2026-03-13,1,12,0,1,0,39.88060922865202
2026-03-13,1,13,0,1,0,32.68045735605037
2026-03-13,1,14,0,0,0,31.859541666914836
2026-03-13,1,15,0,0,0,40.35317454079612
2026-03-13,1,16,0,0,0,45.5633029226681
2026-03-13,1,17,0,0,0,54.76275492530236
2026-03-13,1,18,0,0,0,61.20958115666447
2026-03-13,1,19,0,0,0,57.559790191455555
2026-03-13,1,20,0,0,0,43.65694297686361
2026-03-13,1,21,0,0,0,36.63853855998821
2026-03-13,1,22,0,0,0,23.123743629823487
2026-03-13,1,23,0,0,0,24.061335549967254
2026-03-13,2,0,0,1,0,14.827795384574294
2026-03-13,2,1,0,0,0,7.634943086374802
2026-03-13,2,2,0,0,0,9.001061515682437
2026-03-13,2,3,0,0,0,21.446811309199283
2026-03-13,2,4,0,0,0,11.245195798396113
2026-03-13,2,5,0,0,0,3.2590580174448833
2026-03-13,2,6,0,0,1,32.050420348046
2026-03-13,2,7,0,0,0,28.633339318162896
2026-03-13,2,8,0,0,1,56.83446777371566
2026-03-13,2,9,0,0,0,56.93275534241916
2026-03-13,2,10,0,0,0,59.817566675542125
2026-03-13,2,11,0,1,0,41.307510602237436
2026-03-13,2,12,0,0,0,37.91189086958757
2026-03-13,2,13,0,0,0,17.632254244760425
2026-03-13,2,14,0,0,0,29.067783104071427
2026-03-13,2,15,0,0,1,32.80913677459629
2026-03-13,2,16,0,0,0,42.27762064078311
2026-03-13,2,17,0,0,0,67.34000425098435
2026-03-13,2,18,0,0,0,65.25630981503907
2026-03-13,2,19,0,0,0,59.79362783340609
2026-03-13,2,20,0,0,0,48.54093639205732
2026-03-13,2,21,0,0,0,33.3917887309917
2026-03-13,2,22,0,1,0,35.88353350862068
2026-03-13,2,23,0,0,0,24.156932397944367
2026-03-13,3,0,0,0,0,17.58988568207314
2026-03-13,3,1,0,0,0,6.132391054337773
2026-03-13,3,2,0,0,0,15.82901614212695
2026-03-13,3,3,0,0,0,3.276217985698997
2026-03-13,3,4,0,0,0,13.666910385495182
2026-03-13,3,5,0,0,0,10.921350541313286
2026-03-13,3,6,0,1,0,41.009746595586094
2026-03-13,3,7,0,0,0,39.57491634193428
2026-03-13,3,8,0,0,0,54.060782145603774
2026-03-13,3,9,0,0,1,72.93958607569296
2026-03-13,3,10,0,0,0,57.960506147037364
2026-03-13,3,11,0,1,0,54.66715697125408
2026-03-13,3,12,0,0,0,34.059858129897904
2026-03-13,3,13,0,0,0,33.00665073693131
2026-03-13,3,14,0,1,0,43.48603357353167
2026-03-13,3,15,0,0,0,34.132257957979675
2026-03-13,3,16,0,0,0,45.35796868369883
2026-03-13,3,17,0,1,0,74.95034742986078
2026-03-13,3,18,0,1,0,80.82748786128273
2026-03-13,3,19,0,0,0,60.00950403790107
2026-03-13,3,20,0,0,0,43.22744179829368
2026-03-13,3,21,0,1,1,55.066173943985405
2026-03-13,3,22,0,1,0,42.99508388662966
2026-03-13,3,23,0,0,0,32.35830274303119
2026-03-13,4,0,0,0,0,1.6450326759366218
2026-03-13,4,1,0,1,0,14.75607256034742
2026-03-13,4,2,0,0,0,2.786441873687729
2026-03-13,4,3,0,0,1,12.731498299272424
2026-03-13,4,4,0,0,0,4.942828360468528
2026-03-13,4,5,0,0,0,14.232519754353769
2026-03-13,4,6,0,1,0,28.923324055708214
2026-03-13,4,7,0,0,0,34.717760404098584
2026-03-13,4,8,0,0,1,51.40053339976169
2026-03-13,4,9,0,0,0,59.66619982723294
2026-03-13,4,10,0,0,0,41.300421602801826
2026-03-13,4,11,0,0,0,27.6220756747569
2026-03-13,4,12,0,0,0,24.73165571660133
2026-03-13,4,13,0,0,0,17.695054076953106
2026-03-13,4,14,0,0,0,21.806193061525423
2026-03-13,4,15,0,1,0,48.4430145347099
2026-03-13,4,16,0,1,0,53.49680549010189
2026-03-13,4,17,0,0,0,49.77415015566994
2026-03-13,4,18,0,0,0,65.82043865886685
2026-03-13,4,19,0,0,0,60.879453788799026
2026-03-13,4,20,0,0,0,41.54400419983987
2026-03-13,4,21,0,0,0,28.63065449485404
2026-03-13,4,22,0,1,0,26.487894221499296
2026-03-13,4,23,0,0,0,15.873473105331913
2026-03-13,5,0,0,0,0,6.5708244867097845
2026-03-13,5,1,0,0,0,6.0617799467626785
2026-03-13,5,2,0,0,0,0.0
2026-03-13,5,3,0,1,0,15.71783779347823
2026-03-13,5,4,0,0,0,0.0
2026-03-13,5,5,0,0,0,12.461278979010247
2026-03-13,5,6,0,0,0,19.437852329133413
2026-03-13,5,7,0,0,0,32.64212753922366
2026-03-13,5,8,0,0,0,44.70644551789909
2026-03-13,5,9,0,0,0,48.80762495634671
2026-03-13,5,10,0,0,0,42.96456378463365
2026-03-13,5,11,0,0,0,31.522444141696937
2026-03-13,5,12,0,0,0,21.074297009907156
2026-03-13,5,13,0,0,0,16.63938686421848
2026-03-13,5,14,0,0,0,17.230896473811825
2026-03-13,5,15,0,0,1,32.5222693445036
2026-03-13,5,16,0,0,0,36.14492173333973
2026-03-13,5,17,0,0,0,52.27944076335446
2026-03-13,5,18,0,0,0,60.10490968405597
2026-03-13,5,19,0,0,0,51.22904092435403
2026-03-13,5,20,0,0,0,42.35396391899723
2026-03-13,5,21,0,1,0,40.98370944181101
2026-03-13,5,22,0,0,0,7.302476198753878
2026-03-13,5,23,0,0,0,17.305570038674915
2026-03-14,0,0,1,0,0,14.557233215671321
2026-03-14,0,1,1,0,0,14.328738938726152
2026-03-14,0,2,1,0,0,9.611143363287933
2026-03-14,0,3,1,0,0,16.364385887647078
2026-03-14,0,4,1,0,0,13.770579928944748
2026-03-14,0,5,1,0,0,15.428090165968364
2026-03-14,0,6,1,0,0,40.86506459725468
2026-03-14,0,7,1,0,0,37.11972219451575
2026-03-14,0,8,1,0,0,47.286288313506084
2026-03-14,0,9,1,0,0,48.26203952122504
2026-03-14,0,10,1,0,1,55.88339573554442
2026-03-14,0,11,1,0,0,33.29933230093236
2026-03-14,0,12,1,0,0,32.75408905703829
2026-03-14,0,13,1,1,0,39.39929994182914
2026-03-14,0,14,1,0,0,31.159618519071564
2026-03-14,0,15,1,0,0,29.365497963373677
2026-03-14,0,16,1,0,0,41.535914326881404
2026-03-14,0,17,1,0,0,51.628692411840525
2026-03-14,0,18,1,1,0,66.69013092491001
2026-03-14,0,19,1,0,0,44.69637525989901
2026-03-14,0,20,1,0,0,44.804053681016605
2026-03-14,0,21,1,0,0,34.64318524743787
2026-03-14,0,22,1,0,0,32.62497514245776
2026-03-14,0,23,1,0,0,28.520709959427677
2026-03-14,1,0,1,0,0,11.126989654264277
2026-03-14,1,1,1,0,0,8.168812020937672
2026-03-14,1,2,1,0,0,11.223731232828776
2026-03-14,1,3,1,0,0,13.35852080584741
2026-03-14,1,4,1,0,0,19.391815931525727
2026-03-14,1,5,1,0,0,9.569381843862256
2026-03-14,1,6,1,0,0,21.118560755294467
2026-03-14,1,7,1,0,0,30.247271672099412
2026-03-14,1,8,1,0,0,31.931592050085627
2026-03-14,1,9,1,1,0,48.01462849902799
2026-03-14,1,10,1,0,0,36.472533181185014
2026-03-14,1,11,1,0,0,27.912913176318355
2026-03-14,1,12,1,0,1,38.46509600991923
2026-03-14,1,13,1,0,0,22.280932945855305
2026-03-14,1,14,1,0,0,26.6294274716556
2026-03-14,1,15,1,0,0,27.422516409349214
2026-03-14,1,16,1,0,0,45.288773659726424
2026-03-14,1,17,1,0,0,51.25315542089143
2026-03-14,1,18,1,0,1,57.641815004006844
2026-03-14,1,19,1,0,0,44.13271165005302
2026-03-14,1,20,1,0,0,40.91361333252763
2026-03-14,1,21,1,0,0,33.51629493709447
2026-03-14,1,22,1,1,0,37.012190160698616
2026-03-14,1,23,1,0,0,23.25594485333019
2026-03-14,2,0,1,0,0,4.382254688220977
2026-03-14,2,1,1,0,0,8.29478877716149
2026-03-14,2,2,1,0,0,13.947697249285898
2026-03-14,2,3,1,0,0,2.132750000453293
2026-03-14,2,4,1,0,0,14.043997291548571
2026-03-14,2,5,1,0,0,5.4373369473956625
2026-03-14,2,6,1,0,0,26.567059567452194
2026-03-14,2,7,1,0,1,43.90087268567382
2026-03-14,2,8,1,1,0,54.87604905654594
2026-03-14,2,9,1,0,0,47.484153789341654
2026-03-14,2,10,1,0,0,32.21542737334323
2026-03-14,2,11,1,0,0,29.01869135057199
2026-03-14,2,12,1,0,0,22.19343475958872
2026-03-14,2,13,1,0,0,21.26483904946405
2026-03-14,2,14,1,0,0,27.175560943277357
2026-03-14,2,15,1,0,0,30.37083972877539
2026-03-14,2,16,1,0,0,35.75691259026473
2026-03-14,2,17,1,0,0,38.45060920265286
2026-03-14,2,18,1,0,0,49.37641943925746
2026-03-14,2,19,1,0,0,48.76577683130278
2026-03-14,2,20,1,0,0,32.535070201521364
2026-03-14,2,21,1,0,0,34.13659938416473
2026-03-14,2,22,1,0,0,22.71198189182795
2026-03-14,2,23,1,0,0,18.206851014202712
2026-03-14,3,0,1,0,0,9.471968545837298
2026-03-14,3,1,1,0,0,8.44052741481765
2026-03-14,3,2,1,0,0,19.46075305102454
2026-03-14,3,3,1,1,0,20.331633841620455
2026-03-14,3,4,1,1,0,24.692838810527007
2026-03-14,3,5,1,0,0,21.53999175423266
2026-03-14,3,6,1,0,0,28.721287939743537
2026-03-14,3,7,1,0,0,39.73161901073803
2026-03-14,3,8,1,0,0,35.62351418117227
2026-03-14,3,9,1,0,0,47.459321764038215
2026-03-14,3,10,1,0,0,42.69015406645702
2026-03-14,3,11,1,0,0,28.536546285361048
2026-03-14,3,12,1,0,0,34.90771245919697
2026-03-14,3,13,1,0,0,25.682369007098657
2026-03-14,3,14,1,0,0,31.350949390323546
2026-03-14,3,15,1,0,0,29.058408878501783
2026-03-14,3,16,1,0,0,37.9093897941517
2026-03-14,3,17,1,0,1,50.68330768199429
2026-03-14,3,18,1,0,1,67.21137962645706
2026-03-14,3,19,1,1,1,69.42665373039029
2026-03-14,3,20,1,1,0,52.472835857583306
2026-03-14,3,21,1,0,0,28.3973686948008
2026-03-14,3,22,1,0,0,36.76202129541039
2026-03-14,3,23,1,0,0,25.200234150281176
2026-03-14,4,0,1,0,0,8.505102494916208
2026-03-14,4,1,1,0,0,11.02345473096642
2026-03-14,4,2,1,0,1,12.393636069132427
2026-03-14,4,3,1,0,0,0.0
2026-03-14,4,4,1,1,0,22.052232909498613
2026-03-14,4,5,1,0,0,7.249711034072131
2026-03-14,4,6,1,0,0,22.386136030376225
2026-03-14,4,7,1,0,1,29.598967641125647
2026-03-14,4,8,1,0,0,37.70389468508461
2026-03-14,4,9,1,1,0,53.871949431998594
2026-03-14,4,10,1,0,0,31.62464184265875
2026-03-14,4,11,1,0,1,30.356949082317144
2026-03-14,4,12,1,0,0,16.56794849118699
2026-03-14,4,13,1,0,0,12.422096624878963
2026-03-14,4,14,1,0,0,19.859513540563103
2026-03-14,4,15,1,0,0,16.51810907120528
2026-03-14,4,16,1,0,1,43.226825168350715
2026-03-14,4,17,1,0,0,45.90707409460706
2026-03-14,4,18,1,0,0,40.67182651327375
2026-03-14,4,19,1,0,0,40.59958287877898
2026-03-14,4,20,1,0,1,38.88137376957144
2026-03-14,4,21,1,0,1,27.464726523991125
2026-03-14,4,22,1,1,0,29.488870469636726
2026-03-14,4,23,1,0,0,11.694372437912783
2026-03-14,5,0,1,0,0,1.5730870105764578
2026-03-14,5,1,1,0,0,0.0
2026-03-14,5,2,1,0,0,6.392454233696283
2026-03-14,5,3,1,0,1,14.3829400199606
2026-03-14,5,4,1,0,0,0.0
2026-03-14,5,5,1,0,0,5.994526168375316
2026-03-14,5,6,1,0,0,19.94930123414461
2026-03-14,5,7,1,0,0,29.015908904676223
2026-03-14,5,8,1,0,0,31.874803120185092
2026-03-14,5,9,1,0,0,37.845356039417126
2026-03-14,5,10,1,1,0,42.313183788067995
2026-03-14,5,11,1,0,0,27.567617718460316
2026-03-14,5,12,1,0,1,25.17306434003214
2026-03-14,5,13,1,0,0,21.227352941016804
2026-03-14,5,14,1,1,0,29.800810215239682
2026-03-14,5,15,1,0,0,27.777660104172153
2026-03-14,5,16,1,1,1,55.396581894915926
2026-03-14,5,17,1,0,0,44.572765642965344
2026-03-14,5,18,1,1,0,46.776144181211635
2026-03-14,5,19,1,0,0,37.008619134260535
2026-03-14,5,20,1,0,0,29.90451982109112
2026-03-14,5,21,1,0,0,25.07224050651481
2026-03-14,5,22,1,1,0,28.037832044771545
2026-03-14,5,23,1,0,0,12.64232167886545
2026-03-15,0,0,1,0,0,10.798122664710489
2026-03-15,0,1,1,0,0,17.018886009144513
2026-03-15,0,2,1,0,0,15.48567530823089
2026-03-15,0,3,1,0,0,9.030180689433129
2026-03-15,0,4,1,0,0,12.978616971060427
2026-03-15,0,5,1,0,0,9.822708743151134
2026-03-15,0,6,1,0,0,26.761613772021548
2026-03-15,0,7,1,0,0,40.033698742989614
2026-03-15,0,8,1,0,0,42.22960134924919
2026-03-15,0,9,1,0,0,50.305458293872476
2026-03-15,0,10,1,0,0,42.44185496767056
2026-03-15,0,11,1,1,0,46.26041124192843
2026-03-15,0,12,1,0,0,34.31296351707252
2026-03-15,0,13,1,0,0,22.197435462979847
2026-03-15,0,14,1,0,0,33.43692577823918
2026-03-15,0,15,1,0,0,35.568216319941435
2026-03-15,0,16,1,0,0,39.72895055402439
2026-03-15,0,17,1,1,0,61.95204630321033
2026-03-15,0,18,1,0,0,57.72035731534888
2026-03-15,0,19,1,0,1,56.54169133015028
2026-03-15,0,20,1,0,0,42.21433814178413
2026-03-15,0,21,1,0,0,29.407289829198156
2026-03-15,0,22,1,1,0,36.97443537789639
2026-03-15,0,23,1,0,0,20.30200692054882
2026-03-15,1,0,1,0,0,8.10653359700274
2026-03-15,1,1,1,0,0,8.681229371354544
2026-03-15,1,2,1,0,0,11.940518910035628
2026-03-15,1,3,1,0,1,11.592049824957227
2026-03-15,1,4,1,0,0,11.028738690636574
2026-03-15,1,5,1,1,1,34.201318137688816
2026-03-15,1,6,1,0,0,27.763955625267194
2026-03-15,1,7,1,0,0,34.005113439772906
2026-03-15,1,8,1,0,0,42.47632678829662
2026-03-15,1,9,1,0,0,53.27361618770415
2026-03-15,1,10,1,1,0,55.94843151278541
2026-03-15,1,11,1,0,0,31.248240210820722
2026-03-15,1,12,1,0,0,24.247151722742544
2026-03-15,1,13,1,1,0,26.79605951475709
2026-03-15,1,14,1,0,1,32.69842771865667
2026-03-15,1,15,1,1,0,40.35145417723156
2026-03-15,1,16,1,0,0,38.60912570104994
2026-03-15,1,17,1,0,0,53.50263268200747
2026-03-15,1,18,1,0,0,47.786909560752015
2026-03-15,1,19,1,0,0,48.771965816529566
2026-03-15,1,20,1,0,0,39.25338569782622
2026-03-15,1,21,1,1,0,46.152407886625184
2026-03-15,1,22,1,0,0,31.107138351391278
2026-03-15,1,23,1,0,0,22.868921112121527
2026-03-15,2,0,1,0,0,9.40957275370184
2026-03-15,2,1,1,0,0,7.605826566436189
2026-03-15,2,2,1,0,0,13.042251042355176
2026-03-15,2,3,1,0,0,7.564896420217558
2026-03-15,2,4,1,1,0,15.432009585223788
2026-03-15,2,5,1,0,0,7.747192093885658
2026-03-15,2,6,1,0,0,29.488905262346456
2026-03-15,2,7,1,0,0,31.13248535881394
2026-03-15,2,8,1,0,0,35.472263230789665
2026-03-15,2,9,1,1,0,59.8207931188631
2026-03-15,2,10,1,0,0,38.38035421461528
2026-03-15,2,11,1,0,0,28.858132396739254
2026-03-15,2,12,1,0,0,21.65012406400579
2026-03-15,2,13,1,0,0,23.513272800572125
2026-03-15,2,14,1,0,0,22.265649096770744
2026-03-15,2,15,1,0,0,29.958134406466915
2026-03-15,2,16,1,0,1,47.81677494789907
2026-03-15,2,17,1,0,0,50.27385970200062
2026-03-15,2,18,1,0,0,42.661061179719496
2026-03-15,2,19,1,0,0,43.541088832728626
2026-03-15,2,20,1,1,0,50.785987034872036
2026-03-15,2,21,1,0,0,29.441093886171124
2026-03-15,2,22,1,0,0,19.829442403186356
2026-03-15,2,23,1,1,0,24.049125335801115
2026-03-15,3,0,1,1,0,20.912866570576657
2026-03-15,3,1,1,0,0,13.881960441856048
2026-03-15,3,2,1,0,0,10.569483461790956
2026-03-15,3,3,1,0,0,10.283095759920677
2026-03-15,3,4,1,0,0,14.181814577888845
2026-03-15,3,5,1,0,0,15.459149892401815
2026-03-15,3,6,1,0,0,38.11238033003548
2026-03-15,3,7,1,0,0,39.61024702569098
2026-03-15,3,8,1,0,0,51.4592231563143
2026-03-15,3,9,1,0,0,45.852499287234494
2026-03-15,3,10,1,0,0,41.91501622998639
2026-03-15,3,11,1,0,0,33.28110689961979
2026-03-15,3,12,1,0,0,29.4951859004349
2026-03-15,3,13,1,0,0,28.83108029890977
2026-03-15,3,14,1,0,0,28.30932232292068
2026-03-15,3,15,1,1,0,36.92010662914289
2026-03-15,3,16,1,0,0,40.521094006556666
2026-03-15,3,17,1,0,0,48.750779630566285
2026-03-15,3,18,1,0,0,50.28243966132826
2026-03-15,3,19,1,0,0,52.3410127761445
2026-03-15,3,20,1,0,0,45.420208350896715
2026-03-15,3,21,1,0,0,33.204945249731956
2026-03-15,3,22,1,0,0,23.657913688351652
2026-03-15,3,23,1,1,0,32.722551151970684
2026-03-15,4,0,1,0,0,0.9945496449353071
2026-03-15,4,1,1,0,0,4.357246113085432
2026-03-15,4,2,1,0,0,11.985873846318464
2026-03-15,4,3,1,0,0,1.3496808670837352
2026-03-15,4,4,1,1,0,19.41354743665898
2026-03-15,4,5,1,0,0,0.15112921314667016
2026-03-15,4,6,1,1,0,29.378443093763316
2026-03-15,4,7,1,0,0,29.17034035277449
2026-03-15,4,8,1,0,0,37.23129472985674
2026-03-15,4,9,1,1,0,46.354823901932185
2026-03-15,4,10,1,0,0,40.298176733195035
2026-03-15,4,11,1,1,0,32.25190114895895
2026-03-15,4,12,1,0,1,29.719109618512
2026-03-15,4,13,1,0,0,14.487376491690796
2026-03-15,4,14,1,0,0,18.509995952994025
2026-03-15,4,15,1,1,0,35.432709070921284
2026-03-15,4,16,1,0,1,38.59610145010217
2026-03-15,4,17,1,0,0,36.11969194317284
2026-03-15,4,18,1,1,0,55.04714979602041
2026-03-15,4,19,1,0,0,41.27857876194057
2026-03-15,4,20,1,0,0,34.11052753851966
2026-03-15,4,21,1,0,0,22.43537256107036
2026-03-15,4,22,1,0,0,19.99685298736062
2026-03-15,4,23,1,1,0,26.65908017437971
2026-03-15,5,0,1,1,0,15.596652848229178
2026-03-15,5,1,1,0,0,0.0
2026-03-15,5,2,1,0,0,2.499694091279471
2026-03-15,5,3,1,1,0,8.142275916885163
2026-03-15,5,4,1,0,0,1.5268915223737287
2026-03-15,5,5,1,0,0,4.440832956999897
2026-03-15,5,6,1,0,0,20.93067544596087
2026-03-15,5,7,1,0,0,23.804980943914718
2026-03-15,5,8,1,0,0,20.616556906912642
2026-03-15,5,9,1,0,0,37.95690004913181
2026-03-15,5,10,1,0,0,37.84877862860562
2026-03-15,5,11,1,0,0,15.695258643711798
2026-03-15,5,12,1,0,0,20.21987716797227
2026-03-15,5,13,1,0,0,11.682692989481204
2026-03-15,5,14,1,0,0,17.578741641875748
2026-03-15,5,15,1,0,0,20.813368354499314
2026-03-15,5,16,1,0,0,35.09790436356048
2026-03-15,5,17,1,0,0,42.29275427902292
2026-03-15,5,18,1,0,0,38.711986388105025
2026-03-15,5,19,1,0,0,37.646923547519755
2026-03-15,5,20,1,0,0,29.3603042651606
2026-03-15,5,21,1,0,0,14.003886275431448
2026-03-15,5,22,1,0,0,17.276376671854596
2026-03-15,5,23,1,0,1,25.77491834846163
2026-03-16,0,0,0,0,0,13.045489595807755
2026-03-16,0,1,0,0,0,8.140464913042264
2026-03-16,0,2,0,0,0,14.450118385432447
2026-03-16,0,3,0,0,0,15.129840504370293
2026-03-16,0,4,0,0,0,15.430362033260396
2026-03-16,0,5,0,0,0,16.85379999877111
2026-03-16,0,6,0,0,0,32.071083443484135
2026-03-16,0,7,0,0,0,40.0709559304385
2026-03-16,0,8,0,0,0,51.7028512154534
2026-03-16,0,9,0,0,0,70.74036544261155
2026-03-16,0,10,0,0,0,52.03958318687314
2026-03-16,0,11,0,0,0,38.1986081457964
2026-03-16,0,12,0,0,0,35.142190762014614
2026-03-16,0,13,0,0,0,33.36345887988477
2026-03-16,0,14,0,0,0,31.15126638086944
2026-03-16,0,15,0,0,0,33.19695497705736
2026-03-16,0,16,0,1,0,58.5992697176356
2026-03-16,0,17,0,0,1,70.66008112566142
2026-03-16,0,18,0,0,0,73.260738267221
2026-03-16,0,19,0,1,1,83.68175533289413
2026-03-16,0,20,0,0,0,50.002147119021494
2026-03-16,0,21,0,0,0,35.690062061967936
2026-03-16,0,22,0,0,0,33.748060740826496
2026-03-16,0,23,0,0,0,27.997871355910522
2026-03-16,1,0,0,0,0,11.175397841260327
2026-03-16,1,1,0,0,0,11.208908290245118
2026-03-16,1,2,0,0,0,15.752053146046336
2026-03-16,1,3,0,0,0,8.284404251741183
2026-03-16,1,4,0,0,0,12.815471950789181
2026-03-16,1,5,0,1,0,19.548624436343015
2026-03-16,1,6,0,0,0,25.147895749138407
2026-03-16,1,7,0,0,0,33.38954593898895
2026-03-16,1,8,0,0,0,61.19569655471626
2026-03-16,1,9,0,0,0,59.38027061968538
2026-03-16,1,10,0,0,1,65.48627240233813
2026-03-16,1,11,0,0,0,38.82708373947128
2026-03-16,1,12,0,1,1,53.47477647229147
2026-03-16,1,13,0,0,0,27.64507287472513
2026-03-16,1,14,0,0,0,24.65374251403837
2026-03-16,1,15,0,1,1,51.87665251355614
2026-03-16,1,16,0,1,0,52.41528738620078
2026-03-16,1,17,0,0,0,55.55492833055294
2026-03-16,1,18,0,0,0,68.62249607283589
2026-03-16,1,19,0,0,0,62.66731146199242
2026-03-16,1,20,0,0,0,53.23489433995714
2026-03-16,1,21,0,1,0,48.003946154725206
2026-03-16,1,22,0,0,0,19.95841861611883
2026-03-16,1,23,0,1,0,34.431778635830874
2026-03-16,2,0,0,1,0,16.45667618310869
2026-03-16,2,1,0,0,0,5.78814175983374
2026-03-16,2,2,0,0,0,10.476642233803501
2026-03-16,2,3,0,0,0,11.562340415018015
2026-03-16,2,4,0,0,1,16.188226342929923
2026-03-16,2,5,0,1,0,15.884497052557174
2026-03-16,2,6,0,1,0,35.3962142996568
2026-03-16,2,7,0,0,0,34.0819729289333
2026-03-16,2,8,0,0,0,47.443149390463304
2026-03-16,2,9,0,0,0,58.516598078654226
2026-03-16,2,10,0,0,0,52.477612965417656
2026-03-16,2,11,0,0,0,35.958829121062884
2026-03-16,2,12,0,0,0,33.950691815965854
2026-03-16,2,13,0,0,0,24.000629744116104
2026-03-16,2,14,0,0,1,34.63999726235428
2026-03-16,2,15,0,0,0,44.12228671510978
2026-03-16,2,16,0,1,1,64.8398955144217
2026-03-16,2,17,0,0,0,60.888418294920676
2026-03-16,2,18,0,0,0,70.2851147827398
2026-03-16,2,19,0,1,0,70.32614723374726
2026-03-16,2,20,0,0,0,41.89769349534856
2026-03-16,2,21,0,1,0,44.74260221893167
2026-03-16,2,22,0,0,0,24.130348242022784
2026-03-16,2,23,0,0,0,24.933880877654776
2026-03-16,3,0,0,0,0,16.42459865024938
2026-03-16,3,1,0,0,0,3.2525780822947237
2026-03-16,3,2,0,0,0,14.22672905732276
2026-03-16,3,3,0,0,0,9.409459899377177
2026-03-16,3,4,0,0,0,12.442882737198488
2026-03-16,3,5,0,0,0,14.790296944949345
2026-03-16,3,6,0,0,0,34.205676898105075
2026-03-16,3,7,0,0,0,34.17187831497613
2026-03-16,3,8,0,0,0,52.807588940130486
2026-03-16,3,9,0,1,0,68.72852572706704
2026-03-16,3,10,0,0,0,52.02232297492255
2026-03-16,3,11,0,1,0,45.089738604078356
2026-03-16,3,12,0,0,0,31.13834757403065
2026-03-16,3,13,0,0,1,28.1039782301672
2026-03-16,3,14,0,0,0,27.3598287442042
2026-03-16,3,15,0,0,1,43.68393369976951
2026-03-16,3,16,0,1,1,63.915534768831826
2026-03-16,3,17,0,1,0,67.93044368310123
2026-03-16,3,18,0,1,0,78.7247929771791
2026-03-16,3,19,0,0,0,65.40482748741769
2026-03-16,3,20,0,0,0,53.17895189549207
2026-03-16,3,21,0,0,0,36.09548261255359
2026-03-16,3,22,0,0,0,31.63521321953425
2026-03-16,3,23,0,1,0,34.44930304006775
2026-03-16,4,0,0,0,0,0.0
2026-03-16,4,1,0,0,0,0.0
2026-03-16,4,2,0,0,0,11.704103150119707
2026-03-16,4,3,0,0,1,12.935523592820342
2026-03-16,4,4,0,0,0,9.39333123574438
2026-03-16,4,5,0,0,0,0.6649382416654994
2026-03-16,4,6,0,0,0,14.868876245994937
2026-03-16,4,7,0,1,0,42.830912397194325
2026-03-16,4,8,0,0,0,46.490705549419296
2026-03-16,4,9,0,1,0,58.421070070361665
2026-03-16,4,10,0,0,0,50.383469896888755
2026-03-16,4,11,0,0,0,27.044542400810997
2026-03-16,4,12,0,0,0,27.479640809478635
2026-03-16,4,13,0,0,0,10.500701680666204
2026-03-16,4,14,0,0,0,22.32011503887849
2026-03-16,4,15,0,0,0,25.18893248381164
2026-03-16,4,16,0,0,0,47.54767947046832
2026-03-16,4,17,0,0,0,55.318260356632926
2026-03-16,4,18,0,1,0,75.41842764179448
2026-03-16,4,19,0,0,1,61.229534652517216
2026-03-16,4,20,0,0,0,44.36353491803239
2026-03-16,4,21,0,0,0,24.860215618572997
2026-03-16,4,22,0,0,0,18.111503935662885
2026-03-16,4,23,0,0,0,17.047290796492177
2026-03-16,5,0,0,0,0,2.6326821168281107
2026-03-16,5,1,0,0,0,0.0
2026-03-16,5,2,0,0,0,1.096816365351167
2026-03-16,5,3,0,0,0,0.0
2026-03-16,5,4,0,0,0,1.935663617444543
2026-03-16,5,5,0,0,0,0.0
2026-03-16,5,6,0,0,1,14.744442038352648
2026-03-16,5,7,0,0,0,30.912288293245016
2026-03-16,5,8,0,0,0,41.34627144338027
2026-03-16,5,9,0,0,0,50.85399965186206
2026-03-16,5,10,0,0,0,43.70768762408285
2026-03-16,5,11,0,0,0,30.216750280905554
2026-03-16,5,12,0,1,0,25.66500541146386
2026-03-16,5,13,0,0,0,15.443833293157986
2026-03-16,5,14,0,0,0,24.59337299137294
2026-03-16,5,15,0,0,1,31.950898905109614
2026-03-16,5,16,0,0,0,36.124244722671015
2026-03-16,5,17,0,0,0,57.99872538410178
2026-03-16,5,18,0,0,0,60.03853394587336
2026-03-16,5,19,0,0,0,57.11527866360873
2026-03-16,5,20,0,0,0,40.32785400129035
2026-03-16,5,21,0,0,0,23.319111286291193
2026-03-16,5,22,0,0,0,21.94172297624332
2026-03-16,5,23,0,0,0,10.241834471420393
2026-03-17,0,0,0,0,0,17.9074232720911
2026-03-17,0,1,0,0,0,17.668763348941734
2026-03-17,0,2,0,0,0,19.24367955215443
2026-03-17,0,3,0,0,0,21.394704147114034
2026-03-17,0,4,0,0,0,13.421467368303473
2026-03-17,0,5,0,0,0,12.537101953208197
2026-03-17,0,6,0,1,0,28.28333682715107
2026-03-17,0,7,0,0,0,41.536740073397645
2026-03-17,0,8,0,1,0,66.72806669322195
2026-03-17,0,9,0,1,0,75.1311520637457
2026-03-17,0,10,0,1,0,64.5385454227144
2026-03-17,0,11,0,0,0,43.987139084717526
2026-03-17,0,12,0,0,0,34.87486277600871
2026-03-17,0,13,0,1,0,40.14090814602199
2026-03-17,0,14,0,0,0,37.40796035402257
2026-03-17,0,15,0,0,0,35.34606578286066
2026-03-17,0,16,0,0,0,59.055741699846365
2026-03-17,0,17,0,0,1,75.63038375887966
2026-03-17,0,18,0,0,0,61.146986495094495
2026-03-17,0,19,0,0,0,65.71934005041967
2026-03-17,0,20,0,0,0,52.917907835835464
2026-03-17,0,21,0,0,0,35.56157260990122
2026-03-17,0,22,0,0,0,34.44048080314576
2026-03-17,0,23,0,0,0,31.355221400310736
2026-03-17,1,0,0,0,0,9.882973145700534
2026-03-17,1,1,0,0,0,9.694608262725295
2026-03-17,1,2,0,0,0,15.27756638185586
2026-03-17,1,3,0,0,0,9.671393332208998
2026-03-17,1,4,0,0,0,21.14452151244597
2026-03-17,1,5,0,0,0,7.367659261292103
2026-03-17,1,6,0,1,0,36.50208491449076
2026-03-17,1,7,0,0,0,40.9960613089439
2026-03-17,1,8,0,0,0,54.77929972566814
2026-03-17,1,9,0,0,0,59.70851714022401
2026-03-17,1,10,0,0,0,56.16030998865222
2026-03-17,1,11,0,0,0,31.53302609623521
2026-03-17,1,12,0,0,0,37.37639207618459
2026-03-17,1,13,0,0,0,23.356290247234128
2026-03-17,1,14,0,0,0,31.692256532862636
2026-03-17,1,15,0,1,0,37.75312796407176
2026-03-17,1,16,0,0,0,47.70419953827453
2026-03-17,1,17,0,0,0,59.34129931449573
2026-03-17,1,18,0,0,0,66.7441304924569
2026-03-17,1,19,0,0,0,62.236249109222655
2026-03-17,1,20,0,0,0,45.76287502103145
2026-03-17,1,21,0,0,0,36.69077402907512
2026-03-17,1,22,0,0,0,36.5873166533884
2026-03-17,1,23,0,0,0,21.491988746484804
2026-03-17,2,0,0,0,0,8.731486119277449
2026-03-17,2,1,0,1,0,20.43571553632089
2026-03-17,2,2,0,0,0,3.724988802192601
2026-03-17,2,3,0,0,0,9.29249340836763
2026-03-17,2,4,0,0,0,12.64496353626297
2026-03-17,2,5,0,0,0,8.604322894977797
2026-03-17,2,6,0,0,0,25.48833199098399
2026-03-17,2,7,0,1,0,44.91236580716825
2026-03-17,2,8,0,0,0,45.48687217407101
2026-03-17,2,9,0,0,0,58.05497306456562
2026-03-17,2,10,0,1,1,77.69534347893084
2026-03-17,2,11,0,0,0,35.181857786678194
2026-03-17,2,12,0,0,0,21.96200046536226
2026-03-17,2,13,0,0,0,27.565423674118
2026-03-17,2,14,0,0,0,19.320921038116243
2026-03-17,2,15,0,0,0,24.925158111218177
2026-03-17,2,16,0,0,0,44.548068556474306
2026-03-17,2,17,0,0,0,52.20155978646766
2026-03-17,2,18,0,0,0,69.60496286962503
2026-03-17,2,19,0,1,0,74.07229157870205
2026-03-17,2,20,0,0,0,43.29011623278302
2026-03-17,2,21,0,0,0,24.210435668774497
2026-03-17,2,22,0,0,0,27.079532378094612
2026-03-17,2,23,0,0,0,26.250207125013006
2026-03-17,3,0,0,0,0,8.088971003441053
2026-03-17,3,1,0,0,0,9.547650193318882
2026-03-17,3,2,0,0,0,19.917641930579403
2026-03-17,3,3,0,0,0,10.000653919950016
2026-03-17,3,4,0,1,0,19.111899486863642
2026-03-17,3,5,0,1,0,19.179887051518023
2026-03-17,3,6,0,0,0,20.87695387085391
2026-03-17,3,7,0,1,0,50.123497622118364
2026-03-17,3,8,0,0,0,52.08870150208752
2026-03-17,3,9,0,0,0,64.9149026943442
2026-03-17,3,10,0,0,0,51.13707486415993
2026-03-17,3,11,0,0,0,36.09303403737048
2026-03-17,3,12,0,0,0,31.875676341279114
2026-03-17,3,13,0,0,0,33.636575713754894
2026-03-17,3,14,0,1,0,38.64393970728001
2026-03-17,3,15,0,0,0,35.55131666087603
2026-03-17,3,16,0,0,0,53.786076102384115
2026-03-17,3,17,0,0,0,63.09263059053986
2026-03-17,3,18,0,0,0,66.07556091009587
2026-03-17,3,19,0,0,1,67.11160983562992
2026-03-17,3,20,0,1,0,56.46938321294334
2026-03-17,3,21,0,0,0,31.504275910590028
2026-03-17,3,22,0,0,0,21.368948907731237
2026-03-17,3,23,0,0,0,27.081837610571704
2026-03-17,4,0,0,1,0,26.28380774466247
2026-03-17,4,1,0,0,0,0.9648751762786274
2026-03-17,4,2,0,0,0,8.964663332382464
2026-03-17,4,3,0,0,0,9.74049762607856
2026-03-17,4,4,0,0,0,6.230258588404075
2026-03-17,4,5,0,0,0,1.318855175104778
2026-03-17,4,6,0,0,0,19.82780258283266
2026-03-17,4,7,0,0,0,27.673933697359956
2026-03-17,4,8,0,0,0,42.658609146918636
2026-03-17,4,9,0,0,0,52.826043850104135
2026-03-17,4,10,0,0,0,44.24475837877475
2026-03-17,4,11,0,0,0,31.803697200501986
2026-03-17,4,12,0,0,0,35.83613930317265
2026-03-17,4,13,0,0,0,19.809470342572197
2026-03-17,4,14,0,0,0,29.173152479385884
2026-03-17,4,15,0,0,0,31.805575971056605
2026-03-17,4,16,0,0,0,30.98062739556614
2026-03-17,4,17,0,1,0,63.19046979533907
2026-03-17,4,18,0,0,0,59.039554271192884
2026-03-17,4,19,0,1,0,60.62294565747472
2026-03-17,4,20,0,0,0,37.95629937608147
2026-03-17,4,21,0,0,0,29.968392725911364
2026-03-17,4,22,0,0,0,20.003926677841022
2026-03-17,4,23,0,0,0,11.898925789602174
2026-03-17,5,0,0,0,1,10.0098098888618
2026-03-17,5,1,0,1,1,22.00961381890762
2026-03-17,5,2,0,0,0,3.2948762572632484
2026-03-17,5,3,0,0,0,4.293230895840891
2026-03-17,5,4,0,0,0,6.283483855151221
2026-03-17,5,5,0,0,0,0.0
2026-03-17,5,6,0,0,0,24.746821890581792
2026-03-17,5,7,0,1,0,47.3892495612459
2026-03-17,5,8,0,1,0,52.34700645192376
2026-03-17,5,9,0,0,0,49.36310856913675
2026-03-17,5,10,0,0,0,48.874446315819426
2026-03-17,5,11,0,0,0,29.63137222958999
2026-03-17,5,12,0,0,0,15.620738842156188
2026-03-17,5,13,0,0,0,17.865817136354302
2026-03-17,5,14,0,0,0,19.4174874632547
2026-03-17,5,15,0,1,0,34.57291349768793
2026-03-17,5,16,0,0,0,36.208896096991865
2026-03-17,5,17,0,0,0,56.7726989558107
2026-03-17,5,18,0,1,0,70.096647528813
2026-03-17,5,19,0,0,0,48.3606791653609
2026-03-17,5,20,0,0,0,34.83851558126746
2026-03-17,5,21,0,0,0,22.59349613639048
2026-03-17,5,22,0,1,0,24.534377397328406
2026-03-17,5,23,0,0,1,25.077417120520767
2026-03-18,0,0,0,0,0,8.836577127306601
2026-03-18,0,1,0,0,0,13.704621980922974
2026-03-18,0,2,0,0,0,17.87222355531543
2026-03-18,0,3,0,0,1,16.74183213476614
2026-03-18,0,4,0,1,0,22.783820562958155
2026-03-18,0,5,0,0,0,11.163986943573487
2026-03-18,0,6,0,0,0,27.721726815900645
2026-03-18,0,7,0,0,1,46.46092056091009
2026-03-18,0,8,0,0,0,51.723143885324106
2026-03-18,0,9,0,0,0,54.57438752501291
2026-03-18,0,10,0,0,0,56.01375144395831
2026-03-18,0,11,0,1,0,50.862096421876366
2026-03-18,0,12,0,0,0,22.057301195556555
2026-03-18,0,13,0,0,0,21.675559838577467
2026-03-18,0,14,0,0,1,42.29240087512081
2026-03-18,0,15,0,0,1,43.672982269386765
2026-03-18,0,16,0,0,0,54.51405439014655
2026-03-18,0,17,0,1,0,71.95825665096
2026-03-18,0,18,0,0,0,72.24817661792596
2026-03-18,0,19,0,0,1,76.33159445789947
2026-03-18,0,20,0,0,1,64.44872411389585
2026-03-18,0,21,0,0,0,41.28843467063338
2026-03-18,0,22,0,1,0,36.03256658997652
2026-03-18,0,23,0,0,0,36.87724035088909
2026-03-18,1,0,0,0,0,12.143594044134725
2026-03-18,1,1,0,0,0,7.574801754356878
2026-03-18,1,2,0,0,0,5.701263102424234
2026-03-18,1,3,0,0,0,11.175752589522894
2026-03-18,1,4,0,0,0,10.391583099341315
2026-03-18,1,5,0,0,0,5.889790284854396
2026-03-18,1,6,0,0,0,30.782862239612584
2026-03-18,1,7,0,0,0,44.34578225881456
2026-03-18,1,8,0,0,0,48.34842078050254
2026-03-18,1,9,0,0,0,56.086594449206075
2026-03-18,1,10,0,0,0,46.4103166196134
2026-03-18,1,11,0,0,0,38.37488707681514
2026-03-18,1,12,0,0,0,24.723353841325917
2026-03-18,1,13,0,1,0,38.089464598128345
2026-03-18,1,14,0,0,0,31.90107856410453
2026-03-18,1,15,0,0,0,31.789253594308867
2026-03-18,1,16,0,0,0,41.00798557959947
2026-03-18,1,17,0,1,0,71.30315208655476
2026-03-18,1,18,0,0,0,70.61432943857731
2026-03-18,1,19,0,0,1,70.02526366834834
2026-03-18,1,20,0,1,0,55.42032083719082
2026-03-18,1,21,0,0,0,38.46259605851174
2026-03-18,1,22,0,1,0,36.80983397748041
2026-03-18,1,23,0,0,0,29.25397639106821
2026-03-18,2,0,0,0,0,13.699216946104286
2026-03-18,2,1,0,0,0,7.8481249514891465
2026-03-18,2,2,0,0,0,12.726045217863975
2026-03-18,2,3,0,0,0,8.888829693569825
2026-03-18,2,4,0,1,0,27.77778817672464
2026-03-18,2,5,0,1,0,27.185133547748336
2026-03-18,2,6,0,1,0,38.75648734938439
2026-03-18,2,7,0,0,0,39.67149757356921
2026-03-18,2,8,0,0,0,50.4350994004167
2026-03-18,2,9,0,0,0,62.17510888076926
2026-03-18,2,10,0,1,0,62.65740423179699
2026-03-18,2,11,0,0,0,29.99317627948927
2026-03-18,2,12,0,0,1,38.968853657363226
2026-03-18,2,13,0,0,0,24.149350691803413
2026-03-18,2,14,0,0,0,29.855506515177883
2026-03-18,2,15,0,0,0,30.923564699424976
2026-03-18,2,16,0,0,0,41.117405552580855
2026-03-18,2,17,0,0,0,57.69666291596479
2026-03-18,2,18,0,0,0,51.32484941534044
2026-03-18,2,19,0,0,0,57.19983032613588
2026-03-18,2,20,0,1,0,57.6446938480199
2026-03-18,2,21,0,0,0,35.10164941579037
2026-03-18,2,22,0,0,0,31.553778267572973
2026-03-18,2,23,0,0,0,21.76696161460102
2026-03-18,3,0,0,1,0,18.951112355608046
2026-03-18,3,1,0,0,0,13.74718074747079
2026-03-18,3,2,0,0,0,12.59817295422649
2026-03-18,3,3,0,1,0,25.8788669920637
2026-03-18,3,4,0,0,0,13.186829006710246
2026-03-18,3,5,0,0,1,15.59994606185381
2026-03-18,3,6,0,0,0,22.4907964160179
2026-03-18,3,7,0,0,0,37.0517502916218
2026-03-18,3,8,0,0,0,56.51602963182275
2026-03-18,3,9,0,0,0,62.86228378468838
2026-03-18,3,10,0,0,0,51.557254625569556
2026-03-18,3,11,0,0,0,25.853187529427633
2026-03-18,3,12,0,0,0,35.33560905960842
2026-03-18,3,13,0,0,0,23.937315338722605
2026-03-18,3,14,0,1,0,31.782785656597895
2026-03-18,3,15,0,0,0,27.689066149825784
2026-03-18,3,16,0,0,0,44.19388714395452
2026-03-18,3,17,0,0,0,70.23496343773485
2026-03-18,3,18,0,0,0,71.60982077244141
2026-03-18,3,19,0,1,0,61.5960647528793
2026-03-18,3,20,0,0,0,47.73757405220045
2026-03-18,3,21,0,0,0,40.73205629416278
2026-03-18,3,22,0,0,0,28.176905737958634
2026-03-18,3,23,0,0,0,30.475508831658974
2026-03-18,4,0,0,0,0,2.833528280724229
2026-03-18,4,1,0,0,0,7.065704059100012
2026-03-18,4,2,0,1,0,14.52652683369728
2026-03-18,4,3,0,0,0,5.798293453996791
2026-03-18,4,4,0,0,0,1.285057112298872
2026-03-18,4,5,0,0,0,13.000233060954175
2026-03-18,4,6,0,0,0,28.523716681042593
2026-03-18,4,7,0,0,0,29.5325285863107
2026-03-18,4,8,0,0,0,44.5381891175914
2026-03-18,4,9,0,1,0,65.65295896369403
2026-03-18,4,10,0,0,0,45.20455989691556
2026-03-18,4,11,0,1,0,36.47745102861868
2026-03-18,4,12,0,0,0,25.567073728843077
2026-03-18,4,13,0,0,0,16.823142861970855
2026-03-18,4,14,0,1,0,36.15220386063676
2026-03-18,4,15,0,0,0,24.111011387440072
2026-03-18,4,16,0,0,0,38.41335455385219
2026-03-18,4,17,0,0,0,52.038610960409635
2026-03-18,4,18,0,0,0,58.74386880235534
2026-03-18,4,19,0,0,1,68.11436046141444
2026-03-18,4,20,0,0,0,43.446521186369196
2026-03-18,4,21,0,1,0,38.506820713937856
2026-03-18,4,22,0,0,0,21.521510667970922
2026-03-18,4,23,0,0,0,20.652042612692874
2026-03-18,5,0,0,0,0,0.0
2026-03-18,5,1,0,0,0,0.1511847943709428
2026-03-18,5,2,0,0,0,0.23448573142532925
2026-03-18,5,3,0,0,0,2.011571110181176
2026-03-18,5,4,0,0,0,0.0
2026-03-18,5,5,0,0,0,0.0
2026-03-18,5,6,0,0,0,30.408990654308433
2026-03-18,5,7,0,1,0,36.02307116650931
2026-03-18,5,8,0,0,0,41.714374285858476
2026-03-18,5,9,0,0,0,52.57264892026177
2026-03-18,5,10,0,0,0,39.699144729073886
2026-03-18,5,11,0,0,0,26.993491574241183
2026-03-18,5,12,0,0,0,25.338374460812133
2026-03-18,5,13,0,0,0,15.06839905202908
2026-03-18,5,14,0,0,0,20.360459484642295
2026-03-18,5,15,0,0,1,34.60330958067889
2026-03-18,5,16,0,1,0,49.125904588588114
2026-03-18,5,17,0,0,0,51.62227812972343
2026-03-18,5,18,0,1,0,73.18285614419754
2026-03-18,5,19,0,0,0,54.1487387748297
2026-03-18,5,20,0,0,0,34.80709623397347
2026-03-18,5,21,0,0,0,27.35816323654592
2026-03-18,5,22,0,0,0,17.40766513307942
2026-03-18,5,23,0,0,0,19.88676993562585
2026-03-19,0,0,0,0,0,16.404548822534903
2026-03-19,0,1,0,0,0,21.45665380185885
2026-03-19,0,2,0,1,0,29.879306354366978
2026-03-19,0,3,0,1,0,27.226506279406273
2026-03-19,0,4,0,0,0,14.506524795989122
2026-03-19,0,5,0,0,0,13.653376140812666
2026-03-19,0,6,0,0,0,37.41900378011879
2026-03-19,0,7,0,0,0,41.554121350884806
2026-03-19,0,8,0,0,0,49.75008001616472
2026-03-19,0,9,0,0,0,60.68467868157982
2026-03-19,0,10,0,0,0,52.8503307366747
2026-03-19,0,11,0,0,0,43.94428956871265
2026-03-19,0,12,0,0,0,37.1419640502845
2026-03-19,0,13,0,0,0,39.820028454001566
2026-03-19,0,14,0,0,0,25.655492017492865
2026-03-19,0,15,0,0,0,40.76132939005904
2026-03-19,0,16,0,0,1,60.09467580380342
2026-03-19,0,17,0,0,0,69.89727414726008
2026-03-19,0,18,0,0,0,68.27469392420196
2026-03-19,0,19,0,0,0,62.817307452480485
2026-03-19,0,20,0,0,0,50.581626519794355
2026-03-19,0,21,0,0,0,28.5646200244023
2026-03-19,0,22,0,0,0,26.641923237094932
2026-03-19,0,23,0,0,0,24.912982040019116
2026-03-19,1,0,0,0,0,15.497309536362941
2026-03-19,1,1,0,0,0,5.298289202576517
2026-03-19,1,2,0,1,0,21.73198269183323
2026-03-19,1,3,0,0,0,11.969740946392404
2026-03-19,1,4,0,1,0,16.237628881881527
2026-03-19,1,5,0,0,0,17.714126225077003
2026-03-19,1,6,0,0,0,21.49647841978186
2026-03-19,1,7,0,1,0,46.16887190909456
2026-03-19,1,8,0,1,0,62.840246477148995
2026-03-19,1,9,0,0,0,59.67663239098236
2026-03-19,1,10,0,0,0,53.29539778347818
2026-03-19,1,11,0,0,0,34.48757143631366
2026-03-19,1,12,0,0,1,35.6031799034619
2026-03-19,1,13,0,0,0,23.475195348560476
2026-03-19,1,14,0,0,0,31.642812949344037
2026-03-19,1,15,0,0,0,32.22800527542567
2026-03-19,1,16,0,0,0,48.383245090974754
2026-03-19,1,17,0,0,0,55.49427949261983
2026-03-19,1,18,0,1,0,81.8485050609329
2026-03-19,1,19,0,0,0,59.15202071576957
2026-03-19,1,20,0,0,0,49.217557157695644
2026-03-19,1,21,0,0,0,30.315830542962956
2026-03-19,1,22,0,0,0,19.735545751526697
2026-03-19,1,23,0,1,0,35.396035187545344
2026-03-19,2,0,0,0,0,6.708771390644256
2026-03-19,2,1,0,0,0,8.9962883100283
2026-03-19,2,2,0,0,0,7.67082485323879
2026-03-19,2,3,0,0,0,7.667102473448149
2026-03-19,2,4,0,1,0,13.050737105205155
2026-03-19,2,5,0,0,0,7.590911972662809
2026-03-19,2,6,0,0,0,18.281871537294677
2026-03-19,2,7,0,1,1,57.734603594100435
2026-03-19,2,8,0,1,0,62.36333721535795
2026-03-19,2,9,0,0,0,64.08664034807873
2026-03-19,2,10,0,0,0,55.47097699224929
2026-03-19,2,11,0,1,0,45.54084259920338
2026-03-19,2,12,0,0,0,28.106038363871026
2026-03-19,2,13,0,0,0,26.91899291784444
2026-03-19,2,14,0,0,0,19.324533266487283
2026-03-19,2,15,0,0,0,37.787584113679
2026-03-19,2,16,0,0,0,42.181216107654485
2026-03-19,2,17,0,0,0,57.86693340869009
2026-03-19,2,18,0,0,0,71.80656999061979
2026-03-19,2,19,0,0,0,52.4535970603375
2026-03-19,2,20,0,0,0,42.841301641409636
2026-03-19,2,21,0,0,0,36.851758467205514
2026-03-19,2,22,0,0,0,21.513875803276253
2026-03-19,2,23,0,0,0,18.27260141512612
2026-03-19,3,0,0,0,0,10.942733649514906
2026-03-19,3,1,0,0,0,5.257217187817187
2026-03-19,3,2,0,0,0,9.692892230396579
2026-03-19,3,3,0,0,0,5.248190883804931
2026-03-19,3,4,0,0,0,11.55445633598577
2026-03-19,3,5,0,0,0,12.241085038162993
2026-03-19,3,6,0,0,0,25.01245486091784
2026-03-19,3,7,0,0,0,43.153382791929694
2026-03-19,3,8,0,0,0,54.89733507110846
2026-03-19,3,9,0,0,0,67.79549809320902
2026-03-19,3,10,0,0,0,46.2052821336706
2026-03-19,3,11,0,0,0,40.72770870739246
2026-03-19,3,12,0,0,1,31.497381362864697
2026-03-19,3,13,0,0,0,25.265713689108196
2026-03-19,3,14,0,0,0,34.75007786880774
2026-03-19,3,15,0,0,0,42.99500444897174
2026-03-19,3,16,0,1,0,59.08105935108436
2026-03-19,3,17,0,0,0,61.904892255895724
2026-03-19,3,18,0,0,0,70.60574528326174
2026-03-19,3,19,0,1,0,68.35448451449031
2026-03-19,3,20,0,0,0,49.28290564314771
2026-03-19,3,21,0,0,0,29.461236462952677
2026-03-19,3,22,0,1,0,47.33042455667285
2026-03-19,3,23,0,0,0,24.55351513918084
2026-03-19,4,0,0,0,0,13.412079794752911
2026-03-19,4,1,0,0,0,9.120078308009692
2026-03-19,4,2,0,0,1,10.310500537942254
2026-03-19,4,3,0,0,0,12.6479982751529
2026-03-19,4,4,0,1,0,20.079206053133213
2026-03-19,4,5,0,0,0,13.93140314642753
2026-03-19,4,6,0,1,0,30.43069178637227
2026-03-19,4,7,0,0,0,31.481994181288407
2026-03-19,4,8,0,0,0,45.84880541888892
2026-03-19,4,9,0,0,0,59.722925008109954
2026-03-19,4,10,0,0,0,40.60154366295043
2026-03-19,4,11,0,1,0,45.89727939104386
2026-03-19,4,12,0,0,1,33.15391798715753
2026-03-19,4,13,0,0,0,18.014343009835553
2026-03-19,4,14,0,0,0,23.630455522818696
2026-03-19,4,15,0,0,0,27.323156380865917
2026-03-19,4,16,0,0,0,36.2527325688285
2026-03-19,4,17,0,0,0,55.90329578147566
2026-03-19,4,18,0,0,0,66.85059786646582
2026-03-19,4,19,0,0,0,50.981494709038266
2026-03-19,4,20,0,1,0,51.51996337130605
2026-03-19,4,21,0,0,0,29.38305456561035
2026-03-19,4,22,0,1,0,39.04373766403002
2026-03-19,4,23,0,0,0,16.456261243696527
2026-03-19,5,0,0,1,0,20.981628512057064
2026-03-19,5,1,0,0,0,4.367425093736651
2026-03-19,5,2,0,0,0,0.0
2026-03-19,5,3,0,0,0,0.0
2026-03-19,5,4,0,1,0,10.807789473514571
2026-03-19,5,5,0,0,0,7.838166079393034
2026-03-19,5,6,0,0,0,13.760551140230938
2026-03-19,5,7,0,0,0,25.132721156386097
2026-03-19,5,8,0,0,0,49.147273884741686
2026-03-19,5,9,0,0,0,49.898128942145846
2026-03-19,5,10,0,1,0,54.81538276470642
2026-03-19,5,11,0,0,0,34.75236582561791
2026-03-19,5,12,0,0,0,23.553705901437063
2026-03-19,5,13,0,0,0,17.187687909591197
2026-03-19,5,14,0,1,0,29.756780596738114
2026-03-19,5,15,0,0,0,22.074383619154403
2026-03-19,5,16,0,1,0,52.07622870405053
2026-03-19,5,17,0,0,0,50.14539110676263
2026-03-19,5,18,0,0,0,57.476866143284894
2026-03-19,5,19,0,0,0,52.998441841057044
2026-03-19,5,20,0,0,0,37.00294920377838
2026-03-19,5,21,0,0,0,25.85639228172355
2026-03-19,5,22,0,0,0,18.41299086641692
2026-03-19,5,23,0,0,0,17.403304387125566
2026-03-20,0,0,0,1,0,34.122977219496775
2026-03-20,0,1,0,0,0,12.532546247205914
2026-03-20,0,2,0,0,0,13.686495833936432
2026-03-20,0,3,0,1,0,27.49416815237838
2026-03-20,0,4,0,0,1,21.62846089103693
2026-03-20,0,5,0,1,0,28.65060254130876
2026-03-20,0,6,0,0,0,25.23652316382029
2026-03-20,0,7,0,0,0,41.649719551328
2026-03-20,0,8,0,0,0,57.48194546922195
2026-03-20,0,9,0,1,0,67.2442788753798
2026-03-20,0,10,0,1,0,68.22927987216102
2026-03-20,0,11,0,0,0,32.56267443919264
2026-03-20,0,12,0,0,0,27.289961083231642
2026-03-20,0,13,0,0,1,41.6559805704878
2026-03-20,0,14,0,0,0,28.89763350119431
2026-03-20,0,15,0,0,0,36.56083808030988
2026-03-20,0,16,0,0,0,52.04377145490081
2026-03-20,0,17,0,0,0,62.72441909035516
2026-03-20,0,18,0,0,0,69.23218494148652
2026-03-20,0,19,0,0,1,77.93181552876025
2026-03-20,0,20,0,0,0,45.103432626340364
2026-03-20,0,21,0,0,0,31.998923302441277
2026-03-20,0,22,0,0,0,33.72132820782563
2026-03-20,0,23,0,0,0,24.64142607421083
2026-03-20,1,0,0,0,0,8.000104587338473
2026-03-20,1,1,0,0,0,10.56962191144269
2026-03-20,1,2,0,0,0,18.827882505614014
2026-03-20,1,3,0,0,0,9.475437274156757
2026-03-20,1,4,0,1,0,24.55383650926051
2026-03-20,1,5,0,0,0,14.918116443072524
2026-03-20,1,6,0,0,1,38.19704842111546
2026-03-20,1,7,0,0,0,37.52545969598388
2026-03-20,1,8,0,0,0,49.73362828525286
2026-03-20,1,9,0,0,0,68.42663949473499
2026-03-20,1,10,0,1,0,64.27716484860906
2026-03-20,1,11,0,0,0,37.63503405842781
2026-03-20,1,12,0,0,0,28.5007803520813
2026-03-20,1,13,0,1,0,31.766924225851817
2026-03-20,1,14,0,0,0,22.893508817420038
2026-03-20,1,15,0,0,1,41.001088453453846
2026-03-20,1,16,0,0,0,41.617808346577434
2026-03-20,1,17,0,0,1,71.36100597768406
2026-03-20,1,18,0,0,1,72.18493712439229
2026-03-20,1,19,0,0,0,61.426110567754634
2026-03-20,1,20,0,1,0,53.47980511933575
2026-03-20,1,21,0,0,0,37.201630113572506
2026-03-20,1,22,0,0,0,31.378458901234843
2026-03-20,1,23,0,1,0,33.71442445769075
2026-03-20,2,0,0,0,0,8.994768948065394
2026-03-20,2,1,0,0,0,9.512251385281465
2026-03-20,2,2,0,0,0,10.496270461059456
2026-03-20,2,3,0,0,0,12.164924510100459
2026-03-20,2,4,0,0,0,4.22313135476702
2026-03-20,2,5,0,0,0,8.400605810937314
2026-03-20,2,6,0,1,0,37.23644780713373
2026-03-20,2,7,0,0,0,42.00888851505996
2026-03-20,2,8,0,0,0,47.87957348393953
2026-03-20,2,9,0,0,0,62.29652893681159
2026-03-20,2,10,0,0,0,51.49381055542046
2026-03-20,2,11,0,0,0,35.777527481654715
2026-03-20,2,12,0,0,0,15.19043131572223
2026-03-20,2,13,0,0,1,25.38137291317006
2026-03-20,2,14,0,0,0,27.199508353612412
2026-03-20,2,15,0,0,0,31.143829746192914
2026-03-20,2,16,0,0,0,49.40929081627088
2026-03-20,2,17,0,1,1,79.13412059266538
2026-03-20,2,18,0,0,0,69.20244314160739
2026-03-20,2,19,0,1,0,68.33786493624265
2026-03-20,2,20,0,0,0,44.54398093131693
2026-03-20,2,21,0,0,1,44.4643978484918
2026-03-20,2,22,0,0,0,27.20553437437049
2026-03-20,2,23,0,0,0,20.717633846943052
2026-03-20,3,0,0,0,0,20.589780726139896
2026-03-20,3,1,0,0,0,21.277797602344705
2026-03-20,3,2,0,0,0,6.813802040745817
2026-03-20,3,3,0,0,0,15.324565515386054
2026-03-20,3,4,0,0,0,1.0589746733763636
2026-03-20,3,5,0,0,0,19.933176614297373
2026-03-20,3,6,0,0,0,24.742497625017695
2026-03-20,3,7,0,0,0,44.11448906277729
2026-03-20,3,8,0,0,0,47.51629620525921
2026-03-20,3,9,0,0,0,59.1423987786411
2026-03-20,3,10,0,1,0,59.69635831333975
2026-03-20,3,11,0,0,1,42.019783053325405
2026-03-20,3,12,0,0,0,28.494541414667463
2026-03-20,3,13,0,0,0,28.755771071280687
2026-03-20,3,14,0,0,0,36.60583451324715
2026-03-20,3,15,0,0,0,35.27083257365059
2026-03-20,3,16,0,0,0,45.87606807582631
2026-03-20,3,17,0,0,0,66.64664018408939
2026-03-20,3,18,0,0,0,63.25711910013982
2026-03-20,3,19,0,0,0,62.674851600021455
2026-03-20,3,20,0,0,0,46.340375193451536
2026-03-20,3,21,0,0,0,30.804989520139042
2026-03-20,3,22,0,1,0,39.89594286120471
2026-03-20,3,23,0,0,0,27.039779708272967
2026-03-20,4,0,0,0,1,14.977036194825617
2026-03-20,4,1,0,0,0,2.0104274763175987
2026-03-20,4,2,0,0,0,2.8428548577682253
2026-03-20,4,3,0,0,0,2.602045259838914
2026-03-20,4,4,0,0,0,0.9091081058258998
2026-03-20,4,5,0,0,0,6.489722611241825
2026-03-20,4,6,0,0,0,16.745672242186416
2026-03-20,4,7,0,0,0,31.24737242775732
2026-03-20,4,8,0,0,0,35.95447463940409
2026-03-20,4,9,0,0,0,53.0359346423596
2026-03-20,4,10,0,0,0,54.676328001787205
2026-03-20,4,11,0,0,0,39.77109151732334
2026-03-20,4,12,0,0,0,16.933624342606713
2026-03-20,4,13,0,0,0,21.32878769658396
2026-03-20,4,14,0,1,0,23.62327433061133
2026-03-20,4,15,0,0,0,31.796272299448642
2026-03-20,4,16,0,0,0,40.14998714597026
2026-03-20,4,17,0,0,0,52.48238799276539
2026-03-20,4,18,0,1,0,68.29255899607428
2026-03-20,4,19,0,0,0,56.12212786047582
2026-03-20,4,20,0,0,0,37.586066265094665
2026-03-20,4,21,0,0,0,25.404315656032704
2026-03-20,4,22,0,0,0,23.50201492005547
2026-03-20,4,23,0,0,0,16.589400329941757
2026-03-20,5,0,0,1,0,19.180815947917676
2026-03-20,5,1,0,0,0,3.071579653584395
2026-03-20,5,2,0,0,0,0.0
2026-03-20,5,3,0,1,0,11.825443792011487
2026-03-20,5,4,0,0,0,0.0
2026-03-20,5,5,0,0,0,2.4267500206611494
2026-03-20,5,6,0,1,0,19.517150567398172
2026-03-20,5,7,0,0,0,20.222241404768177
2026-03-20,5,8,0,1,0,53.658998874504725
2026-03-20,5,9,0,0,0,41.74750058474764
2026-03-20,5,10,0,0,0,50.38556056147859
2026-03-20,5,11,0,1,0,44.69481773116693
2026-03-20,5,12,0,0,0,16.341564449235722
2026-03-20,5,13,0,0,0,16.425976189383913
2026-03-20,5,14,0,0,0,20.58811902885746
2026-03-20,5,15,0,0,0,26.665020326517705
2026-03-20,5,16,0,0,0,40.315810803513486
2026-03-20,5,17,0,0,0,47.458678465813485
2026-03-20,5,18,0,0,0,59.95669651505091
2026-03-20,5,19,0,1,0,63.00439561836605
2026-03-20,5,20,0,0,0,39.950266206785024
2026-03-20,5,21,0,0,0,26.204583285714353
2026-03-20,5,22,0,1,0,31.249681388875437
2026-03-20,5,23,0,0,0,22.13160034039019
2026-03-21,0,0,1,0,0,14.592616239849987
2026-03-21,0,1,1,0,0,18.880385637634085
2026-03-21,0,2,1,0,0,7.474409053755129
2026-03-21,0,3,1,0,0,18.855260851998196
2026-03-21,0,4,1,0,0,18.49119070241933
2026-03-21,0,5,1,0,0,15.955392028158359
2026-03-21,0,6,1,0,0,25.224673050990443
2026-03-21,0,7,1,0,0,30.664261354420454
2026-03-21,0,8,1,1,0,60.11654539379168
2026-03-21,0,9,1,0,0,58.74997946813997
2026-03-21,0,10,1,0,0,42.86898467452335
2026-03-21,0,11,1,0,0,34.398560241968184
2026-03-21,0,12,1,0,1,42.54096408205093
2026-03-21,0,13,1,0,0,31.517329535566283
2026-03-21,0,14,1,0,1,41.289154691820265
2026-03-21,0,15,1,0,0,32.038786292347204
2026-03-21,0,16,1,0,0,40.03385105798409
2026-03-21,0,17,1,0,0,54.34445001638223
2026-03-21,0,18,1,0,0,54.98820574177674
2026-03-21,0,19,1,0,0,57.47919029611471
2026-03-21,0,20,1,0,0,39.78176890967061
2026-03-21,0,21,1,0,0,34.5513664780483
2026-03-21,0,22,1,0,0,39.51837392180575
2026-03-21,0,23,1,0,0,28.16831183417383
2026-03-21,1,0,1,0,0,15.22844848640809
2026-03-21,1,1,1,0,0,7.498355515927108
2026-03-21,1,2,1,0,0,9.514143189727479
2026-03-21,1,3,1,0,0,8.032676669119972
2026-03-21,1,4,1,0,0,11.611949997172067
2026-03-21,1,5,1,0,0,15.657047145852445
2026-03-21,1,6,1,0,0,28.520826561001215
2026-03-21,1,7,1,0,0,30.845224267348446
2026-03-21,1,8,1,0,0,41.712603285606214
2026-03-21,1,9,1,0,0,40.52773639340667
2026-03-21,1,10,1,0,0,41.556473284617034
2026-03-21,1,11,1,0,0,34.955961587691014
2026-03-21,1,12,1,0,0,23.867307670187394
2026-03-21,1,13,1,0,0,22.609729617254093
2026-03-21,1,14,1,0,0,23.096146952979105
2026-03-21,1,15,1,1,0,36.87903248484322
2026-03-21,1,16,1,0,0,34.45677172307177
2026-03-21,1,17,1,0,0,40.956704359789356
2026-03-21,1,18,1,0,0,56.61870924374027
2026-03-21,1,19,1,0,0,49.974857850839356
2026-03-21,1,20,1,0,0,39.830901420614744
2026-03-21,1,21,1,0,0,32.42516441226219
2026-03-21,1,22,1,0,0,19.246847954976186
2026-03-21,1,23,1,0,0,23.63756172514077
2026-03-21,2,0,1,1,0,21.562097615584005
2026-03-21,2,1,1,0,0,7.145239211302992
2026-03-21,2,2,1,0,0,6.24304502417705
2026-03-21,2,3,1,0,0,1.7964530318977587
2026-03-21,2,4,1,0,0,7.50392863764383
2026-03-21,2,5,1,0,0,10.452222145452662
2026-03-21,2,6,1,0,0,24.66457312212958
2026-03-21,2,7,1,1,0,39.275723367353386
2026-03-21,2,8,1,1,0,51.41137855220484
2026-03-21,2,9,1,0,0,42.93051616954641
2026-03-21,2,10,1,0,0,42.02813218641328
2026-03-21,2,11,1,0,0,29.85363552285766
2026-03-21,2,12,1,0,1,35.38067261727958
2026-03-21,2,13,1,0,0,28.44754287240728
2026-03-21,2,14,1,1,0,30.346922391628347
2026-03-21,2,15,1,0,0,27.63228236562177
2026-03-21,2,16,1,0,0,31.19411274678644
2026-03-21,2,17,1,0,0,52.576537851903986
2026-03-21,2,18,1,0,1,62.04361110566611
2026-03-21,2,19,1,1,0,55.7049389879386
2026-03-21,2,20,1,0,0,34.240438471284534
2026-03-21,2,21,1,0,0,29.60776011313189
2026-03-21,2,22,1,0,0,23.799511168059887
2026-03-21,2,23,1,0,0,18.465875323463923
2026-03-21,3,0,1,0,0,11.4167790184771
2026-03-21,3,1,1,0,0,11.792762311373332
2026-03-21,3,2,1,0,0,10.984970108253284
2026-03-21,3,3,1,0,0,13.440688147634045
2026-03-21,3,4,1,0,0,8.527963886775936
2026-03-21,3,5,1,0,0,17.52324426020615
2026-03-21,3,6,1,0,0,26.74561560442202
2026-03-21,3,7,1,0,0,29.449274764861254
2026-03-21,3,8,1,0,0,48.116774442699
2026-03-21,3,9,1,1,0,54.29697319721728
2026-03-21,3,10,1,0,0,44.338091193383185
2026-03-21,3,11,1,1,0,41.92399790364368
2026-03-21,3,12,1,0,0,29.84229609728075
2026-03-21,3,13,1,1,0,35.97154871561027
2026-03-21,3,14,1,0,0,25.042956725100677
2026-03-21,3,15,1,0,0,28.37146448745505
2026-03-21,3,16,1,0,1,45.88568480609804
2026-03-21,3,17,1,0,0,51.31946913959895
2026-03-21,3,18,1,0,0,46.25293098766658
2026-03-21,3,19,1,0,0,54.49471237889257
2026-03-21,3,20,1,0,0,37.992322787842056
2026-03-21,3,21,1,0,0,35.229460339310386
2026-03-21,3,22,1,0,1,33.46058614033519
2026-03-21,3,23,1,0,0,34.90113588777503
2026-03-21,4,0,1,1,0,16.97622460676541
2026-03-21,4,1,1,0,0,10.616777407889606
2026-03-21,4,2,1,0,0,6.800568434306644
2026-03-21,4,3,1,0,0,0.0
2026-03-21,4,4,1,0,0,4.8654603819990125
2026-03-21,4,5,1,0,0,0.0
2026-03-21,4,6,1,0,0,28.845754853317157
2026-03-21,4,7,1,0,0,27.108429086434967
2026-03-21,4,8,1,1,0,42.77732731503189
2026-03-21,4,9,1,0,0,42.42742722014198
2026-03-21,4,10,1,0,0,39.880635013618104
2026-03-21,4,11,1,0,0,27.570487358405504
2026-03-21,4,12,1,1,0,30.27010379201449
2026-03-21,4,13,1,0,1,29.13498476697116
2026-03-21,4,14,1,0,0,14.940924303690961
2026-03-21,4,15,1,0,0,23.04015667110845
2026-03-21,4,16,1,0,0,33.82002041946809
2026-03-21,4,17,1,1,0,58.539004965161325
2026-03-21,4,18,1,0,0,39.94128804903133
2026-03-21,4,19,1,1,0,47.41674602767548
2026-03-21,4,20,1,1,0,42.55368783484057
2026-03-21,4,21,1,0,1,37.11509282220218
2026-03-21,4,22,1,0,0,16.897283660138772
2026-03-21,4,23,1,0,0,21.65564263933106
2026-03-21,5,0,1,1,0,14.639267543417422
2026-03-21,5,1,1,0,0,1.709468800175113
2026-03-21,5,2,1,0,0,0.0
2026-03-21,5,3,1,0,0,3.4439347507653677
2026-03-21,5,4,1,0,0,1.6657527905843068
2026-03-21,5,5,1,0,0,2.3556488416023913
2026-03-21,5,6,1,0,0,17.28019315598722
2026-03-21,5,7,1,0,0,22.552219831559693
2026-03-21,5,8,1,0,0,35.711759650090805
2026-03-21,5,9,1,0,0,37.5225828821872
2026-03-21,5,10,1,0,0,26.779616338072763
2026-03-21,5,11,1,0,0,28.42602796931771
2026-03-21,5,12,1,0,0,16.79886338990699
2026-03-21,5,13,1,0,0,17.907614162272512
2026-03-21,5,14,1,0,0,20.311146428750572
2026-03-21,5,15,1,0,0,19.324588085071213
2026-03-21,5,16,1,1,0,44.6478312235961
2026-03-21,5,17,1,0,0,32.944362413562075
2026-03-21,5,18,1,0,0,42.42717425192544
2026-03-21,5,19,1,0,0,37.7147019912296
2026-03-21,5,20,1,0,0,22.850627649710294
2026-03-21,5,21,1,0,0,22.159035716395124
2026-03-21,5,22,1,0,0,8.533799831214512
2026-03-21,5,23,1,0,0,16.825699069027436
2026-03-22,0,0,1,0,0,13.232518420855614
2026-03-22,0,1,1,0,0,17.91244558403816
2026-03-22,0,2,1,0,0,13.487507995605537
2026-03-22,0,3,1,0,0,17.171011141393578
2026-03-22,0,4,1,1,0,20.703184939647304
2026-03-22,0,5,1,1,0,25.73763371874086
2026-03-22,0,6,1,0,0,28.01376189418873
2026-03-22,0,7,1,0,0,37.39545145589909
2026-03-22,0,8,1,1,0,57.43906242936708
2026-03-22,0,9,1,0,0,53.85552240706824
2026-03-22,0,10,1,0,0,45.92254315333056
2026-03-22,0,11,1,0,0,34.89702279411323
2026-03-22,0,12,1,0,0,35.074679492719405
2026-03-22,0,13,1,0,0,31.08519181946231
2026-03-22,0,14,1,1,0,31.572109192753203
2026-03-22,0,15,1,0,0,31.547055875323213
2026-03-22,0,16,1,0,0,53.57576609612252
2026-03-22,0,17,1,0,1,63.98640506754794
2026-03-22,0,18,1,1,0,64.24729700263234
2026-03-22,0,19,1,0,0,50.51943715645368
2026-03-22,0,20,1,0,0,48.919772703912216
2026-03-22,0,21,1,0,0,33.55226669744819
2026-03-22,0,22,1,0,0,33.723092291138
2026-03-22,0,23,1,0,0,21.349006026397294
2026-03-22,1,0,1,0,1,21.81030008506814
2026-03-22,1,1,1,0,1,24.202618577101997
2026-03-22,1,2,1,0,1,15.890371896267695
2026-03-22,1,3,1,0,0,8.479012842829421
2026-03-22,1,4,1,0,0,9.53316890739464
2026-03-22,1,5,1,0,0,3.7466728756707717
2026-03-22,1,6,1,0,0,24.809110093279557
2026-03-22,1,7,1,0,0,30.516308608782982
2026-03-22,1,8,1,0,0,38.368247108994986
2026-03-22,1,9,1,1,0,63.09257761238922
2026-03-22,1,10,1,0,0,40.50801235138483
2026-03-22,1,11,1,0,0,30.821101012241968
2026-03-22,1,12,1,0,0,31.607449558195324
2026-03-22,1,13,1,0,0,18.91530322129728
2026-03-22,1,14,1,0,0,26.02695292433371
2026-03-22,1,15,1,1,0,40.83440594805698
2026-03-22,1,16,1,0,0,37.448095524278145
2026-03-22,1,17,1,0,0,53.551697747567125
2026-03-22,1,18,1,0,0,52.46942964990738
2026-03-22,1,19,1,1,0,57.47217553177481
2026-03-22,1,20,1,1,0,54.15111366618303
2026-03-22,1,21,1,0,0,26.474587503342065
2026-03-22,1,22,1,1,0,36.16391523675162
2026-03-22,1,23,1,0,0,25.530374622467658
2026-03-22,2,0,1,0,1,15.286096803217745
2026-03-22,2,1,1,0,0,7.022781837930753
2026-03-22,2,2,1,0,0,6.493973036816252
2026-03-22,2,3,1,0,0,16.211163022484378
2026-03-22,2,4,1,0,0,15.078195726256972
2026-03-22,2,5,1,0,0,5.101187942620984
2026-03-22,2,6,1,0,0,21.043089486828908
2026-03-22,2,7,1,0,0,25.446021482768188
2026-03-22,2,8,1,0,0,38.182008373765754
2026-03-22,2,9,1,1,0,61.87176467341458
2026-03-22,2,10,1,0,0,38.937624094966594
2026-03-22,2,11,1,0,0,27.91700115866793
2026-03-22,2,12,1,0,0,20.520091643936272
2026-03-22,2,13,1,0,0,18.26633825816903
2026-03-22,2,14,1,0,0,23.6745245627496
2026-03-22,2,15,1,0,0,33.0511646956055
2026-03-22,2,16,1,0,0,30.852591847748833
2026-03-22,2,17,1,0,0,44.800090654761895
2026-03-22,2,18,1,0,0,50.21954020631804
2026-03-22,2,19,1,0,0,44.51231942111536
2026-03-22,2,20,1,0,1,49.67782472026858
2026-03-22,2,21,1,0,0,35.20181678712615
2026-03-22,2,22,1,0,0,26.501066553445384
2026-03-22,2,23,1,1,0,30.006648584749513
2026-03-22,3,0,1,0,0,6.254820448292265
2026-03-22,3,1,1,0,0,6.358740291298886
2026-03-22,3,2,1,1,0,21.967148247927636
2026-03-22,3,3,1,1,0,28.527090887384162
2026-03-22,3,4,1,0,0,8.392293925065285
2026-03-22,3,5,1,0,0,7.497457436638241
2026-03-22,3,6,1,0,0,36.11505897058273
2026-03-22,3,7,1,1,0,42.35287356110196
2026-03-22,3,8,1,0,0,51.86331887276393
2026-03-22,3,9,1,1,0,59.64914813514232
2026-03-22,3,10,1,0,0,45.929410168878405
2026-03-22,3,11,1,0,0,34.1289281775537
2026-03-22,3,12,1,0,0,37.15473845731462
2026-03-22,3,13,1,0,0,29.572005684146884
2026-03-22,3,14,1,0,0,20.464299128511882
2026-03-22,3,15,1,0,0,35.430432656646765
2026-03-22,3,16,1,1,0,40.05781259770586
2026-03-22,3,17,1,1,0,59.56499016472243
2026-03-22,3,18,1,0,0,52.742858385230456
2026-03-22,3,19,1,0,0,48.502607952839014
2026-03-22,3,20,1,0,0,41.39458910731437
2026-03-22,3,21,1,0,0,28.02736729936628
2026-03-22,3,22,1,0,0,32.863973340642445
2026-03-22,3,23,1,0,0,28.52819450369416
2026-03-22,4,0,1,0,0,10.098895229616287
2026-03-22,4,1,1,1,0,16.8976186689451
2026-03-22,4,2,1,0,0,12.19139383630929
2026-03-22,4,3,1,1,0,11.672893480381067
2026-03-22,4,4,1,0,0,8.014604064660308
2026-03-22,4,5,1,1,0,19.60041821037261
2026-03-22,4,6,1,0,0,24.759399369671666
2026-03-22,4,7,1,0,0,25.501033869599514
2026-03-22,4,8,1,0,0,39.89717287364683
2026-03-22,4,9,1,0,0,41.46982629437623
2026-03-22,4,10,1,0,0,31.08298657507977
2026-03-22,4,11,1,0,0,32.29379329090979
2026-03-22,4,12,1,0,0,14.934595044698273
2026-03-22,4,13,1,1,0,26.96863526399696
2026-03-22,4,14,1,1,0,39.27828709657
2026-03-22,4,15,1,0,0,26.193154845683708
2026-03-22,4,16,1,0,0,30.526234451560214
2026-03-22,4,17,1,0,0,40.439228186148725
2026-03-22,4,18,1,0,0,43.103833984987105
2026-03-22,4,19,1,0,0,41.61488474544956
2026-03-22,4,20,1,0,0,27.125907023336733
2026-03-22,4,21,1,0,0,25.962864686489098
2026-03-22,4,22,1,0,0,23.089777316661916
2026-03-22,4,23,1,1,0,24.75047011931047
2026-03-22,5,0,1,0,0,2.9099371110501124
2026-03-22,5,1,1,0,0,0.0
2026-03-22,5,2,1,0,0,2.545247387889044
2026-03-22,5,3,1,0,0,4.497754599926907
2026-03-22,5,4,1,0,0,0.0
2026-03-22,5,5,1,0,0,5.4456254287374914
2026-03-22,5,6,1,0,1,25.419314107133534
2026-03-22,5,7,1,0,0,26.69461118581729
2026-03-22,5,8,1,0,0,35.25504532116529
2026-03-22,5,9,1,1,0,43.915923990130494
2026-03-22,5,10,1,1,0,42.38151265811233
2026-03-22,5,11,1,0,0,26.42702693090091
2026-03-22,5,12,1,0,0,17.370181523795797
2026-03-22,5,13,1,0,0,17.158760760097657
2026-03-22,5,14,1,0,0,20.753903631994092
2026-03-22,5,15,1,0,0,21.67784357034612
2026-03-22,5,16,1,0,0,35.839140192602834
2026-03-22,5,17,1,0,0,39.87807871699542
2026-03-22,5,18,1,1,0,52.3604002528698
2026-03-22,5,19,1,1,0,50.20695202295831
2026-03-22,5,20,1,0,0,28.42379319536988
2026-03-22,5,21,1,1,0,31.67755590378588
2026-03-22,5,22,1,0,0,12.392254857580262
2026-03-22,5,23,1,1,0,21.79657032443257
2026-03-23,0,0,0,0,0,16.845353881125355
2026-03-23,0,1,0,0,0,20.43616455402423
2026-03-23,0,2,0,0,0,15.098720827176434
2026-03-23,0,3,0,0,0,13.172025057585547
2026-03-23,0,4,0,0,1,24.70138148657589
2026-03-23,0,5,0,0,0,18.47506470251123
2026-03-23,0,6,0,0,0,34.14940406068317
2026-03-23,0,7,0,1,0,47.744777270396945
2026-03-23,0,8,0,1,0,58.233443753536775
2026-03-23,0,9,0,0,0,60.86617979447421
2026-03-23,0,10,0,0,0,50.986100652898514
2026-03-23,0,11,0,0,0,37.521387219945105
2026-03-23,0,12,0,0,1,40.23664698260061
2026-03-23,0,13,0,0,0,31.129733918248984
2026-03-23,0,14,0,0,0,24.21114284321427
2026-03-23,0,15,0,0,0,32.38961838748584
2026-03-23,0,16,0,1,0,57.60310933547938
2026-03-23,0,17,0,1,0,74.7399391815
2026-03-23,0,18,0,1,0,75.90202695827699
2026-03-23,0,19,0,0,0,59.213265883456906
2026-03-23,0,20,0,0,0,50.007250704153165
2026-03-23,0,21,0,1,0,43.20612190623282
2026-03-23,0,22,0,0,0,33.14027827420662
2026-03-23,0,23,0,0,0,28.116631493287134
2026-03-23,1,0,0,0,0,15.332285699884718
2026-03-23,1,1,0,0,0,16.6504585432641
2026-03-23,1,2,0,0,0,5.7156418163191445
2026-03-23,1,3,0,0,1,23.114702387092738
2026-03-23,1,4,0,1,0,15.72060494119869
2026-03-23,1,5,0,0,0,13.614583957373913
2026-03-23,1,6,0,0,0,27.112175797036087
2026-03-23,1,7,0,0,0,40.65286133438616
2026-03-23,1,8,0,0,0,52.57860665286071
2026-03-23,1,9,0,0,0,62.88047974393395
2026-03-23,1,10,0,1,0,58.21921839263596
2026-03-23,1,11,0,0,0,34.949066011199676
2026-03-23,1,12,0,0,0,25.87774395423973
2026-03-23,1,13,0,0,0,29.482830442281912
2026-03-23,1,14,0,0,0,22.998389835656937
2026-03-23,1,15,0,1,0,46.05418535237163
2026-03-23,1,16,0,0,0,44.99624511306526
2026-03-23,1,17,0,0,0,60.52670629094863
2026-03-23,1,18,0,1,0,80.53562314114359
2026-03-23,1,19,0,0,0,64.79356394931197
2026-03-23,1,20,0,0,0,45.365347998542404
2026-03-23,1,21,0,0,0,38.57547912218089
2026-03-23,1,22,0,0,0,27.490457022049835
2026-03-23,1,23,0,0,0,28.436064939826743
2026-03-23,2,0,0,0,0,9.590104078297522
2026-03-23,2,1,0,0,0,4.242272782495403
2026-03-23,2,2,0,0,0,11.12003810912394
2026-03-23,2,3,0,0,0,6.841685864129518
2026-03-23,2,4,0,1,1,25.708207932866028
2026-03-23,2,5,0,0,0,6.562487350548866
2026-03-23,2,6,0,0,0,30.75874904056591
2026-03-23,2,7,0,0,0,28.727139741135446
2026-03-23,2,8,0,0,1,59.33627270577565
2026-03-23,2,9,0,0,0,65.16879431871665
2026-03-23,2,10,0,0,0,46.156413284782865
2026-03-23,2,11,0,0,0,35.87396687164439
2026-03-23,2,12,0,0,0,26.999143062508026
2026-03-23,2,13,0,1,0,30.33455135599272
2026-03-23,2,14,0,0,0,22.569301466834727
2026-03-23,2,15,0,1,0,42.700031080358315
2026-03-23,2,16,0,1,0,57.699514914245725
2026-03-23,2,17,0,0,0,53.469277334603994
2026-03-23,2,18,0,0,0,65.93883851103634
2026-03-23,2,19,0,1,0,71.52358307289958
2026-03-23,2,20,0,0,0,41.43504156278685
2026-03-23,2,21,0,0,0,32.64485927503829
2026-03-23,2,22,0,0,0,19.114307439490602
2026-03-23,2,23,0,0,0,20.401357711065373
2026-03-23,3,0,0,0,0,12.406993652252249
2026-03-23,3,1,0,1,0,18.851799037739234
2026-03-23,3,2,0,0,1,20.208602975541055
2026-03-23,3,3,0,0,0,8.746183762674708
2026-03-23,3,4,0,0,0,12.629639801201153
2026-03-23,3,5,0,0,0,15.165530926328223
2026-03-23,3,6,0,0,0,32.0497928082375
2026-03-23,3,7,0,0,0,37.81755913330129
2026-03-23,3,8,0,1,0,71.85706633091783
2026-03-23,3,9,0,0,0,64.24198976835795
2026-03-23,3,10,0,1,0,67.11039382078474
2026-03-23,3,11,0,0,1,51.04411356139602
2026-03-23,3,12,0,0,0,30.095087414278144
2026-03-23,3,13,0,0,0,26.509526249025935
2026-03-23,3,14,0,0,0,39.0944440399295
2026-03-23,3,15,0,0,0,36.95601166799626
2026-03-23,3,16,0,0,0,47.48738460524402
2026-03-23,3,17,0,0,0,57.7038274433573
2026-03-23,3,18,0,0,0,77.50799712585538
2026-03-23,3,19,0,0,0,61.665297587072175
2026-03-23,3,20,0,0,0,45.814625259120426
2026-03-23,3,21,0,0,0,33.36331707433699
2026-03-23,3,22,0,0,0,28.5558935409671
2026-03-23,3,23,0,0,0,20.907689747186158
2026-03-23,4,0,0,0,1,12.231671001410168
2026-03-23,4,1,0,0,0,0.6082298694038029
2026-03-23,4,2,0,0,1,16.4231074856346
2026-03-23,4,3,0,1,0,19.027407702918616
2026-03-23,4,4,0,0,0,3.977904605456074
2026-03-23,4,5,0,0,0,13.425719885919818
2026-03-23,4,6,0,0,0,15.653613794014742
2026-03-23,4,7,0,0,0,34.23107487144186
2026-03-23,4,8,0,0,0,50.70243448737925
2026-03-23,4,9,0,0,0,52.74897801711069
2026-03-23,4,10,0,0,0,51.28621956939372
2026-03-23,4,11,0,0,0,33.42885176942794
2026-03-23,4,12,0,0,0,20.993803855458104
2026-03-23,4,13,0,1,0,37.09775835106088
2026-03-23,4,14,0,0,0,25.90864508384067
2026-03-23,4,15,0,0,0,30.425223970059307
2026-03-23,4,16,0,0,0,38.993048479028715
2026-03-23,4,17,0,0,0,51.186298050900916
2026-03-23,4,18,0,0,0,63.92607973257792
2026-03-23,4,19,0,0,0,56.40181861728077
2026-03-23,4,20,0,0,0,38.0678925582564
2026-03-23,4,21,0,0,0,25.320213043107778
2026-03-23,4,22,0,1,0,33.9978935342404
2026-03-23,4,23,0,0,0,19.42883474518813
2026-03-23,5,0,0,0,0,3.960256124779037
2026-03-23,5,1,0,0,1,6.489719104514778
2026-03-23,5,2,0,0,0,6.192216781637302
2026-03-23,5,3,0,0,0,2.840953862839648
2026-03-23,5,4,0,0,1,11.085447037840988
2026-03-23,5,5,0,0,0,6.604365317212546
2026-03-23,5,6,0,0,0,23.690538480265104
2026-03-23,5,7,0,0,0,27.777664841376772
2026-03-23,5,8,0,0,0,43.77259800314106
2026-03-23,5,9,0,0,0,51.277410076919665
2026-03-23,5,10,0,0,0,42.56794096967804
2026-03-23,5,11,0,0,0,27.11528382998703
2026-03-23,5,12,0,1,0,32.24371133101365
2026-03-23,5,13,0,0,0,15.379669468578134
2026-03-23,5,14,0,1,0,36.313173445615874
2026-03-23,5,15,0,1,0,39.930541768885774
2026-03-23,5,16,0,0,0,30.12216718283722
2026-03-23,5,17,0,0,0,48.23634916718892
2026-03-23,5,18,0,0,0,63.12248487538803
2026-03-23,5,19,0,1,0,54.36831520605809
2026-03-23,5,20,0,0,0,35.47482657881466
2026-03-23,5,21,0,0,0,22.448368606562013
2026-03-23,5,22,0,0,0,20.527121516863954
2026-03-23,5,23,0,0,0,17.796853953730484
2026-03-24,0,0,0,0,0,15.821110680642816
2026-03-24,0,1,0,0,0,16.03873720405174
2026-03-24,0,2,0,0,0,10.47103729829723
2026-03-24,0,3,0,0,0,19.40326519782977
2026-03-24,0,4,0,0,0,12.12613362103413
2026-03-24,0,5,0,0,0,14.651163748968322
2026-03-24,0,6,0,1,0,45.32113964574661
2026-03-24,0,7,0,0,0,36.51381875310646
2026-03-24,0,8,0,0,0,58.551068245626944
2026-03-24,0,9,0,0,0,57.471754115884984
2026-03-24,0,10,0,0,0,57.190739328174296
2026-03-24,0,11,0,1,0,49.00279470957976
2026-03-24,0,12,0,0,0,30.337786665392727
2026-03-24,0,13,0,0,0,22.842589156220257
2026-03-24,0,14,0,0,0,27.204999617553188
2026-03-24,0,15,0,0,0,37.279034412866345
2026-03-24,0,16,0,1,0,62.414677623416196
2026-03-24,0,17,0,0,0,63.083253921284886
2026-03-24,0,18,0,0,0,72.29915080392166
2026-03-24,0,19,0,0,0,71.85150355047523
2026-03-24,0,20,0,1,0,57.840340171372475
2026-03-24,0,21,0,0,0,35.71476400923002
2026-03-24,0,22,0,0,0,32.788687821851006
2026-03-24,0,23,0,0,0,31.084308631369225
2026-03-24,1,0,0,0,0,19.324203110362706
2026-03-24,1,1,0,1,0,18.74936864336904
2026-03-24,1,2,0,1,0,17.10390833961843
2026-03-24,1,3,0,1,0,23.376392756861087
2026-03-24,1,4,0,0,0,11.363698521886525
2026-03-24,1,5,0,0,0,13.990547295740118
2026-03-24,1,6,0,0,0,23.782545692655766
2026-03-24,1,7,0,0,0,40.90021593797153
2026-03-24,1,8,0,0,0,56.60646227989753
2026-03-24,1,9,0,0,0,61.45803055120644
2026-03-24,1,10,0,0,0,50.01536356267177
2026-03-24,1,11,0,0,0,40.447925957402816
2026-03-24,1,12,0,0,0,26.472961073186404
2026-03-24,1,13,0,0,0,22.502720519700553
2026-03-24,1,14,0,0,0,30.93176969462762
2026-03-24,1,15,0,1,0,38.38799170711199
2026-03-24,1,16,0,0,0,47.14721917031226
2026-03-24,1,17,0,0,0,56.48874035223709
2026-03-24,1,18,0,0,0,68.17937097991245
2026-03-24,1,19,0,0,0,68.95007359705502
2026-03-24,1,20,0,0,0,43.215432973440564
2026-03-24,1,21,0,0,0,30.025250659934272
2026-03-24,1,22,0,0,0,26.724828603743475
2026-03-24,1,23,0,0,0,27.378231568741526
2026-03-24,2,0,0,0,0,8.989374382461278
2026-03-24,2,1,0,0,0,5.621938427095592
2026-03-24,2,2,0,0,0,15.166272458664007
2026-03-24,2,3,0,0,1,13.078083869923615
2026-03-24,2,4,0,0,0,7.908671528509922
2026-03-24,2,5,0,0,0,6.647347736912736
2026-03-24,2,6,0,0,0,23.16599644691681
2026-03-24,2,7,0,0,0,30.287969764691766
2026-03-24,2,8,0,0,0,46.74564159084691
2026-03-24,2,9,0,0,0,56.70492659189326
2026-03-24,2,10,0,0,0,57.49988602938298
2026-03-24,2,11,0,0,0,34.41371621213569
2026-03-24,2,12,0,0,0,16.308558471881366
2026-03-24,2,13,0,0,1,35.777433150037126
2026-03-24,2,14,0,0,0,23.044525689508266
2026-03-24,2,15,0,1,0,40.48735907811413
2026-03-24,2,16,0,0,0,47.08738060375959
2026-03-24,2,17,0,0,0,59.72955381083598
2026-03-24,2,18,0,0,0,63.470760536592266
2026-03-24,2,19,0,0,0,57.036281445275016
2026-03-24,2,20,0,0,0,49.13010999950474
2026-03-24,2,21,0,0,0,29.91331935242759
2026-03-24,2,22,0,0,0,21.920057987818236
2026-03-24,2,23,0,0,0,25.775916446325873
2026-03-24,3,0,0,0,0,14.419161127675846
2026-03-24,3,1,0,0,0,11.624887029873252
2026-03-24,3,2,0,0,0,3.2928916988960033
2026-03-24,3,3,0,0,0,7.92630278806
2026-03-24,3,4,0,0,0,14.152439784494582
2026-03-24,3,5,0,0,0,20.033851207555507
2026-03-24,3,6,0,0,0,19.667006400689118
2026-03-24,3,7,0,0,0,35.5242369167986
2026-03-24,3,8,0,0,0,47.72324709805064
2026-03-24,3,9,0,0,0,66.08221126626349
2026-03-24,3,10,0,0,0,47.93738197363272
2026-03-24,3,11,0,0,0,37.317837154516816
2026-03-24,3,12,0,0,0,24.399916738402347
2026-03-24,3,13,0,0,0,25.233842182388532
2026-03-24,3,14,0,1,0,35.48902562789689
2026-03-24,3,15,0,0,0,35.69379421601904
2026-03-24,3,16,0,0,0,45.08252902653242
2026-03-24,3,17,0,0,0,54.03523287068238
2026-03-24,3,18,0,0,1,74.6504204170329
2026-03-24,3,19,0,0,0,60.92999034185435
2026-03-24,3,20,0,0,0,47.35975090940896
2026-03-24,3,21,0,0,0,31.971060072593513
2026-03-24,3,22,0,0,0,30.52423264830324
2026-03-24,3,23,0,0,0,25.856958035564332
2026-03-24,4,0,0,0,0,14.984111846955312
2026-03-24,4,1,0,1,0,11.442321054815462
2026-03-24,4,2,0,0,0,6.78342606873243
2026-03-24,4,3,0,0,0,2.2964663572210657
2026-03-24,4,4,0,0,0,2.3398686345887048
2026-03-24,4,5,0,0,0,9.590428891545379
2026-03-24,4,6,0,0,1,26.525397047346306
2026-03-24,4,7,0,1,0,40.087672442336064
2026-03-24,4,8,0,0,0,52.074753822841515
2026-03-24,4,9,0,0,0,57.685276012456455
2026-03-24,4,10,0,0,0,43.06336013944376
2026-03-24,4,11,0,0,0,27.715975717754237
2026-03-24,4,12,0,0,0,30.44566444736261
2026-03-24,4,13,0,0,0,16.55763654916257
2026-03-24,4,14,0,1,0,30.347059049791177
2026-03-24,4,15,0,1,0,33.63647198065292
2026-03-24,4,16,0,0,0,42.85797912365417
2026-03-24,4,17,0,1,0,58.69340423684019
2026-03-24,4,18,0,0,0,57.51188074175629
2026-03-24,4,19,0,0,0,52.43039311386404
2026-03-24,4,20,0,0,0,39.915892378700306
2026-03-24,4,21,0,0,0,27.435429650634024
2026-03-24,4,22,0,0,0,15.897549085527078
2026-03-24,4,23,0,0,0,18.39239587660314
2026-03-24,5,0,0,0,0,4.817976425446139
2026-03-24,5,1,0,0,0,0.0
2026-03-24,5,2,0,0,0,1.7926043441377433
2026-03-24,5,3,0,0,0,0.0
2026-03-24,5,4,0,0,0,6.364611466369921
2026-03-24,5,5,0,0,0,3.422706855466216
2026-03-24,5,6,0,0,0,16.661889320337284
2026-03-24,5,7,0,0,0,30.59898033420265
2026-03-24,5,8,0,0,0,39.70533768349311
2026-03-24,5,9,0,0,0,50.904934953804315
2026-03-24,5,10,0,1,0,45.734455380035016
2026-03-24,5,11,0,0,0,31.989704558293017
2026-03-24,5,12,0,0,0,18.38986534394239
2026-03-24,5,13,0,0,0,21.843106072030032
2026-03-24,5,14,0,0,0,13.438511266512638
2026-03-24,5,15,0,0,0,28.40971338326549
2026-03-24,5,16,0,0,1,51.837573423517625
2026-03-24,5,17,0,0,0,52.4900309689673
2026-03-24,5,18,0,0,0,54.665644945644146
2026-03-24,5,19,0,0,0,54.18971816383529
2026-03-24,5,20,0,1,0,50.86033014863227
2026-03-24,5,21,0,0,0,28.482332034250764
2026-03-24,5,22,0,0,0,17.42163587685397
2026-03-24,5,23,0,0,0,21.59168432515613
2026-03-25,0,0,0,0,1,21.48338037535553
2026-03-25,0,1,0,0,0,15.58238090335285
2026-03-25,0,2,0,0,0,8.205493326892029
2026-03-25,0,3,0,0,0,14.221039375188472
2026-03-25,0,4,0,0,0,14.44125278265419
2026-03-25,0,5,0,0,0,15.634990221771183
2026-03-25,0,6,0,0,0,30.749276276897014
2026-03-25,0,7,0,0,0,44.50316390174945
2026-03-25,0,8,0,0,0,56.6403893539138
2026-03-25,0,9,0,1,0,75.80847577644283
2026-03-25,0,10,0,0,0,59.487954814179936
2026-03-25,0,11,0,0,0,40.13669664113925
2026-03-25,0,12,0,1,0,39.44772101898438
2026-03-25,0,13,0,0,0,21.921143850712728
2026-03-25,0,14,0,0,0,33.47424108669409
2026-03-25,0,15,0,0,0,33.063893151664665
2026-03-25,0,16,0,0,0,44.28972858960707
2026-03-25,0,17,0,0,0,63.141900923746135
2026-03-25,0,18,0,0,0,66.9535020956032
2026-03-25,0,19,0,0,0,57.30698294819356
2026-03-25,0,20,0,1,0,58.065496887598975
2026-03-25,0,21,0,0,0,37.114906185389344
2026-03-25,0,22,0,1,0,38.665013275508116
2026-03-25,0,23,0,0,0,21.123271604385664
2026-03-25,1,0,0,0,0,6.174982367068142
2026-03-25,1,1,0,0,0,3.4606346328324893
2026-03-25,1,2,0,1,1,27.523009773505773
2026-03-25,1,3,0,0,0,11.1832556779239
2026-03-25,1,4,0,0,0,9.920118446171056
2026-03-25,1,5,0,0,1,20.1992537079414
2026-03-25,1,6,0,0,0,24.91468069090924
2026-03-25,1,7,0,0,0,45.57396613101636
2026-03-25,1,8,0,0,0,54.9077746230442
2026-03-25,1,9,0,0,0,55.985730600266095
2026-03-25,1,10,0,0,0,54.9743749326296
2026-03-25,1,11,0,0,0,35.485969929735376
2026-03-25,1,12,0,0,0,33.09731191277713
2026-03-25,1,13,0,1,0,36.597753267150175
2026-03-25,1,14,0,0,0,31.303073339394864
2026-03-25,1,15,0,0,0,26.205532312997224
2026-03-25,1,16,0,1,0,62.53682458268901
2026-03-25,1,17,0,0,0,56.55180336906443
2026-03-25,1,18,0,0,0,65.60076938216423
2026-03-25,1,19,0,0,0,62.91222513065413
2026-03-25,1,20,0,0,0,44.711799575806694
2026-03-25,1,21,0,0,1,42.15897588835013
2026-03-25,1,22,0,0,0,27.657677693125326
2026-03-25,1,23,0,0,0,21.658472148403003
2026-03-25,2,0,0,0,0,9.132521169923454
2026-03-25,2,1,0,0,0,7.118769654601952
2026-03-25,2,2,0,0,0,13.956318634643683
2026-03-25,2,3,0,0,0,12.161519624507035
2026-03-25,2,4,0,0,0,9.265802572392085
2026-03-25,2,5,0,0,0,10.534080577973828
2026-03-25,2,6,0,1,1,44.198004572417766
2026-03-25,2,7,0,1,0,50.81959107139948
2026-03-25,2,8,0,0,0,49.9426730689515
2026-03-25,2,9,0,0,0,58.7984730376624
2026-03-25,2,10,0,0,0,51.88119869472443
2026-03-25,2,11,0,0,0,40.25485481325691
2026-03-25,2,12,0,0,0,22.930498763800692
2026-03-25,2,13,0,0,0,27.233369801553152
2026-03-25,2,14,0,0,0,28.612741405076402
2026-03-25,2,15,0,1,0,34.72413714929246
2026-03-25,2,16,0,1,1,63.51310590753394
2026-03-25,2,17,0,0,0,54.339747440919695
2026-03-25,2,18,0,0,0,60.37917260015517
2026-03-25,2,19,0,0,0,60.75728477307959
2026-03-25,2,20,0,0,0,43.068562068314414
2026-03-25,2,21,0,0,0,32.71955117927854
2026-03-25,2,22,0,0,0,25.66400667852865
2026-03-25,2,23,0,0,0,18.885488972192253
2026-03-25,3,0,0,0,0,11.926574204632077
2026-03-25,3,1,0,0,0,10.255845978334916
2026-03-25,3,2,0,0,0,12.459747870780367
2026-03-25,3,3,0,0,0,17.83269680738466
2026-03-25,3,4,0,0,0,16.523147133448155
2026-03-25,3,5,0,1,0,26.917611558142124
2026-03-25,3,6,0,0,0,28.727354485667764
2026-03-25,3,7,0,0,0,28.452344347175746
2026-03-25,3,8,0,0,0,55.03662302867696
2026-03-25,3,9,0,0,0,59.178028260954136
2026-03-25,3,10,0,0,0,61.834859064484924
2026-03-25,3,11,0,0,0,36.927757680062065
2026-03-25,3,12,0,0,0,24.52101147579481
2026-03-25,3,13,0,1,0,36.59479965945735
2026-03-25,3,14,0,0,0,33.998062170069645
2026-03-25,3,15,0,0,0,32.875072374963224
2026-03-25,3,16,0,0,0,42.88655526246901
2026-03-25,3,17,0,0,0,58.78483456874749
2026-03-25,3,18,0,0,0,71.26788795295668
2026-03-25,3,19,0,0,0,51.48325024165928
2026-03-25,3,20,0,0,0,45.62629441315805
2026-03-25,3,21,0,0,0,30.729972858377756
2026-03-25,3,22,0,0,0,27.886594718228867
2026-03-25,3,23,0,0,0,18.93580678531241
2026-03-25,4,0,0,0,1,13.00697628608979
2026-03-25,4,1,0,0,0,4.490604343968535
2026-03-25,4,2,0,0,0,0.970725762283525
2026-03-25,4,3,0,1,0,15.978373095066798
2026-03-25,4,4,0,0,0,6.0323497104109425
2026-03-25,4,5,0,0,0,9.39603612350148
2026-03-25,4,6,0,0,0,16.573814113510497
2026-03-25,4,7,0,0,1,39.14401356998658
2026-03-25,4,8,0,0,0,50.38366931550361
2026-03-25,4,9,0,0,0,56.02665429089844
2026-03-25,4,10,0,0,0,45.50961885044613
2026-03-25,4,11,0,0,0,29.9171258480815
2026-03-25,4,12,0,0,0,27.28974717377148
2026-03-25,4,13,0,0,0,24.659461411429675
2026-03-25,4,14,0,0,0,23.34051343881947
2026-03-25,4,15,0,0,0,26.440325797458197
2026-03-25,4,16,0,0,0,33.226643737327244
2026-03-25,4,17,0,1,0,65.64286424232347
2026-03-25,4,18,0,0,0,61.09910875820976
2026-03-25,4,19,0,0,0,45.346824818909326
2026-03-25,4,20,0,0,0,40.41646096557184
2026-03-25,4,21,0,0,0,21.999906951551345
2026-03-25,4,22,0,0,0,22.935069121162737
2026-03-25,4,23,0,0,0,18.569749487404348
2026-03-25,5,0,0,0,0,0.3732445785528753
2026-03-25,5,1,0,0,0,0.0
2026-03-25,5,2,0,1,0,16.27926550539364
2026-03-25,5,3,0,0,0,0.0
2026-03-25,5,4,0,0,0,5.11228310362587
2026-03-25,5,5,0,1,0,15.247103038642958
2026-03-25,5,6,0,0,1,22.78832029900255
2026-03-25,5,7,0,1,0,35.01291257854135
2026-03-25,5,8,0,0,0,38.48618456517236
2026-03-25,5,9,0,1,0,57.133072133656604
2026-03-25,5,10,0,0,0,45.13559336411166
2026-03-25,5,11,0,0,0,36.05013315490426
2026-03-25,5,12,0,0,0,24.241426201655315
2026-03-25,5,13,0,1,0,20.725553171689175
2026-03-25,5,14,0,0,0,16.035752714107524
2026-03-25,5,15,0,0,0,27.80860176072816
2026-03-25,5,16,0,0,0,34.94297959719532
2026-03-25,5,17,0,0,0,47.701873842692464
2026-03-25,5,18,0,0,0,56.4413874941791
2026-03-25,5,19,0,0,0,48.88719190098194
2026-03-25,5,20,0,0,0,39.96076262356346
2026-03-25,5,21,0,0,0,27.850052715559595
2026-03-25,5,22,0,0,0,22.326120335050184
2026-03-25,5,23,0,0,0,11.76520195915835
2026-03-26,0,0,0,1,1,36.21975140865162
2026-03-26,0,1,0,0,0,10.308050653753064
2026-03-26,0,2,0,0,0,14.395813963569054
2026-03-26,0,3,0,0,0,11.109762195027944
2026-03-26,0,4,0,0,0,3.7246839134819183
2026-03-26,0,5,0,0,0,18.893405404797306
2026-03-26,0,6,0,0,0,31.13317185518387
2026-03-26,0,7,0,0,0,41.659940641231415
2026-03-26,0,8,0,1,0,63.1171417185801
2026-03-26,0,9,0,1,0,76.2836476987734
2026-03-26,0,10,0,1,0,61.30709419393313
2026-03-26,0,11,0,0,0,45.624591591557135
2026-03-26,0,12,0,1,0,40.097291519650625
2026-03-26,0,13,0,0,0,27.19274561029495
2026-03-26,0,14,0,0,0,27.94158811032546
2026-03-26,0,15,0,1,0,48.24943203666915
2026-03-26,0,16,0,0,0,49.16917977958639
2026-03-26,0,17,0,0,0,64.21129058172494
2026-03-26,0,18,0,0,0,74.76492714953794
2026-03-26,0,19,0,0,0,56.34208936542511
2026-03-26,0,20,0,0,0,48.386081785215616
2026-03-26,0,21,0,0,0,33.871865740175494
2026-03-26,0,22,0,1,0,45.72503519521891
2026-03-26,0,23,0,0,0,23.192633065261138
2026-03-26,1,0,0,0,0,16.59374289988554
2026-03-26,1,1,0,1,0,23.382473857922285
2026-03-26,1,2,0,0,0,18.30959291290779
2026-03-26,1,3,0,0,0,9.019430617634004
2026-03-26,1,4,0,0,0,12.01563912459121
2026-03-26,1,5,0,0,0,17.76315123216217
2026-03-26,1,6,0,0,0,28.904006318579043
2026-03-26,1,7,0,0,0,39.92922146074106
2026-03-26,1,8,0,1,0,66.43708889280538
2026-03-26,1,9,0,0,0,62.73873035144873
2026-03-26,1,10,0,0,0,48.243599033659834
2026-03-26,1,11,0,1,0,49.90968743386088
2026-03-26,1,12,0,0,0,25.32200575393487
2026-03-26,1,13,0,0,0,25.00418332342119
2026-03-26,1,14,0,0,0,29.630023193052782
2026-03-26,1,15,0,0,0,39.09037048223004
2026-03-26,1,16,0,0,0,52.44525928232856
2026-03-26,1,17,0,0,0,56.75153826291166
2026-03-26,1,18,0,0,0,69.74407491558055
2026-03-26,1,19,0,0,1,63.137639397444346
2026-03-26,1,20,0,0,0,49.112230168240984
2026-03-26,1,21,0,0,0,35.5001922892932
2026-03-26,1,22,0,0,0,28.546326470380723
2026-03-26,1,23,0,0,0,24.16984564018794
2026-03-26,2,0,0,0,0,14.577443097809404
2026-03-26,2,1,0,0,0,5.176137368548126
2026-03-26,2,2,0,0,0,11.368064785629938
2026-03-26,2,3,0,0,0,14.822759907436676
2026-03-26,2,4,0,0,0,10.722449066032482
2026-03-26,2,5,0,1,0,26.867912369267287
2026-03-26,2,6,0,0,0,25.384854234328625
2026-03-26,2,7,0,0,0,40.42983179943168
2026-03-26,2,8,0,0,0,44.31024242923619
2026-03-26,2,9,0,0,0,55.43301334489204
2026-03-26,2,10,0,1,0,49.58525725242458
2026-03-26,2,11,0,0,0,34.61633400268781
2026-03-26,2,12,0,1,0,30.084008804613354
2026-03-26,2,13,0,0,0,27.705738283912805
2026-03-26,2,14,0,0,0,28.52447844929158
2026-03-26,2,15,0,0,0,33.08217934334803
2026-03-26,2,16,0,0,0,49.23456511692448
2026-03-26,2,17,0,0,0,57.62188994864189
2026-03-26,2,18,0,0,0,59.198498019052536
2026-03-26,2,19,0,0,0,61.92592332906293
2026-03-26,2,20,0,1,0,55.175967371698306
2026-03-26,2,21,0,0,0,32.59210004077681
2026-03-26,2,22,0,0,0,27.35595297467222
2026-03-26,2,23,0,0,0,16.02422700039085
2026-03-26,3,0,0,0,0,12.830742876133103
2026-03-26,3,1,0,0,0,21.329127102405295
2026-03-26,3,2,0,0,0,10.501511682704844
2026-03-26,3,3,0,0,0,10.024945731753252
2026-03-26,3,4,0,0,0,10.205189431373704
2026-03-26,3,5,0,0,0,4.978077244615766
2026-03-26,3,6,0,1,0,44.520090154525334
2026-03-26,3,7,0,0,0,41.44965563226688
2026-03-26,3,8,0,0,0,56.55012684010792
2026-03-26,3,9,0,1,0,69.4153477026163
2026-03-26,3,10,0,0,0,46.85304983930147
2026-03-26,3,11,0,0,0,36.43791420481523
2026-03-26,3,12,0,0,0,32.94708139309178
2026-03-26,3,13,0,0,0,28.64636434862148
2026-03-26,3,14,0,0,0,25.89508550599043
2026-03-26,3,15,0,0,0,37.625728830225896
2026-03-26,3,16,0,0,0,45.99353244569854
2026-03-26,3,17,0,0,0,59.41408530496457
2026-03-26,3,18,0,0,0,70.34771745321434
2026-03-26,3,19,0,1,0,72.75161488562077
2026-03-26,3,20,0,0,0,48.75453753889056
2026-03-26,3,21,0,0,0,34.39905933928414
2026-03-26,3,22,0,0,0,32.094549033878
2026-03-26,3,23,0,0,0,28.262899859394693
2026-03-26,4,0,0,0,0,3.099699096783537
2026-03-26,4,1,0,0,0,4.407496719347602
2026-03-26,4,2,0,0,0,12.479089717112725
2026-03-26,4,3,0,0,0,1.2650346805340318
2026-03-26,4,4,0,0,0,0.9751321070199381
2026-03-26,4,5,0,0,0,2.28472822901839
2026-03-26,4,6,0,0,1,28.098878116824014
2026-03-26,4,7,0,0,0,33.36956204037619
2026-03-26,4,8,0,0,1,54.160327025005955
2026-03-26,4,9,0,1,0,60.69902301568846
2026-03-26,4,10,0,0,0,47.85193169255496
2026-03-26,4,11,0,0,0,28.860226189854977
2026-03-26,4,12,0,0,0,24.38642511738061
2026-03-26,4,13,0,0,0,21.130333532094454
2026-03-26,4,14,0,0,0,25.44092510608127
2026-03-26,4,15,0,0,0,31.81371565905338
2026-03-26,4,16,0,0,0,44.60127742136954
2026-03-26,4,17,0,0,0,52.500601758813524
2026-03-26,4,18,0,0,0,60.79559813197001
2026-03-26,4,19,0,0,0,58.69698123696514
2026-03-26,4,20,0,1,0,50.67854715702292
2026-03-26,4,21,0,1,0,47.560453548439675
2026-03-26,4,22,0,0,0,21.783067796930776
2026-03-26,4,23,0,0,0,23.703925481395427
2026-03-26,5,0,0,0,0,1.083400535768292
2026-03-26,5,1,0,0,0,2.0304010097914555
2026-03-26,5,2,0,0,0,7.818311046024036
2026-03-26,5,3,0,1,0,8.74509670295803
2026-03-26,5,4,0,1,0,14.563057533992017
2026-03-26,5,5,0,1,0,5.398265810239291
2026-03-26,5,6,0,0,0,19.88535944939795
2026-03-26,5,7,0,0,0,26.72571470886869
2026-03-26,5,8,0,0,0,37.949004602088905
2026-03-26,5,9,0,0,1,65.02747160627479
2026-03-26,5,10,0,0,0,44.446914545082734
2026-03-26,5,11,0,0,0,24.26259924503671
2026-03-26,5,12,0,0,0,19.134816476744483
2026-03-26,5,13,0,0,0,6.1464055091037615
2026-03-26,5,14,0,0,0,14.594781883776875
2026-03-26,5,15,0,0,0,31.422188504768712
2026-03-26,5,16,0,0,0,29.270131242000012
2026-03-26,5,17,0,0,0,52.58816627374864
2026-03-26,5,18,0,0,0,57.43003527523399
2026-03-26,5,19,0,0,0,52.55486097980738
2026-03-26,5,20,0,0,0,36.49837254537098
2026-03-26,5,21,0,0,0,15.385269612267
2026-03-26,5,22,0,1,0,30.820313453638295
2026-03-26,5,23,0,0,0,12.836520401429361
2026-03-27,0,0,0,0,0,18.919527442749317
2026-03-27,0,1,0,0,0,19.893486219670166
2026-03-27,0,2,0,0,0,14.520531607528502
2026-03-27,0,3,0,0,0,22.777021051452547
2026-03-27,0,4,0,0,1,15.173082376256101
2026-03-27,0,5,0,0,0,16.532164805117546
2026-03-27,0,6,0,0,1,40.59621906123498
2026-03-27,0,7,0,0,0,38.047029378287995
2026-03-27,0,8,0,0,0,55.996233119651734
2026-03-27,0,9,0,0,0,65.10029582649373
2026-03-27,0,10,0,0,0,51.85926087813876
2026-03-27,0,11,0,0,0,45.63818265241567
2026-03-27,0,12,0,0,0,29.75880641286884
2026-03-27,0,13,0,1,0,49.02314686207521
2026-03-27,0,14,0,0,0,34.35330267101419
2026-03-27,0,15,0,0,0,37.6550308258525
2026-03-27,0,16,0,0,0,45.87694691721989
2026-03-27,0,17,0,0,0,62.524090909647036
2026-03-27,0,18,0,0,0,68.77889150046477
2026-03-27,0,19,0,0,0,58.000354138321114
2026-03-27,0,20,0,0,0,44.06426221850203
2026-03-27,0,21,0,0,0,43.10761690261576
2026-03-27,0,22,0,1,0,43.91458384756349
2026-03-27,0,23,0,0,0,27.496840678661172
2026-03-27,1,0,0,0,0,9.976601308964666
2026-03-27,1,1,0,0,0,11.79771417268175
2026-03-27,1,2,0,0,0,11.921797865408625
2026-03-27,1,3,0,0,0,15.93477609478683
2026-03-27,1,4,0,1,1,29.023980371483265
2026-03-27,1,5,0,0,0,11.870943523543271
2026-03-27,1,6,0,0,0,27.74587459944142
2026-03-27,1,7,0,0,0,34.071594987507886
2026-03-27,1,8,0,0,0,59.796238667873006
2026-03-27,1,9,0,0,0,64.0838933108171
2026-03-27,1,10,0,0,0,50.989682094774835
2026-03-27,1,11,0,0,0,43.508263165688795
2026-03-27,1,12,0,0,0,27.62446544392953
2026-03-27,1,13,0,0,0,20.257174229933426
2026-03-27,1,14,0,0,1,37.47009020231872
2026-03-27,1,15,0,0,0,31.191329677831895
2026-03-27,1,16,0,0,0,38.91142658662956
2026-03-27,1,17,0,0,1,73.5958249244096
2026-03-27,1,18,0,1,0,81.88924529605039
2026-03-27,1,19,0,1,0,73.67935857422648
2026-03-27,1,20,0,0,0,42.2187010645001
2026-03-27,1,21,0,0,0,34.2921287403532
2026-03-27,1,22,0,0,0,24.05984880985119
2026-03-27,1,23,0,0,0,27.476715122882982
2026-03-27,2,0,0,0,0,13.151753860513612
2026-03-27,2,1,0,1,0,21.88364704315356
2026-03-27,2,2,0,0,0,12.629710063346568
2026-03-27,2,3,0,0,0,11.607430906057402
2026-03-27,2,4,0,0,0,7.562432006956353
2026-03-27,2,5,0,0,0,12.18615071599471
2026-03-27,2,6,0,1,0,37.927933000492466
2026-03-27,2,7,0,0,0,34.28837856829075
2026-03-27,2,8,0,0,0,48.733073740081
2026-03-27,2,9,0,1,0,63.80082367401083
2026-03-27,2,10,0,1,1,71.88597003483564
2026-03-27,2,11,0,1,0,38.936590882293864
2026-03-27,2,12,0,0,0,36.415615273814154
2026-03-27,2,13,0,0,0,23.98857637121492
2026-03-27,2,14,0,0,0,25.585919407257418
2026-03-27,2,15,0,0,0,36.76017854931508
2026-03-27,2,16,0,0,0,46.83210100363999
2026-03-27,2,17,0,0,0,60.01236306950149
2026-03-27,2,18,0,0,0,66.57171254692459
2026-03-27,2,19,0,0,0,55.63254325324759
2026-03-27,2,20,0,0,0,46.32882990383899
2026-03-27,2,21,0,0,0,29.661087801400203
2026-03-27,2,22,0,0,0,23.691198736826887
2026-03-27,2,23,0,0,0,21.67037870048803
2026-03-27,3,0,0,0,0,9.32457390014713
2026-03-27,3,1,0,0,0,14.022754810306143
2026-03-27,3,2,0,0,0,16.905547800689106
2026-03-27,3,3,0,0,0,9.807343170809844
2026-03-27,3,4,0,1,0,20.534106936356274
2026-03-27,3,5,0,0,0,11.240523805903559
2026-03-27,3,6,0,0,0,22.105431122007104
2026-03-27,3,7,0,0,0,44.101812009250054
2026-03-27,3,8,0,0,0,57.89386977935179
2026-03-27,3,9,0,0,0,61.401451023811084
2026-03-27,3,10,0,0,0,55.90416696642072
2026-03-27,3,11,0,0,0,41.269608900507386
2026-03-27,3,12,0,0,0,33.61064176428011
2026-03-27,3,13,0,0,0,25.333032792709265
2026-03-27,3,14,0,0,0,26.491652137443737
2026-03-27,3,15,0,0,0,30.28614774192907
2026-03-27,3,16,0,0,0,39.86296741198108
2026-03-27,3,17,0,0,0,59.86942069300061
2026-03-27,3,18,0,0,1,78.60417275234444
2026-03-27,3,19,0,0,0,65.51609555456646
2026-03-27,3,20,0,0,0,38.0075280788669
2026-03-27,3,21,0,0,1,42.84526369551904
2026-03-27,3,22,0,0,0,24.117582496013622
2026-03-27,3,23,0,1,0,33.24647857386977
2026-03-27,4,0,0,0,0,3.4871236691625924
2026-03-27,4,1,0,0,0,6.460331603892797
2026-03-27,4,2,0,1,0,17.86804985910694
2026-03-27,4,3,0,0,0,3.812412642150889
2026-03-27,4,4,0,1,0,11.002268680556494
2026-03-27,4,5,0,0,0,7.180935875251993
2026-03-27,4,6,0,1,0,40.21961605011634
2026-03-27,4,7,0,1,0,37.35917293757646
2026-03-27,4,8,0,0,0,45.27456080909684
2026-03-27,4,9,0,0,0,51.66237260843753
2026-03-27,4,10,0,0,0,48.620394040481465
2026-03-27,4,11,0,0,0,27.864598103569737
2026-03-27,4,12,0,0,0,26.18299175168389
2026-03-27,4,13,0,0,0,14.280522936686701
2026-03-27,4,14,0,0,0,21.09460134132205
2026-03-27,4,15,0,1,0,35.22884642714677
2026-03-27,4,16,0,0,0,39.521206770292174
2026-03-27,4,17,0,1,0,66.30967385047187
2026-03-27,4,18,0,0,0,63.94925346956052
2026-03-27,4,19,0,0,0,53.75922412719471
2026-03-27,4,20,0,0,0,40.39335595598036
2026-03-27,4,21,0,0,0,31.68872825462767
2026-03-27,4,22,0,0,0,26.470529410692848
2026-03-27,4,23,0,0,0,23.53980901462884
2026-03-27,5,0,0,0,0,0.0
2026-03-27,5,1,0,0,1,6.541385205157338
2026-03-27,5,2,0,0,0,4.031779101721147
2026-03-27,5,3,0,1,0,12.041733441172282
2026-03-27,5,4,0,0,0,0.0
2026-03-27,5,5,0,0,0,0.36764425323493066
2026-03-27,5,6,0,0,0,22.10971213877121
2026-03-27,5,7,0,0,0,25.03351219890426
2026-03-27,5,8,0,0,0,35.372092806669414
2026-03-27,5,9,0,0,0,56.97012327438199
2026-03-27,5,10,0,1,0,59.265639440961
2026-03-27,5,11,0,0,0,23.524350402251553
2026-03-27,5,12,0,0,0,16.65319848746251
2026-03-27,5,13,0,0,0,10.808832833012472
2026-03-27,5,14,0,0,0,29.144599309138428
2026-03-27,5,15,0,0,0,21.521840803079474
2026-03-27,5,16,0,0,0,38.72484816670277
2026-03-27,5,17,0,0,0,54.752843503325806
2026-03-27,5,18,0,0,0,59.66947186080543
2026-03-27,5,19,0,0,0,50.979212213062624
2026-03-27,5,20,0,0,0,37.978372324235245
2026-03-27,5,21,0,0,0,28.514988676522087
2026-03-27,5,22,0,0,0,16.08842105610364
2026-03-27,5,23,0,0,0,14.477972729399067
2026-03-28,0,0,1,0,0,19.092937071297953
2026-03-28,0,1,1,0,0,9.64991500912197
2026-03-28,0,2,1,0,0,9.547193838521531
2026-03-28,0,3,1,0,0,13.33788924859039
2026-03-28,0,4,1,0,0,20.83234499997564
2026-03-28,0,5,1,0,0,15.156469603760186
2026-03-28,0,6,1,0,0,27.391452153077587
2026-03-28,0,7,1,0,0,32.63936368281106
2026-03-28,0,8,1,1,0,54.44802103233354
2026-03-28,0,9,1,0,0,51.26947932997012
2026-03-28,0,10,1,0,0,44.95322799890604
2026-03-28,0,11,1,0,0,33.667886182066205
2026-03-28,0,12,1,1,0,44.89194455241745
2026-03-28,0,13,1,0,0,26.599141733691223
2026-03-28,0,14,1,1,0,42.354782435880125
2026-03-28,0,15,1,0,0,29.923208772937468
2026-03-28,0,16,1,0,0,35.88842332156955
2026-03-28,0,17,1,0,0,54.23457421449609
2026-03-28,0,18,1,0,0,56.90009061011916
2026-03-28,0,19,1,0,0,56.3635130270536
2026-03-28,0,20,1,0,0,41.157214954907026
2026-03-28,0,21,1,0,1,36.82355690690056
2026-03-28,0,22,1,0,1,38.858643643111066
2026-03-28,0,23,1,0,0,27.238737896766278
2026-03-28,1,0,1,0,0,6.594558610998802
2026-03-28,1,1,1,0,0,5.077776922195251
2026-03-28,1,2,1,0,0,14.929763265999112
2026-03-28,1,3,1,0,0,8.955382425408764
2026-03-28,1,4,1,0,0,9.624106103617526
2026-03-28,1,5,1,0,0,14.243020421395888
2026-03-28,1,6,1,0,0,20.855169962565917
2026-03-28,1,7,1,0,0,37.07614634178923
2026-03-28,1,8,1,0,0,43.21044867496749
2026-03-28,1,9,1,0,0,48.228633632257086
2026-03-28,1,10,1,0,0,44.31900212937383
2026-03-28,1,11,1,0,0,29.74219284230788
2026-03-28,1,12,1,0,0,20.927174195055386
2026-03-28,1,13,1,1,0,33.09617912609714
2026-03-28,1,14,1,0,0,28.655106888502047
2026-03-28,1,15,1,1,0,42.1055438779665
2026-03-28,1,16,1,1,0,50.76196377477806
2026-03-28,1,17,1,0,0,44.61582918322477
2026-03-28,1,18,1,0,0,48.66117935494249
2026-03-28,1,19,1,0,1,56.93718342523963
2026-03-28,1,20,1,0,0,33.82641977281204
2026-03-28,1,21,1,1,1,54.670886944880955
2026-03-28,1,22,1,0,0,30.476253734940727
2026-03-28,1,23,1,0,0,17.260435374221778
2026-03-28,2,0,1,0,0,8.331152474685162
2026-03-28,2,1,1,0,0,4.673760164856976
2026-03-28,2,2,1,0,0,17.0727282872496
2026-03-28,2,3,1,0,0,10.235137481649968
2026-03-28,2,4,1,0,0,18.27502869152529
2026-03-28,2,5,1,0,0,6.838195122402196
2026-03-28,2,6,1,0,0,20.55108818538456
2026-03-28,2,7,1,0,0,24.407773450603045
2026-03-28,2,8,1,1,0,49.45728506326807
2026-03-28,2,9,1,0,0,49.145016315115406
2026-03-28,2,10,1,0,0,42.41370466051813
2026-03-28,2,11,1,1,0,37.443790552948194
2026-03-28,2,12,1,0,0,21.35961447842418
2026-03-28,2,13,1,0,0,20.11328411464931
2026-03-28,2,14,1,0,1,25.14880439026433
2026-03-28,2,15,1,1,0,41.292333508109806
2026-03-28,2,16,1,1,0,53.81599435525429
2026-03-28,2,17,1,0,0,45.89822646345233
2026-03-28,2,18,1,0,0,48.88930068471002
2026-03-28,2,19,1,1,0,55.264576823421926
2026-03-28,2,20,1,0,0,35.457250706393694
2026-03-28,2,21,1,0,1,33.92738460119219
2026-03-28,2,22,1,0,0,21.252194597016302
2026-03-28,2,23,1,1,0,30.64165077994778
2026-03-28,3,0,1,0,0,14.780038405131092
2026-03-28,3,1,1,0,0,12.565746468619723
2026-03-28,3,2,1,1,0,25.273405033188016
2026-03-28,3,3,1,0,0,7.934870613290477
2026-03-28,3,4,1,0,0,8.337368976437164
2026-03-28,3,5,1,0,0,14.257688170741146
2026-03-28,3,6,1,0,0,22.537160417230524
2026-03-28,3,7,1,0,0,29.103654400871253
2026-03-28,3,8,1,0,0,49.69517424419152
2026-03-28,3,9,1,0,0,55.09495455484995
2026-03-28,3,10,1,0,0,47.34054922395111
2026-03-28,3,11,1,0,0,31.169517174724135
2026-03-28,3,12,1,1,0,42.54304290712303
2026-03-28,3,13,1,1,0,38.13487926634395
2026-03-28,3,14,1,1,0,42.676568007145015
2026-03-28,3,15,1,0,0,31.672433428737182
2026-03-28,3,16,1,1,0,58.067417162724475
2026-03-28,3,17,1,0,1,63.335368657910706
2026-03-28,3,18,1,0,0,53.119237575312155
2026-03-28,3,19,1,0,0,45.235964745235385
2026-03-28,3,20,1,0,1,50.248847480226495
2026-03-28,3,21,1,0,0,35.75465006093464
2026-03-28,3,22,1,0,0,29.13615735535658
2026-03-28,3,23,1,0,0,23.898659915697213
2026-03-28,4,0,1,1,0,19.23240790225635
2026-03-28,4,1,1,0,0,4.106013293480895
2026-03-28,4,2,1,0,0,0.0
2026-03-28,4,3,1,1,0,6.778695759153969
2026-03-28,4,4,1,0,0,4.051097700038452
2026-03-28,4,5,1,1,0,15.026332824478537
2026-03-28,4,6,1,0,0,22.084794742366988
2026-03-28,4,7,1,1,1,40.848093096715274
2026-03-28,4,8,1,0,0,35.558606659595775
2026-03-28,4,9,1,0,0,39.82975360298848
2026-03-28,4,10,1,1,0,53.006017801306086
2026-03-28,4,11,1,0,0,30.36978353838345
2026-03-28,4,12,1,1,0,34.756872253021555
2026-03-28,4,13,1,0,0,12.956713827401247
2026-03-28,4,14,1,0,0,19.472270201582344
2026-03-28,4,15,1,0,0,24.954564006074186
2026-03-28,4,16,1,0,0,33.63437158044394
2026-03-28,4,17,1,0,0,39.47521435723428
2026-03-28,4,18,1,0,0,49.65802230437466
2026-03-28,4,19,1,0,0,38.042006412550755
2026-03-28,4,20,1,0,0,32.903923435803165
2026-03-28,4,21,1,0,0,15.371262555957838
2026-03-28,4,22,1,1,0,34.27477198522181
2026-03-28,4,23,1,0,0,19.130915668484942
2026-03-28,5,0,1,1,0,17.089245866278823
2026-03-28,5,1,1,0,0,8.974960150427332
2026-03-28,5,2,1,1,0,12.40383172108756
2026-03-28,5,3,1,0,0,9.459271896214142
2026-03-28,5,4,1,0,0,0.0
2026-03-28,5,5,1,0,0,0.0
2026-03-28,5,6,1,1,0,22.73747374376366
2026-03-28,5,7,1,0,0,25.857322266587126
2026-03-28,5,8,1,0,0,31.061974574641464
2026-03-28,5,9,1,0,0,39.96426578161425
2026-03-28,5,10,1,0,0,35.84574181421913
2026-03-28,5,11,1,0,0,26.40670677284109
2026-03-28,5,12,1,0,0,15.707143170963498
2026-03-28,5,13,1,0,0,22.460346058228982
2026-03-28,5,14,1,0,0,19.227494168617824
2026-03-28,5,15,1,0,0,16.41163534329438
2026-03-28,5,16,1,0,0,28.27096109802137
2026-03-28,5,17,1,0,0,39.13462777364499
2026-03-28,5,18,1,1,0,54.41022112480138
2026-03-28,5,19,1,0,0,35.23546694395763
2026-03-28,5,20,1,0,0,33.91293825540997
2026-03-28,5,21,1,0,0,17.961378077176743
2026-03-28,5,22,1,1,0,20.57125875280963
2026-03-28,5,23,1,0,0,13.047367856548982
2026-03-29,0,0,1,0,0,14.177008199993077
2026-03-29,0,1,1,0,0,17.650300772992768
2026-03-29,0,2,1,0,0,13.557695085048664
2026-03-29,0,3,1,0,0,11.866196058336005
2026-03-29,0,4,1,0,0,9.367054585664725
2026-03-29,0,5,1,0,0,13.027857870468157
2026-03-29,0,6,1,0,0,32.36401352493141
2026-03-29,0,7,1,1,0,48.16272940801169
2026-03-29,0,8,1,0,0,38.997483568929766
2026-03-29,0,9,1,1,0,63.22214409057725
2026-03-29,0,10,1,0,0,45.53949660229122
2026-03-29,0,11,1,1,0,43.65954007313239
2026-03-29,0,12,1,0,0,19.10249593770438
2026-03-29,0,13,1,0,0,32.09836052755832
2026-03-29,0,14,1,0,0,27.0194686582404
2026-03-29,0,15,1,0,0,35.61580542586413
2026-03-29,0,16,1,0,0,38.36525059781693
2026-03-29,0,17,1,1,0,58.52953900093796
2026-03-29,0,18,1,1,0,69.0173254265611
2026-03-29,0,19,1,0,0,52.88073856085232
2026-03-29,0,20,1,0,0,33.474460995015725
2026-03-29,0,21,1,1,0,38.41042107099931
2026-03-29,0,22,1,0,0,24.21176445588114
2026-03-29,0,23,1,0,0,24.306980514720543
2026-03-29,1,0,1,1,1,22.16320232774115
2026-03-29,1,1,1,0,1,18.311421195045817
2026-03-29,1,2,1,0,0,17.249760526495432
2026-03-29,1,3,1,1,0,20.759059974838628
2026-03-29,1,4,1,0,0,16.214175491949472
2026-03-29,1,5,1,0,0,13.975376715778662
2026-03-29,1,6,1,0,0,23.95374957522058
2026-03-29,1,7,1,0,0,35.37928494927695
2026-03-29,1,8,1,1,0,52.513778535425985
2026-03-29,1,9,1,0,0,41.3269145128744
2026-03-29,1,10,1,0,0,35.06265990954401
2026-03-29,1,11,1,0,1,32.66109809651506
2026-03-29,1,12,1,0,0,34.65876922313427
2026-03-29,1,13,1,0,0,26.9978518134792
2026-03-29,1,14,1,0,0,29.615496136338294
2026-03-29,1,15,1,0,0,33.82657062797899
2026-03-29,1,16,1,0,0,30.791921825698612
2026-03-29,1,17,1,0,0,47.27331715150845
2026-03-29,1,18,1,0,0,51.80020130650647
2026-03-29,1,19,1,1,0,58.716753697290315
2026-03-29,1,20,1,1,1,62.378695051901744
2026-03-29,1,21,1,0,0,26.375409311871085
2026-03-29,1,22,1,0,0,22.557520860615696
2026-03-29,1,23,1,0,0,30.743866497781987
2026-03-29,2,0,1,0,0,3.3176296952619646
2026-03-29,2,1,1,0,0,4.926825233116809
2026-03-29,2,2,1,0,0,6.655403679868733
2026-03-29,2,3,1,0,0,9.184377392781165
2026-03-29,2,4,1,0,0,9.98421678401297
2026-03-29,2,5,1,0,0,17.71730392204904
2026-03-29,2,6,1,0,0,22.070292363045958
2026-03-29,2,7,1,0,0,31.824182032266577
2026-03-29,2,8,1,0,0,36.713963599032034
2026-03-29,2,9,1,0,0,43.05747660503827
2026-03-29,2,10,1,0,0,42.83666230601429
2026-03-29,2,11,1,0,0,26.39656259757242
2026-03-29,2,12,1,0,0,19.301554825244057
2026-03-29,2,13,1,0,0,22.627546600537837
2026-03-29,2,14,1,0,0,21.378333712215642
2026-03-29,2,15,1,0,0,29.160879457669466
2026-03-29,2,16,1,0,0,36.780473853554255
2026-03-29,2,17,1,0,0,51.38149288006861
2026-03-29,2,18,1,0,0,55.88360806019901
2026-03-29,2,19,1,0,0,44.843670483673804
2026-03-29,2,20,1,1,0,50.43990008538944
2026-03-29,2,21,1,0,0,27.40838163638725
2026-03-29,2,22,1,1,0,29.731310502699138
2026-03-29,2,23,1,0,0,17.620382010355122
2026-03-29,3,0,1,0,0,17.99027514696117
2026-03-29,3,1,1,1,0,25.55522030009365
2026-03-29,3,2,1,0,0,14.100493712250543
2026-03-29,3,3,1,0,0,6.39223927047685
2026-03-29,3,4,1,0,0,14.517544440160346
2026-03-29,3,5,1,0,0,11.486312560198664
2026-03-29,3,6,1,0,0,25.295738625462626
2026-03-29,3,7,1,1,0,45.871526948162995
2026-03-29,3,8,1,0,0,37.96646343288283
2026-03-29,3,9,1,0,0,53.736959898491484
2026-03-29,3,10,1,0,0,40.98551177561224
2026-03-29,3,11,1,0,0,40.96816681340846
2026-03-29,3,12,1,1,0,37.57101247592272
2026-03-29,3,13,1,0,0,26.842086855249583
2026-03-29,3,14,1,0,0,27.450407631065964
2026-03-29,3,15,1,0,0,37.87421413557481
2026-03-29,3,16,1,0,0,42.251988579660804
2026-03-29,3,17,1,0,0,51.646113800269035
2026-03-29,3,18,1,0,0,52.10041719488815
2026-03-29,3,19,1,0,0,47.346819840095264
2026-03-29,3,20,1,0,1,48.299635958054495
2026-03-29,3,21,1,0,0,31.374582113183873
2026-03-29,3,22,1,0,0,26.270223808388042
2026-03-29,3,23,1,0,0,32.278812265638834
2026-03-29,4,0,1,0,0,10.826439009603575
2026-03-29,4,1,1,0,0,4.563290577170463
2026-03-29,4,2,1,0,0,4.563207305663822
2026-03-29,4,3,1,0,0,0.822870698380294
2026-03-29,4,4,1,0,0,1.9892637282019354
2026-03-29,4,5,1,0,0,10.656949994695566
2026-03-29,4,6,1,1,0,24.695583389912475
2026-03-29,4,7,1,0,0,26.056845554998052
2026-03-29,4,8,1,0,0,39.19380217133502
2026-03-29,4,9,1,0,0,42.67352857875919
2026-03-29,4,10,1,0,0,36.47237718755385
2026-03-29,4,11,1,0,0,22.848613355326574
2026-03-29,4,12,1,0,0,12.99526227802214
2026-03-29,4,13,1,0,0,24.03633784686648
2026-03-29,4,14,1,0,0,17.015240022360757
2026-03-29,4,15,1,0,0,23.954454834417994
2026-03-29,4,16,1,0,0,27.666669017260144
2026-03-29,4,17,1,0,0,44.898301598725546
2026-03-29,4,18,1,1,0,56.62463468422942
2026-03-29,4,19,1,1,0,50.07403968705512
2026-03-29,4,20,1,0,0,31.573082732696427
2026-03-29,4,21,1,0,0,28.5186959587664
2026-03-29,4,22,1,1,0,30.321756637346347
2026-03-29,4,23,1,0,0,17.697043587146407
2026-03-29,5,0,1,0,0,0.8178793529781643
2026-03-29,5,1,1,0,1,5.829844027864563
2026-03-29,5,2,1,0,0,4.067426129345282
2026-03-29,5,3,1,1,0,17.12324624239841
2026-03-29,5,4,1,1,0,8.707084166687043
2026-03-29,5,5,1,0,0,1.4328893834339396
2026-03-29,5,6,1,0,0,17.62191908103319
2026-03-29,5,7,1,0,0,27.852289065099654
2026-03-29,5,8,1,0,0,37.93115795493103
2026-03-29,5,9,1,0,0,48.27488844226684
2026-03-29,5,10,1,0,0,38.18451951242792
2026-03-29,5,11,1,0,0,21.346448910704726
2026-03-29,5,12,1,0,0,14.546891751379377
2026-03-29,5,13,1,0,0,18.24445622231742
2026-03-29,5,14,1,0,0,19.689232485806393
2026-03-29,5,15,1,1,0,32.6959059900064
2026-03-29,5,16,1,1,1,52.816743807490425
2026-03-29,5,17,1,0,0,42.646218894487
2026-03-29,5,18,1,0,0,46.320647321405914
2026-03-29,5,19,1,0,0,32.81251948312857
2026-03-29,5,20,1,0,0,39.62594021309205
2026-03-29,5,21,1,1,0,31.00479945954465
2026-03-29,5,22,1,0,0,14.607321250521096
2026-03-29,5,23,1,0,0,12.13843780917459
2026-03-30,0,0,0,0,0,11.995225969327485
2026-03-30,0,1,0,0,0,13.081773459866138
2026-03-30,0,2,0,0,0,13.465298873693579
2026-03-30,0,3,0,1,0,20.80685811274847
2026-03-30,0,4,0,0,0,13.0217549396988
2026-03-30,0,5,0,0,0,14.948242811141707
2026-03-30,0,6,0,0,0,27.923175357405977
2026-03-30,0,7,0,0,1,45.53690203442021
2026-03-30,0,8,0,0,0,57.05067665252731
2026-03-30,0,9,0,0,0,61.067713565999
2026-03-30,0,10,0,0,1,56.6091365649543
2026-03-30,0,11,0,0,0,31.138208995860733
2026-03-30,0,12,0,1,0,40.50670570343681
2026-03-30,0,13,0,0,0,30.305256174530278
2026-03-30,0,14,0,0,0,31.667619906362475
2026-03-30,0,15,0,1,0,43.976446975042315
2026-03-30,0,16,0,0,0,49.18020949463147
2026-03-30,0,17,0,0,0,65.16914001363769
2026-03-30,0,18,0,0,0,71.14006562946871
2026-03-30,0,19,0,0,0,66.71875360357566
2026-03-30,0,20,0,0,0,55.636346219737206
2026-03-30,0,21,0,0,0,36.44919970593034
2026-03-30,0,22,0,0,0,33.07429024388935
2026-03-30,0,23,0,0,0,31.521776764969495
2026-03-30,1,0,0,0,0,13.12252215994013
2026-03-30,1,1,0,0,0,11.094444790252075
2026-03-30,1,2,0,0,0,6.970996379548561
2026-03-30,1,3,0,0,1,16.382774647162485
2026-03-30,1,4,0,1,0,21.829092470967623
2026-03-30,1,5,0,0,0,11.053608947868039
2026-03-30,1,6,0,1,0,31.74679790329966
2026-03-30,1,7,0,0,0,42.54837639594116
2026-03-30,1,8,0,1,0,63.21901295734238
2026-03-30,1,9,0,0,0,61.79867697421576
2026-03-30,1,10,0,0,0,59.95791569438172
2026-03-30,1,11,0,0,0,41.22856667568213
2026-03-30,1,12,0,0,0,22.70086265186998
2026-03-30,1,13,0,1,0,33.22100510670592
2026-03-30,1,14,0,0,0,26.364246992304373
2026-03-30,1,15,0,0,0,29.107672181491324
2026-03-30,1,16,0,0,0,46.692008010358336
2026-03-30,1,17,0,0,0,60.560378274472434
2026-03-30,1,18,0,0,0,69.75801330328807
2026-03-30,1,19,0,0,0,57.43535563861202
2026-03-30,1,20,0,0,0,47.88032911254346
2026-03-30,1,21,0,0,0,35.76016115744829
2026-03-30,1,22,0,0,0,30.663839246526575
2026-03-30,1,23,0,0,0,28.58465026241624
2026-03-30,2,0,0,0,1,21.276331489895973
2026-03-30,2,1,0,0,0,7.11913450813762
2026-03-30,2,2,0,0,1,18.489289430232986
2026-03-30,2,3,0,0,0,12.364280227913198
2026-03-30,2,4,0,1,0,14.122858950593038
2026-03-30,2,5,0,0,0,12.055718440958968
2026-03-30,2,6,0,1,0,40.13490474550616
2026-03-30,2,7,0,0,1,40.56277100815176
2026-03-30,2,8,0,0,0,51.757984151971584
2026-03-30,2,9,0,0,0,67.285518985817
2026-03-30,2,10,0,0,0,48.49755481948824
2026-03-30,2,11,0,0,0,38.88267719649662
2026-03-30,2,12,0,1,0,28.16377310426395
2026-03-30,2,13,0,0,0,23.259996397654405
2026-03-30,2,14,0,0,0,26.269754062466124
2026-03-30,2,15,0,0,0,21.130017290021236
2026-03-30,2,16,0,1,0,48.66942896149068
2026-03-30,2,17,0,0,0,62.3163199275882
2026-03-30,2,18,0,0,0,56.86882666582275
2026-03-30,2,19,0,0,0,64.50755707427243
2026-03-30,2,20,0,0,0,44.73939926072493
2026-03-30,2,21,0,0,0,29.284909713678548
2026-03-30,2,22,0,1,0,34.1129866494763
2026-03-30,2,23,0,0,0,24.686610176979084
2026-03-30,3,0,0,0,0,10.516868193924058
2026-03-30,3,1,0,1,0,25.10340975661452
2026-03-30,3,2,0,0,0,8.046308845553574
2026-03-30,3,3,0,0,0,5.463909596072662
2026-03-30,3,4,0,0,0,12.783470134314367
2026-03-30,3,5,0,0,0,6.995855927166382
2026-03-30,3,6,0,0,0,28.712492499856204
2026-03-30,3,7,0,0,0,35.57587627141532
2026-03-30,3,8,0,0,0,54.46488269419103
2026-03-30,3,9,0,0,0,57.4212502791741
2026-03-30,3,10,0,0,0,48.645638498854154
2026-03-30,3,11,0,0,0,37.08256267720088
2026-03-30,3,12,0,0,0,36.2754167518592
2026-03-30,3,13,0,0,1,39.09774839042286
2026-03-30,3,14,0,1,0,34.43284663841969
2026-03-30,3,15,0,0,0,33.66277582219559
2026-03-30,3,16,0,0,0,49.972574556402535
2026-03-30,3,17,0,0,0,61.74573368384854
2026-03-30,3,18,0,0,0,73.78661949088496
2026-03-30,3,19,0,0,0,56.07364060574932
2026-03-30,3,20,0,0,0,45.13568779521687
2026-03-30,3,21,0,0,0,45.577540989061674
2026-03-30,3,22,0,0,0,30.40330654301672
2026-03-30,3,23,0,0,0,24.602825745597475
2026-03-30,4,0,0,0,0,5.3137153819441245
2026-03-30,4,1,0,0,0,5.390046247800327
2026-03-30,4,2,0,0,0,1.6489422680325294
2026-03-30,4,3,0,0,0,6.353760151290218
2026-03-30,4,4,0,0,1,19.407989568725757
2026-03-30,4,5,0,0,0,4.280997539303636
2026-03-30,4,6,0,1,0,37.623715748986115
2026-03-30,4,7,0,0,0,27.403142023777622
2026-03-30,4,8,0,0,0,43.44176916308697
2026-03-30,4,9,0,0,0,55.257740213960226
2026-03-30,4,10,0,0,0,45.54996841330317
2026-03-30,4,11,0,0,0,36.57780211649889
2026-03-30,4,12,0,0,0,29.18371458003856
2026-03-30,4,13,0,0,0,23.49957976467238
2026-03-30,4,14,0,0,0,15.887918395704013
2026-03-30,4,15,0,0,0,31.742928771332554
2026-03-30,4,16,0,0,0,32.47234040145331
2026-03-30,4,17,0,0,0,57.184670423758554
2026-03-30,4,18,0,0,1,63.12439250187889
2026-03-30,4,19,0,0,0,57.797217831904334
2026-03-30,4,20,0,0,0,41.18563562116772
2026-03-30,4,21,0,1,0,42.89731431358769
2026-03-30,4,22,0,0,1,27.840524290181815
2026-03-30,4,23,0,0,1,24.136373778428183
2026-03-30,5,0,0,0,0,0.0
2026-03-30,5,1,0,0,0,0.0
2026-03-30,5,2,0,1,0,10.956459003235947
2026-03-30,5,3,0,1,0,8.217236308957116
2026-03-30,5,4,0,0,0,7.392077234046459
2026-03-30,5,5,0,1,0,10.935362306095605
2026-03-30,5,6,0,0,0,17.45552402750666
2026-03-30,5,7,0,0,0,24.92924450418672
2026-03-30,5,8,0,0,0,45.18533425829294
2026-03-30,5,9,0,1,0,57.34689996501541
2026-03-30,5,10,0,0,0,44.05044128362444
2026-03-30,5,11,0,0,0,29.123911878841383
2026-03-30,5,12,0,0,0,13.922781509265649
2026-03-30,5,13,0,0,0,12.23642168809944
2026-03-30,5,14,0,0,0,19.760799387020555
2026-03-30,5,15,0,0,0,25.159075418865626
2026-03-30,5,16,0,0,0,33.34840535804249
2026-03-30,5,17,0,0,0,53.49400140398964
2026-03-30,5,18,0,0,0,58.73589426032919
2026-03-30,5,19,0,0,0,54.55145958230751
2026-03-30,5,20,0,0,0,40.26875787720856
2026-03-30,5,21,0,1,0,36.65019038896665
2026-03-30,5,22,0,0,0,21.365616802008695
2026-03-30,5,23,0,1,0,31.641860995237035
2026-03-31,0,0,0,0,0,19.379977414033387
2026-03-31,0,1,0,0,0,7.4827617365237264
2026-03-31,0,2,0,0,0,7.059103433681916
2026-03-31,0,3,0,0,0,11.581716438396676
2026-03-31,0,4,0,0,1,16.93518008868639
2026-03-31,0,5,0,0,0,12.328521584632417
2026-03-31,0,6,0,1,0,45.07341692214556
2026-03-31,0,7,0,0,0,35.46823262261102
2026-03-31,0,8,0,0,1,62.682886210602035
2026-03-31,0,9,0,1,0,65.40680007073959
2026-03-31,0,10,0,0,1,64.51556511032526
2026-03-31,0,11,0,0,0,39.94162190423761
2026-03-31,0,12,0,0,0,25.402600517832614
2026-03-31,0,13,0,0,0,28.239973398286683
2026-03-31,0,14,0,0,0,32.211062122623375
2026-03-31,0,15,0,0,1,45.46324126348889
2026-03-31,0,16,0,0,0,43.752052993168135
2026-03-31,0,17,0,0,0,66.55563891328855
2026-03-31,0,18,0,0,0,71.19963379323272
2026-03-31,0,19,0,0,0,58.766236044639285
2026-03-31,0,20,0,0,1,58.48284891151897
2026-03-31,0,21,0,0,0,36.07571663650094
2026-03-31,0,22,0,0,0,28.36430716786222
2026-03-31,0,23,0,0,0,25.153812196017963
2026-03-31,1,0,0,0,0,5.960325965202933
2026-03-31,1,1,0,0,0,19.34274583386592
2026-03-31,1,2,0,0,0,11.445386983888834
2026-03-31,1,3,0,0,0,14.21227144697923
2026-03-31,1,4,0,0,0,10.502680899916312
2026-03-31,1,5,0,0,0,7.351161854426672
2026-03-31,1,6,0,0,0,27.1791797067851
2026-03-31,1,7,0,0,0,31.038812781283404
2026-03-31,1,8,0,0,0,57.57819381857604
2026-03-31,1,9,0,0,0,52.860936993926494
2026-03-31,1,10,0,0,0,40.79519527889825
2026-03-31,1,11,0,0,0,38.325311825472255
2026-03-31,1,12,0,0,0,26.940913584375373
2026-03-31,1,13,0,1,0,36.397929203434224
2026-03-31,1,14,0,0,0,19.92602971749762
2026-03-31,1,15,0,0,0,32.889996801828694
2026-03-31,1,16,0,0,0,50.7736761158981
2026-03-31,1,17,0,0,0,60.88013569799332
2026-03-31,1,18,0,0,0,69.29200826253478
2026-03-31,1,19,0,1,0,72.66329586428176
2026-03-31,1,20,0,0,0,46.02712062347442
2026-03-31,1,21,0,0,0,36.088246729345116
2026-03-31,1,22,0,1,0,37.560734287449144
2026-03-31,1,23,0,0,0,15.142630950965806
2026-03-31,2,0,0,0,0,4.3573966600247696
2026-03-31,2,1,0,0,0,13.768201469012702
2026-03-31,2,2,0,0,0,11.09411360488592
2026-03-31,2,3,0,1,0,20.92766538690251
2026-03-31,2,4,0,0,0,9.905214534564859
2026-03-31,2,5,0,1,0,19.298210159076582
2026-03-31,2,6,0,0,1,41.763340626627645
2026-03-31,2,7,0,0,0,34.89804105536168
2026-03-31,2,8,0,0,0,42.018541949003776
2026-03-31,2,9,0,1,0,70.7830286981856
2026-03-31,2,10,0,0,0,47.95015679772394
2026-03-31,2,11,0,0,0,36.59345864354958
2026-03-31,2,12,0,0,0,20.658346457314043
2026-03-31,2,13,0,0,0,22.254303208305217
2026-03-31,2,14,0,0,0,23.47486308151806
2026-03-31,2,15,0,0,0,27.536508570646816
2026-03-31,2,16,0,0,0,43.98699126678479
2026-03-31,2,17,0,1,0,73.5387791465366
2026-03-31,2,18,0,0,0,64.66365581648132
2026-03-31,2,19,0,0,0,64.7264749632009
2026-03-31,2,20,0,0,0,41.80509160065897
2026-03-31,2,21,0,0,0,31.334887580014087
2026-03-31,2,22,0,0,0,30.146180673687127
2026-03-31,2,23,0,0,0,19.38113775282808
2026-03-31,3,0,0,0,0,17.08118040629322
2026-03-31,3,1,0,0,0,8.82006562839827
2026-03-31,3,2,0,1,0,20.350928791008766
2026-03-31,3,3,0,0,0,12.930088572155201
2026-03-31,3,4,0,1,0,18.710777509782673
2026-03-31,3,5,0,0,0,16.43205198821721
2026-03-31,3,6,0,0,0,25.933434471028686
2026-03-31,3,7,0,0,0,38.131681401123
2026-03-31,3,8,0,0,0,55.273697618450925
2026-03-31,3,9,0,1,0,68.3913687046706
2026-03-31,3,10,0,0,0,52.8997366163239
2026-03-31,3,11,0,0,0,34.089143033743476
2026-03-31,3,12,0,0,0,29.620794340293344
2026-03-31,3,13,0,0,0,31.371661837875646
2026-03-31,3,14,0,0,0,26.54866482610419
2026-03-31,3,15,0,0,0,37.972402527998675
2026-03-31,3,16,0,0,0,51.87149751007011
2026-03-31,3,17,0,0,1,71.3550570537581
2026-03-31,3,18,0,0,0,63.67164743300552
2026-03-31,3,19,0,0,0,63.788522115474514
2026-03-31,3,20,0,0,0,48.81906002429039
2026-03-31,3,21,0,0,0,38.90986832141409
2026-03-31,3,22,0,0,0,23.468505764914873
2026-03-31,3,23,0,0,0,28.000974305963645
2026-03-31,4,0,0,0,0,3.4257678074410935
2026-03-31,4,1,0,0,0,9.732216085155144
2026-03-31,4,2,0,0,0,6.958419127217926
2026-03-31,4,3,0,1,0,21.142190209920678
2026-03-31,4,4,0,0,0,7.7217055520530105
2026-03-31,4,5,0,0,0,1.253346901402912
2026-03-31,4,6,0,0,0,21.76615642759937
2026-03-31,4,7,0,0,0,33.568012609332406
2026-03-31,4,8,0,0,0,41.20799440081963
2026-03-31,4,9,0,0,0,57.15970500322801
2026-03-31,4,10,0,0,1,60.06459989242951
2026-03-31,4,11,0,0,0,24.035187696783066
2026-03-31,4,12,0,0,0,21.66406507484975
2026-03-31,4,13,0,1,0,31.503020844489416
2026-03-31,4,14,0,0,0,25.620235912369075
2026-03-31,4,15,0,0,0,33.581136353451136
2026-03-31,4,16,0,0,0,33.45847252484263
2026-03-31,4,17,0,0,1,63.618529240744834
2026-03-31,4,18,0,1,1,81.39129364981527
2026-03-31,4,19,0,0,0,49.38416744988202
2026-03-31,4,20,0,0,0,44.59680152305475
2026-03-31,4,21,0,0,0,32.08175383724626
2026-03-31,4,22,0,1,0,36.67122274613574
2026-03-31,4,23,0,0,0,13.269322781775514
2026-03-31,5,0,0,0,0,0.0
2026-03-31,5,1,0,0,0,8.049226119007525
2026-03-31,5,2,0,0,0,2.664925850212343
2026-03-31,5,3,0,0,0,0.0
2026-03-31,5,4,0,0,0,0.0
2026-03-31,5,5,0,0,0,8.868199345004683
2026-03-31,5,6,0,0,0,21.940579571443404
2026-03-31,5,7,0,0,0,26.781187256672695
2026-03-31,5,8,0,0,0,43.74412149678475
2026-03-31,5,9,0,0,0,49.99551644356525
2026-03-31,5,10,0,0,0,41.89441694411431
2026-03-31,5,11,0,0,0,29.820005734075604
2026-03-31,5,12,0,0,0,14.114873412641527
2026-03-31,5,13,0,0,0,20.70100744237601
2026-03-31,5,14,0,0,0,13.500371281479755
2026-03-31,5,15,0,0,0,19.403950251424973
2026-03-31,5,16,0,0,0,38.06581021106099
2026-03-31,5,17,0,0,0,53.26655453390396
2026-03-31,5,18,0,1,0,69.1642764875445
2026-03-31,5,19,0,0,0,48.669867328148136
2026-03-31,5,20,0,0,0,40.6002768378965
2026-03-31,5,21,0,0,0,24.572176132593402
2026-03-31,5,22,0,0,0,23.99198978638288
2026-03-31,5,23,0,1,0,31.398776879593726
2026-04-01,0,0,0,0,0,17.854855228626334
2026-04-01,0,1,0,0,0,12.577170399047247
2026-04-01,0,2,0,0,0,20.53278712675654
2026-04-01,0,3,0,0,0,17.549206235864432
2026-04-01,0,4,0,0,0,14.91500410717265
2026-04-01,0,5,0,0,0,17.167122803588263
2026-04-01,0,6,0,0,1,32.10959639000289
2026-04-01,0,7,0,0,0,41.91791128620761
2026-04-01,0,8,0,0,0,53.376784734287625
2026-04-01,0,9,0,1,0,78.01563947540585
2026-04-01,0,10,0,0,0,53.009482808480975
2026-04-01,0,11,0,0,0,41.53868089954935
2026-04-01,0,12,0,0,0,35.531966421102446
2026-04-01,0,13,0,0,0,23.723066712145815
2026-04-01,0,14,0,0,0,28.27863771453187
2026-04-01,0,15,0,0,0,38.45010172296911
2026-04-01,0,16,0,0,0,53.38852976295951
2026-04-01,0,17,0,1,0,66.80832478591833
2026-04-01,0,18,0,0,0,79.89745141455359
2026-04-01,0,19,0,0,0,65.81775850849615
2026-04-01,0,20,0,0,0,52.21317071549555
2026-04-01,0,21,0,0,0,44.66439981395828
2026-04-01,0,22,0,0,0,26.524629430722612
2026-04-01,0,23,0,1,0,41.20283177602381
2026-04-01,1,0,0,0,0,9.38837175473586
2026-04-01,1,1,0,0,0,16.68013338862888
2026-04-01,1,2,0,0,0,12.900958319768419
2026-04-01,1,3,0,0,0,14.771501288761797
2026-04-01,1,4,0,0,0,10.501027747629314
2026-04-01,1,5,0,0,0,11.318075504344408
2026-04-01,1,6,0,0,0,33.410845598076534
2026-04-01,1,7,0,0,0,37.864978256304546
2026-04-01,1,8,0,0,0,42.347115838333764
2026-04-01,1,9,0,0,0,66.32687340597413
2026-04-01,1,10,0,0,0,52.18239072552355
2026-04-01,1,11,0,0,0,41.68716927165809
2026-04-01,1,12,0,0,0,32.842298038808025
2026-04-01,1,13,0,0,0,23.63090181796704
2026-04-01,1,14,0,0,0,30.448392394532636
2026-04-01,1,15,0,0,0,34.94123537045002
2026-04-01,1,16,0,1,0,50.53766175040245
2026-04-01,1,17,0,0,0,60.6405374238532
2026-04-01,1,18,0,0,1,77.16362985597893
2026-04-01,1,19,0,0,0,62.36978693278328
2026-04-01,1,20,0,0,0,47.535630863652116
2026-04-01,1,21,0,1,0,51.228940525530945
2026-04-01,1,22,0,0,0,24.890575525480017
2026-04-01,1,23,0,0,0,28.347203577075625
2026-04-01,2,0,0,0,0,15.628115192459822
2026-04-01,2,1,0,0,0,4.51701374798325
2026-04-01,2,2,0,0,0,8.760334139266151
2026-04-01,2,3,0,0,0,11.017587345245357
2026-04-01,2,4,0,0,0,9.41261627994805
2026-04-01,2,5,0,0,0,18.04191606430401
2026-04-01,2,6,0,1,0,36.833288699633265
2026-04-01,2,7,0,0,0,40.56066839881931
2026-04-01,2,8,0,0,0,51.689977553493776
2026-04-01,2,9,0,1,0,71.32124648264694
2026-04-01,2,10,0,1,0,62.96753895877458
2026-04-01,2,11,0,0,0,35.293113963525016
2026-04-01,2,12,0,0,0,30.130759867139435
2026-04-01,2,13,0,0,1,36.27636357414655
2026-04-01,2,14,0,0,0,22.94301760674881
2026-04-01,2,15,0,0,0,32.14514532895157
2026-04-01,2,16,0,0,0,45.96722093627317
2026-04-01,2,17,0,0,0,61.090245447270746
2026-04-01,2,18,0,0,0,64.12676589157819
2026-04-01,2,19,0,1,0,70.85520240259454
2026-04-01,2,20,0,0,0,50.277608080433616
2026-04-01,2,21,0,0,0,25.555798508572323
2026-04-01,2,22,0,0,0,18.68150729972902
2026-04-01,2,23,0,0,0,21.71301941381145
2026-04-01,3,0,0,1,0,20.41238981901173
2026-04-01,3,1,0,0,0,5.234770459369129
2026-04-01,3,2,0,0,1,17.133053738997976
2026-04-01,3,3,0,1,0,26.891417033923386
2026-04-01,3,4,0,0,0,5.523801871435817
2026-04-01,3,5,0,0,0,11.162700105240592
2026-04-01,3,6,0,0,0,23.539814795842172
2026-04-01,3,7,0,0,0,36.69247707864018
2026-04-01,3,8,0,1,0,72.05564836520239
2026-04-01,3,9,0,0,0,57.20518530818378
2026-04-01,3,10,0,0,0,54.00420934203936
2026-04-01,3,11,0,0,0,34.52984014628834
2026-04-01,3,12,0,0,0,25.63756613664925
2026-04-01,3,13,0,0,0,32.4606763365681
2026-04-01,3,14,0,0,1,28.92414539098188
2026-04-01,3,15,0,1,0,44.95939695636991
2026-04-01,3,16,0,1,0,52.85875570915012
2026-04-01,3,17,0,0,0,66.71090189459547
2026-04-01,3,18,0,0,0,62.302322037520206
2026-04-01,3,19,0,0,0,66.84798501091095
2026-04-01,3,20,0,0,0,45.97517751078064
2026-04-01,3,21,0,0,0,35.24297325553782
2026-04-01,3,22,0,0,0,25.08608109360777
2026-04-01,3,23,0,1,0,37.42848226398798
2026-04-01,4,0,0,1,0,16.144428858084307
2026-04-01,4,1,0,0,0,8.144914192216314
2026-04-01,4,2,0,1,0,14.34877608033477
2026-04-01,4,3,0,0,0,6.555311118585115
2026-04-01,4,4,0,0,0,7.30981821633592
2026-04-01,4,5,0,0,0,9.186204759267964
2026-04-01,4,6,0,1,1,33.848599601012694
2026-04-01,4,7,0,0,0,30.053621386982023
2026-04-01,4,8,0,0,0,49.134904485884405
2026-04-01,4,9,0,0,0,53.30268227589074
2026-04-01,4,10,0,0,0,48.62699814462627
2026-04-01,4,11,0,0,0,30.234405379693307
2026-04-01,4,12,0,0,0,16.415818141598947
2026-04-01,4,13,0,0,0,11.650143781574974
2026-04-01,4,14,0,0,0,20.324784974252278
2026-04-01,4,15,0,0,0,29.52284853838748
2026-04-01,4,16,0,0,0,45.39867845325841
2026-04-01,4,17,0,0,0,62.21768613358928
2026-04-01,4,18,0,0,0,62.323919891149636
2026-04-01,4,19,0,0,1,62.999079610461514
2026-04-01,4,20,0,0,0,40.37470301393019
2026-04-01,4,21,0,0,0,31.988761958724005
2026-04-01,4,22,0,0,0,21.196965102740002
2026-04-01,4,23,0,0,0,15.584748486670634
2026-04-01,5,0,0,0,0,1.0455888590715698
2026-04-01,5,1,0,1,0,9.690776586047829
2026-04-01,5,2,0,0,0,2.1360287993100147
2026-04-01,5,3,0,0,0,7.201490699914741
2026-04-01,5,4,0,0,0,3.5259547064182217
2026-04-01,5,5,0,0,0,5.814692156905053
2026-04-01,5,6,0,0,0,17.359747293529356
2026-04-01,5,7,0,0,0,24.453044624500365
2026-04-01,5,8,0,0,0,39.29183946930433
2026-04-01,5,9,0,1,0,64.63172402164564
2026-04-01,5,10,0,1,0,54.522949204194134
2026-04-01,5,11,0,0,1,36.34514802713227
2026-04-01,5,12,0,1,0,28.690118719133036
2026-04-01,5,13,0,0,0,12.822106019565766
2026-04-01,5,14,0,0,0,18.916098291949467
2026-04-01,5,15,0,0,0,19.181457959879754
2026-04-01,5,16,0,1,0,40.527603175762465
2026-04-01,5,17,0,1,0,58.4270057840899
2026-04-01,5,18,0,0,0,61.85989008036843
2026-04-01,5,19,0,0,0,51.7498962231143
2026-04-01,5,20,0,0,0,37.4026182655714
2026-04-01,5,21,0,0,0,26.867066753432557
2026-04-01,5,22,0,0,0,16.22177687092737
2026-04-01,5,23,0,0,0,17.232680791936975
2026-04-02,0,0,0,0,0,14.12661884984242
2026-04-02,0,1,0,0,0,14.329659786389223
2026-04-02,0,2,0,0,0,13.66626085947788
2026-04-02,0,3,0,0,0,11.384390117880729
2026-04-02,0,4,0,1,0,17.124921622637054
2026-04-02,0,5,0,0,0,10.906220740297481
2026-04-02,0,6,0,0,0,30.970423374768206
2026-04-02,0,7,0,0,0,40.04923151555912
2026-04-02,0,8,0,0,0,54.976295722444945
2026-04-02,0,9,0,0,0,65.58549445967603
2026-04-02,0,10,0,1,0,77.15505706697078
2026-04-02,0,11,0,0,0,42.87572375545781
2026-04-02,0,12,0,0,0,38.522078825091924
2026-04-02,0,13,0,0,0,29.682790013180625
2026-04-02,0,14,0,0,0,32.191278041633424
2026-04-02,0,15,0,0,0,34.703137129314044
2026-04-02,0,16,0,0,0,51.49060136285989
2026-04-02,0,17,0,0,0,66.19441314697238
2026-04-02,0,18,0,1,0,81.44708337054657
2026-04-02,0,19,0,0,0,59.56136844843435
2026-04-02,0,20,0,0,0,54.07075204724284
2026-04-02,0,21,0,0,0,31.90061950635583
2026-04-02,0,22,0,0,0,30.652279244011286
2026-04-02,0,23,0,0,0,32.142189024704024
2026-04-02,1,0,0,0,0,10.755867461457974
2026-04-02,1,1,0,0,0,11.87046235920814
2026-04-02,1,2,0,1,0,14.747529660555834
2026-04-02,1,3,0,0,0,6.404309213233306
2026-04-02,1,4,0,0,0,11.40495185221968
2026-04-02,1,5,0,0,0,9.70832725152814
2026-04-02,1,6,0,0,0,34.55832343305722
2026-04-02,1,7,0,0,0,41.876695166459655
2026-04-02,1,8,0,0,0,53.57058212685098
2026-04-02,1,9,0,0,0,62.76033154959984
2026-04-02,1,10,0,0,0,53.8493597506246
2026-04-02,1,11,0,0,0,35.257621950418546
2026-04-02,1,12,0,0,0,28.547200652789662
2026-04-02,1,13,0,0,0,31.56263149885124
2026-04-02,1,14,0,0,0,34.1700368854153
2026-04-02,1,15,0,0,0,33.49196493849859
2026-04-02,1,16,0,0,0,45.860327655969115
2026-04-02,1,17,0,0,0,62.01655396418027
2026-04-02,1,18,0,0,0,74.11711417074086
2026-04-02,1,19,0,0,0,58.90874395229788
2026-04-02,1,20,0,0,0,45.73110963062858
2026-04-02,1,21,0,0,0,29.383715541476676
2026-04-02,1,22,0,0,0,26.033100290152287
2026-04-02,1,23,0,0,0,29.103515957573826
2026-04-02,2,0,0,0,0,0.8114193310871407
2026-04-02,2,1,0,0,0,10.244778391842853
2026-04-02,2,2,0,0,0,9.610985453330937
2026-04-02,2,3,0,0,0,13.43612486772015
2026-04-02,2,4,0,0,0,10.479886347364616
2026-04-02,2,5,0,1,0,29.314258433916137
2026-04-02,2,6,0,0,0,24.656194311844374
2026-04-02,2,7,0,0,0,34.261711712855
2026-04-02,2,8,0,1,0,64.67968223050069
2026-04-02,2,9,0,1,0,66.1198334244081
2026-04-02,2,10,0,0,0,50.739509463899566
2026-04-02,2,11,0,0,0,30.682928959071823
2026-04-02,2,12,0,0,0,17.430231260634333
2026-04-02,2,13,0,0,0,26.16546796205991
2026-04-02,2,14,0,0,0,24.279372883297423
2026-04-02,2,15,0,0,1,39.978456932902894
2026-04-02,2,16,0,0,1,52.87357544241432
2026-04-02,2,17,0,0,0,58.81427829699044
2026-04-02,2,18,0,1,0,76.7071466220131
2026-04-02,2,19,0,0,0,61.24300317383411
2026-04-02,2,20,0,0,0,49.099371692646336
2026-04-02,2,21,0,0,0,30.871103804779835
2026-04-02,2,22,0,0,0,24.18099146881271
2026-04-02,2,23,0,0,0,28.730668324961464
2026-04-02,3,0,0,0,0,11.291422079326466
2026-04-02,3,1,0,0,0,11.217168422457773
2026-04-02,3,2,0,0,0,16.74369209406936
2026-04-02,3,3,0,1,0,31.50388563868115
2026-04-02,3,4,0,0,0,11.935399575046244
2026-04-02,3,5,0,1,0,20.459485061476816
2026-04-02,3,6,0,0,1,34.53632610701139
2026-04-02,3,7,0,1,0,46.44267996855623
2026-04-02,3,8,0,0,0,48.57783198404352
2026-04-02,3,9,0,1,0,73.49623788761156
2026-04-02,3,10,0,0,0,56.67789571284442
2026-04-02,3,11,0,0,0,39.61296619745858
2026-04-02,3,12,0,0,0,29.190734259903603
2026-04-02,3,13,0,0,0,27.032809661705457
2026-04-02,3,14,0,0,0,32.88763939605579
2026-04-02,3,15,0,0,0,36.9594936733894
2026-04-02,3,16,0,0,0,46.9249998402218
2026-04-02,3,17,0,0,1,72.37318924573196
2026-04-02,3,18,0,0,0,68.93586512461329
2026-04-02,3,19,0,0,0,62.57340326027123
2026-04-02,3,20,0,0,0,47.25481364976991
2026-04-02,3,21,0,0,0,34.22073271862673
2026-04-02,3,22,0,0,0,32.84121786205981
2026-04-02,3,23,0,1,0,41.65792878135052
2026-04-02,4,0,0,0,0,6.497910078142009
2026-04-02,4,1,0,0,0,3.6268611579070686
2026-04-02,4,2,0,0,0,0.0
2026-04-02,4,3,0,0,0,3.4553040410441467
2026-04-02,4,4,0,0,0,5.8369740556629415
2026-04-02,4,5,0,0,0,5.788995879369029
2026-04-02,4,6,0,0,0,16.262024024814366
2026-04-02,4,7,0,0,0,28.67316083938405
2026-04-02,4,8,0,0,0,45.97684890562047
2026-04-02,4,9,0,0,0,52.64008927719325
2026-04-02,4,10,0,0,0,46.988884566092196
2026-04-02,4,11,0,0,0,25.668308406229993
2026-04-02,4,12,0,0,0,20.168521534609226
2026-04-02,4,13,0,1,0,25.44455748851583
2026-04-02,4,14,0,0,0,22.428331682951217
2026-04-02,4,15,0,0,0,26.345697363525236
2026-04-02,4,16,0,0,0,42.3449859448086
2026-04-02,4,17,0,0,0,57.19988134008255
2026-04-02,4,18,0,0,0,65.71837977867875
2026-04-02,4,19,0,1,0,65.36122633509173
2026-04-02,4,20,0,0,0,44.05783548682217
2026-04-02,4,21,0,1,0,38.25699830368961
2026-04-02,4,22,0,0,0,22.23899735414237
2026-04-02,4,23,0,0,0,15.837015652821943
2026-04-02,5,0,0,0,0,0.0
2026-04-02,5,1,0,0,0,0.0
2026-04-02,5,2,0,0,0,0.0
2026-04-02,5,3,0,1,0,7.751558244698806
2026-04-02,5,4,0,0,0,1.5799212990695732
2026-04-02,5,5,0,0,0,3.3804440933436126
2026-04-02,5,6,0,1,0,27.281477431704687
2026-04-02,5,7,0,0,0,25.652876188359475
2026-04-02,5,8,0,0,0,41.84537884305648
2026-04-02,5,9,0,0,0,51.159602494601906
2026-04-02,5,10,0,0,0,42.185531153394585
2026-04-02,5,11,0,0,0,27.63534226103116
2026-04-02,5,12,0,0,0,20.677448180893396
2026-04-02,5,13,0,0,0,17.06546320748913
2026-04-02,5,14,0,0,0,13.229395416734025
2026-04-02,5,15,0,1,0,42.35473323647737
2026-04-02,5,16,0,0,0,36.02109565519534
2026-04-02,5,17,0,0,0,55.14431843130393
2026-04-02,5,18,0,1,0,67.52861777452632
2026-04-02,5,19,0,0,0,43.88776588789766
2026-04-02,5,20,0,0,0,36.10767384196058
2026-04-02,5,21,0,0,0,18.950224459606595
2026-04-02,5,22,0,0,0,20.336480254254514
2026-04-02,5,23,0,0,0,12.182001533700127
2026-04-03,0,0,0,0,0,10.96257001098944
2026-04-03,0,1,0,0,0,12.263955862954887
2026-04-03,0,2,0,0,0,18.67125271915531
2026-04-03,0,3,0,1,0,24.296172331603316
2026-04-03,0,4,0,0,0,17.262054958796906
2026-04-03,0,5,0,0,0,15.69009241178214
2026-04-03,0,6,0,0,1,40.62438311330312
2026-04-03,0,7,0,0,0,48.13518249369365
2026-04-03,0,8,0,1,0,67.7596012377197
2026-04-03,0,9,0,0,0,60.453969726139704
2026-04-03,0,10,0,0,0,52.46993742162951
2026-04-03,0,11,0,0,0,44.82563143710988
2026-04-03,0,12,0,0,0,31.436268220428296
2026-04-03,0,13,0,0,0,25.945269197456522
2026-04-03,0,14,0,0,0,30.660664582382633
2026-04-03,0,15,0,0,0,30.954743650190157
2026-04-03,0,16,0,1,0,64.53133023214686
2026-04-03,0,17,0,0,0,65.73306547152373
2026-04-03,0,18,0,0,1,77.78076092715445
2026-04-03,0,19,0,1,0,73.44825410535682
2026-04-03,0,20,0,0,0,50.712443444539105
2026-04-03,0,21,0,0,0,32.88730707352012
2026-04-03,0,22,0,0,0,28.57722714544978
2026-04-03,0,23,0,0,0,29.284377395991623
2026-04-03,1,0,0,1,0,26.551858912438828
2026-04-03,1,1,0,0,0,11.774948238184445
2026-04-03,1,2,0,0,0,12.562077905062868
2026-04-03,1,3,0,1,0,19.06368421588567
2026-04-03,1,4,0,0,0,6.488052203498757
2026-04-03,1,5,0,0,0,2.567142334556033
2026-04-03,1,6,0,0,0,33.30187798499527
2026-04-03,1,7,0,0,0,40.91338900528427
2026-04-03,1,8,0,0,0,49.6413968580292
2026-04-03,1,9,0,0,1,68.04147958380027
2026-04-03,1,10,0,0,0,59.82585056944218
2026-04-03,1,11,0,0,0,36.72417601074583
2026-04-03,1,12,0,0,0,28.272639816741226
2026-04-03,1,13,0,0,0,23.369815633115554
2026-04-03,1,14,0,0,0,24.61785876827069
2026-04-03,1,15,0,1,0,39.83350913017773
2026-04-03,1,16,0,0,0,44.15352829046161
2026-04-03,1,17,0,1,0,72.47704006834532
2026-04-03,1,18,0,0,0,71.75591763425543
2026-04-03,1,19,0,1,0,78.38007110860983
2026-04-03,1,20,0,0,0,46.48267642282149
2026-04-03,1,21,0,0,1,42.0210717513882
2026-04-03,1,22,0,0,0,31.312901716322834
2026-04-03,1,23,0,0,0,21.68311898322328
2026-04-03,2,0,0,0,0,10.519109709347001
2026-04-03,2,1,0,0,0,6.520558239668045
2026-04-03,2,2,0,1,0,26.35618372278895
2026-04-03,2,3,0,0,0,4.461131979671403
2026-04-03,2,4,0,0,0,11.291083695475633
2026-04-03,2,5,0,0,0,8.50882163294161
2026-04-03,2,6,0,0,1,33.64947102362394
2026-04-03,2,7,0,0,0,29.4669943291992
2026-04-03,2,8,0,0,0,49.41241240648698
2026-04-03,2,9,0,0,0,57.29457471989126
2026-04-03,2,10,0,0,0,46.750796363920465
2026-04-03,2,11,0,1,0,40.95485726789015
2026-04-03,2,12,0,0,0,23.044280428625264
2026-04-03,2,13,0,0,0,19.539663208928022
2026-04-03,2,14,0,0,0,20.92550935674968
2026-04-03,2,15,0,0,0,29.916859193792806
2026-04-03,2,16,0,0,0,45.22681656234914
2026-04-03,2,17,0,0,0,58.305748953001896
2026-04-03,2,18,0,0,0,67.97774518583432
2026-04-03,2,19,0,0,0,62.793080609118945
2026-04-03,2,20,0,0,1,60.32045720817865
2026-04-03,2,21,0,0,0,36.77255522103575
2026-04-03,2,22,0,0,0,25.660740804553676
2026-04-03,2,23,0,0,0,23.063974247273656
2026-04-03,3,0,0,0,0,7.280771000638582
2026-04-03,3,1,0,0,0,10.552792305570192
2026-04-03,3,2,0,0,0,19.157032066433707
2026-04-03,3,3,0,0,0,9.369485893575256
2026-04-03,3,4,0,1,0,21.85553917025179
2026-04-03,3,5,0,0,0,16.659831789281085
2026-04-03,3,6,0,0,0,24.92414534941554
2026-04-03,3,7,0,0,0,40.47800605733866
2026-04-03,3,8,0,0,0,51.55930366198568
2026-04-03,3,9,0,0,0,52.658317658333914
2026-04-03,3,10,0,0,0,49.171741092330876
2026-04-03,3,11,0,1,0,46.608655448829424
2026-04-03,3,12,0,0,0,30.24112844811557
2026-04-03,3,13,0,0,0,24.84730817831205
2026-04-03,3,14,0,0,1,36.25041826690103
2026-04-03,3,15,0,1,0,47.427407975436616
2026-04-03,3,16,0,0,0,42.0204305333949
2026-04-03,3,17,0,1,0,74.37687042715855
2026-04-03,3,18,0,0,0,66.65186378148863
2026-04-03,3,19,0,0,0,59.14572577237523
2026-04-03,3,20,0,1,0,58.85972654458798
2026-04-03,3,21,0,0,0,30.44529557062215
2026-04-03,3,22,0,1,0,44.85900291279163
2026-04-03,3,23,0,0,0,25.72201111383554
2026-04-03,4,0,0,0,0,10.51890717522922
2026-04-03,4,1,0,0,0,4.005101755563971
2026-04-03,4,2,0,0,0,6.03258360399247
2026-04-03,4,3,0,0,0,5.306463441760024
2026-04-03,4,4,0,0,0,12.29470222210045
2026-04-03,4,5,0,0,0,1.819014646455491
2026-04-03,4,6,0,0,0,26.48251470528702
2026-04-03,4,7,0,0,0,31.70538979123947
2026-04-03,4,8,0,0,0,48.20764134691774
2026-04-03,4,9,0,0,0,49.15157262151908
2026-04-03,4,10,0,0,0,45.42210720345038
2026-04-03,4,11,0,1,0,47.934954850707754
2026-04-03,4,12,0,0,0,13.789530134051065
2026-04-03,4,13,0,0,0,21.030018185905703
2026-04-03,4,14,0,0,0,19.446197363859948
2026-04-03,4,15,0,0,0,31.34994275379754
2026-04-03,4,16,0,0,0,42.3316448481087
2026-04-03,4,17,0,0,0,53.86871307156814
2026-04-03,4,18,0,1,0,63.07378346764875
2026-04-03,4,19,0,0,0,59.540521626899626
2026-04-03,4,20,0,0,0,40.46984472951479
2026-04-03,4,21,0,0,0,31.87028559817022
2026-04-03,4,22,0,0,1,25.040158579395495
2026-04-03,4,23,0,0,0,21.58529513442148
2026-04-03,5,0,0,1,0,9.821258351154842
2026-04-03,5,1,0,0,0,5.0674929274737615
2026-04-03,5,2,0,0,0,5.7958319210074745
2026-04-03,5,3,0,0,0,1.2931288894158515
2026-04-03,5,4,0,0,0,7.699895837782331
2026-04-03,5,5,0,0,1,17.202531317882663
2026-04-03,5,6,0,1,0,24.39276206401685
2026-04-03,5,7,0,0,0,22.02524614748635
2026-04-03,5,8,0,0,0,36.716412649392396
2026-04-03,5,9,0,0,0,50.71056374050285
2026-04-03,5,10,0,0,0,43.847798370318785
2026-04-03,5,11,0,0,0,27.83085359922475
2026-04-03,5,12,0,0,0,20.360419492123423
2026-04-03,5,13,0,1,0,23.809604337223156
2026-04-03,5,14,0,0,0,16.193842050754693
2026-04-03,5,15,0,0,0,27.952446206890958
2026-04-03,5,16,0,0,0,33.851896993026514
2026-04-03,5,17,0,0,0,54.53480127197223
2026-04-03,5,18,0,0,0,51.866920310827936
2026-04-03,5,19,0,0,0,56.87312068943838
2026-04-03,5,20,0,0,1,47.429028440573006
2026-04-03,5,21,0,0,0,27.640866762712047
2026-04-03,5,22,0,0,0,14.394910221938838
2026-04-03,5,23,0,0,0,14.410044834127316
2026-04-04,0,0,1,0,0,10.526888894348456
2026-04-04,0,1,1,0,0,10.271627791593351
2026-04-04,0,2,1,0,0,16.985351121172254
2026-04-04,0,3,1,0,0,9.903738590817078
2026-04-04,0,4,1,1,0,23.93480897177583
2026-04-04,0,5,1,0,0,13.070028115585355
2026-04-04,0,6,1,1,0,38.09918987966698
2026-04-04,0,7,1,0,0,39.83204515294647
2026-04-04,0,8,1,0,0,49.220278281597174
2026-04-04,0,9,1,0,0,47.48045910576091
2026-04-04,0,10,1,0,0,48.284650232068245
2026-04-04,0,11,1,1,0,47.75991187176245
2026-04-04,0,12,1,0,0,31.53308376083437
2026-04-04,0,13,1,1,0,36.5908437948581
2026-04-04,0,14,1,0,0,39.39050275971806
2026-04-04,0,15,1,0,0,29.820425669866825
2026-04-04,0,16,1,0,0,46.82283370596703
2026-04-04,0,17,1,0,0,53.2153074150768
2026-04-04,0,18,1,0,0,55.54146920995536
2026-04-04,0,19,1,1,0,63.1809084308338
2026-04-04,0,20,1,0,0,45.55772786129809
2026-04-04,0,21,1,0,0,29.60901155650877
2026-04-04,0,22,1,0,0,31.914971729621755
2026-04-04,0,23,1,0,0,35.45392695834359
2026-04-04,1,0,1,0,0,4.755234196679506
2026-04-04,1,1,1,0,0,9.407582999495215
2026-04-04,1,2,1,0,0,9.39358279839327
2026-04-04,1,3,1,0,0,9.126945767620574
2026-04-04,1,4,1,0,0,13.451750008236763
2026-04-04,1,5,1,1,0,28.060391194936592
2026-04-04,1,6,1,0,0,22.85217904975228
2026-04-04,1,7,1,0,0,40.07310170501009
2026-04-04,1,8,1,0,0,48.18808655733408
2026-04-04,1,9,1,1,0,59.30894267880416
2026-04-04,1,10,1,0,0,41.67304993404914
2026-04-04,1,11,1,0,1,38.436270732923155
2026-04-04,1,12,1,0,0,23.414214980980457
2026-04-04,1,13,1,0,0,21.65057771548144
2026-04-04,1,14,1,0,0,29.861968335863658
2026-04-04,1,15,1,0,0,27.18100841434183
2026-04-04,1,16,1,0,0,42.58926764558722
2026-04-04,1,17,1,0,0,53.610574251928256
2026-04-04,1,18,1,0,0,52.85934137394861
2026-04-04,1,19,1,0,0,50.62110672018556
2026-04-04,1,20,1,0,0,36.691500002607334
2026-04-04,1,21,1,0,0,34.44239301088788
2026-04-04,1,22,1,0,0,30.16128140857014
2026-04-04,1,23,1,0,1,25.679158774421953
2026-04-04,2,0,1,0,1,16.425929781474125
2026-04-04,2,1,1,1,0,22.459416816038733
2026-04-04,2,2,1,0,0,6.641833605116197
2026-04-04,2,3,1,0,0,0.0
2026-04-04,2,4,1,0,0,2.674487827060058
2026-04-04,2,5,1,0,0,8.920573981795492
2026-04-04,2,6,1,0,0,25.14508012264389
2026-04-04,2,7,1,0,0,39.185844177854186
2026-04-04,2,8,1,0,0,49.85888486788885
2026-04-04,2,9,1,1,0,49.73986989675854
2026-04-04,2,10,1,0,0,42.69196508631421
2026-04-04,2,11,1,0,0,34.18704653367375
2026-04-04,2,12,1,0,0,29.40970085873055
2026-04-04,2,13,1,0,0,24.873318993774337
2026-04-04,2,14,1,0,0,18.15993980406912
2026-04-04,2,15,1,0,0,34.34603428496097
2026-04-04,2,16,1,0,0,36.713533495242224
2026-04-04,2,17,1,0,0,48.46044437030895
2026-04-04,2,18,1,0,1,57.323756429039385
2026-04-04,2,19,1,0,0,48.73134655744453
2026-04-04,2,20,1,0,0,30.56546279645151
2026-04-04,2,21,1,0,0,32.45514623581673
2026-04-04,2,22,1,0,0,20.876290376534516
2026-04-04,2,23,1,0,0,21.31587695976502
2026-04-04,3,0,1,0,0,9.680285593663301
2026-04-04,3,1,1,0,0,8.62973316713774
2026-04-04,3,2,1,0,0,13.790024834544958
2026-04-04,3,3,1,0,0,9.692975871035655
2026-04-04,3,4,1,0,0,12.594377633336693
2026-04-04,3,5,1,0,0,6.914026769346005
2026-04-04,3,6,1,0,0,33.30246052886607
2026-04-04,3,7,1,0,1,37.11861854623648
2026-04-04,3,8,1,0,0,50.722922217743005
2026-04-04,3,9,1,0,0,53.034703597767354
2026-04-04,3,10,1,0,0,46.33632985267481
2026-04-04,3,11,1,0,0,31.378303640086493
2026-04-04,3,12,1,0,0,24.067503493608996
2026-04-04,3,13,1,0,0,24.417164602186297
2026-04-04,3,14,1,0,0,21.053137689607272
2026-04-04,3,15,1,0,0,41.703669959434706
2026-04-04,3,16,1,0,0,41.41880818719901
2026-04-04,3,17,1,0,0,47.996056090962156
2026-04-04,3,18,1,0,0,59.05409248386655
2026-04-04,3,19,1,0,0,45.67011451037337
2026-04-04,3,20,1,1,0,40.90733376673138
2026-04-04,3,21,1,0,0,23.467065837532274
2026-04-04,3,22,1,0,0,24.68198684377623
2026-04-04,3,23,1,0,0,20.137606286524118
2026-04-04,4,0,1,1,0,18.736906258302653
2026-04-04,4,1,1,0,0,2.7645460767658068
2026-04-04,4,2,1,0,0,6.706284249665454
2026-04-04,4,3,1,0,0,7.470588962473926
2026-04-04,4,4,1,1,0,18.508456109152984
2026-04-04,4,5,1,0,0,6.878969408928875
2026-04-04,4,6,1,0,0,23.094917072833407
2026-04-04,4,7,1,0,0,28.736140818289606
2026-04-04,4,8,1,0,0,38.04195445529305
2026-04-04,4,9,1,1,0,49.137596838788454
2026-04-04,4,10,1,0,1,44.73695727835456
2026-04-04,4,11,1,0,0,21.60622084217095
2026-04-04,4,12,1,0,0,21.51304121168615
2026-04-04,4,13,1,0,0,17.776944496364916
2026-04-04,4,14,1,0,0,22.62648750085966
2026-04-04,4,15,1,0,0,26.68793705032199
2026-04-04,4,16,1,0,0,33.20977677209175
2026-04-04,4,17,1,0,0,40.783661937970855
2026-04-04,4,18,1,0,1,52.771419654957036
2026-04-04,4,19,1,0,0,43.88945285741196
2026-04-04,4,20,1,0,0,29.901586702334473
2026-04-04,4,21,1,0,0,18.516498876917264
2026-04-04,4,22,1,1,0,29.664343598176774
2026-04-04,4,23,1,0,0,20.029535516661376
2026-04-04,5,0,1,0,0,0.08847467197969516
2026-04-04,5,1,1,1,0,12.678711500580913
2026-04-04,5,2,1,1,1,22.116370156805043
2026-04-04,5,3,1,0,0,2.748834005741854
2026-04-04,5,4,1,0,0,0.0
2026-04-04,5,5,1,0,0,0.0
2026-04-04,5,6,1,1,0,27.69702125492121
2026-04-04,5,7,1,0,0,22.87825121682114
2026-04-04,5,8,1,0,0,32.02160495292557
2026-04-04,5,9,1,0,0,39.14739811458963
2026-04-04,5,10,1,0,0,34.87042762846552
2026-04-04,5,11,1,0,0,25.030702160242356
2026-04-04,5,12,1,0,0,18.1107262943743
2026-04-04,5,13,1,0,0,20.155119912059998
2026-04-04,5,14,1,0,0,16.264073713133932
2026-04-04,5,15,1,0,0,21.10583165047425
2026-04-04,5,16,1,0,0,25.76144844181446
2026-04-04,5,17,1,0,0,42.0742277222397
2026-04-04,5,18,1,0,0,43.02698953863016
2026-04-04,5,19,1,0,0,38.57477606537788
2026-04-04,5,20,1,0,0,33.47998129156991
2026-04-04,5,21,1,1,0,21.00964115107731
2026-04-04,5,22,1,1,0,35.26550680140557
2026-04-04,5,23,1,0,0,11.672966984894657
2026-04-05,0,0,1,0,0,20.106469522630753
2026-04-05,0,1,1,0,0,10.400929939878159
2026-04-05,0,2,1,0,1,22.613485103032303
2026-04-05,0,3,1,1,0,26.023640395822458
2026-04-05,0,4,1,0,1,24.467884896429133
2026-04-05,0,5,1,0,0,16.50073455751183
2026-04-05,0,6,1,0,0,24.881423189963733
2026-04-05,0,7,1,0,0,27.37987277350483
2026-04-05,0,8,1,0,1,52.76474672232634
2026-04-05,0,9,1,0,0,41.91950925509331
2026-04-05,0,10,1,0,0,45.72845909501408
2026-04-05,0,11,1,0,0,38.43014949373518
2026-04-05,0,12,1,0,0,29.349088817391205
2026-04-05,0,13,1,0,0,30.447603560037734
2026-04-05,0,14,1,1,0,33.887643805578904
2026-04-05,0,15,1,0,0,28.57325058030155
2026-04-05,0,16,1,1,0,49.550743773847024
2026-04-05,0,17,1,0,0,44.32193300952617
2026-04-05,0,18,1,0,0,66.81280234165283
2026-04-05,0,19,1,0,0,57.61706811320731
2026-04-05,0,20,1,0,0,43.04731338947614
2026-04-05,0,21,1,0,0,41.21962796617034
2026-04-05,0,22,1,0,0,31.049150440978813
2026-04-05,0,23,1,0,0,36.53036244027822
2026-04-05,1,0,1,0,0,13.475377144762708
2026-04-05,1,1,1,0,0,10.554694964527858
2026-04-05,1,2,1,1,0,30.1218817403902
2026-04-05,1,3,1,0,0,6.85606480093086
2026-04-05,1,4,1,0,0,8.422350322721828
2026-04-05,1,5,1,1,0,28.007773541773542
2026-04-05,1,6,1,0,0,22.391032755540774
2026-04-05,1,7,1,0,0,30.103307232975297
2026-04-05,1,8,1,0,0,40.68235626943663
2026-04-05,1,9,1,0,0,49.73912646663431
2026-04-05,1,10,1,0,0,44.2414146614415
2026-04-05,1,11,1,0,0,27.935791791146272
2026-04-05,1,12,1,1,0,41.41168397897424
2026-04-05,1,13,1,0,0,30.711052699241744
2026-04-05,1,14,1,1,1,44.812244502660015
2026-04-05,1,15,1,0,0,30.19390211959724
2026-04-05,1,16,1,0,0,42.06449871970467
2026-04-05,1,17,1,0,0,43.17657013506366
2026-04-05,1,18,1,0,0,44.57583629452263
2026-04-05,1,19,1,0,0,52.96651063924849
2026-04-05,1,20,1,0,0,31.97425205406551
2026-04-05,1,21,1,0,0,31.799582528015623
2026-04-05,1,22,1,0,0,28.09972050476349
2026-04-05,1,23,1,0,0,19.890215148737887
2026-04-05,2,0,1,0,0,9.539545980745613
2026-04-05,2,1,1,1,0,22.49024387373197
2026-04-05,2,2,1,0,0,12.559743345390228
2026-04-05,2,3,1,1,0,11.33799811777555
2026-04-05,2,4,1,0,0,9.374710340292124
2026-04-05,2,5,1,0,0,6.8786887196602295
2026-04-05,2,6,1,0,0,27.65517782123116
2026-04-05,2,7,1,1,0,41.32688525946603
2026-04-05,2,8,1,0,0,45.483008281739075
2026-04-05,2,9,1,1,0,57.24309408105223
2026-04-05,2,10,1,1,1,62.01454486207994
2026-04-05,2,11,1,0,0,27.668449481797133
2026-04-05,2,12,1,0,0,23.887891963481714
2026-04-05,2,13,1,0,0,25.882112235709073
2026-04-05,2,14,1,0,0,27.389517964576054
2026-04-05,2,15,1,0,1,38.13606888662825
2026-04-05,2,16,1,0,0,39.284551384981285
2026-04-05,2,17,1,0,0,50.21780979681581
2026-04-05,2,18,1,0,0,42.820582140112556
2026-04-05,2,19,1,0,0,48.25692661783655
2026-04-05,2,20,1,0,0,35.77192231895678
2026-04-05,2,21,1,0,0,22.730802486969015
2026-04-05,2,22,1,0,0,26.918269955849414
2026-04-05,2,23,1,0,0,27.702447910488026
2026-04-05,3,0,1,0,0,5.632560809756231
2026-04-05,3,1,1,1,0,27.15464113214082
2026-04-05,3,2,1,0,0,4.688733251921983
2026-04-05,3,3,1,0,0,15.613756066545024
2026-04-05,3,4,1,0,0,10.88474823884966
2026-04-05,3,5,1,0,0,11.679925455373679
2026-04-05,3,6,1,0,0,28.609049872725674
2026-04-05,3,7,1,0,0,36.04573411809778
2026-04-05,3,8,1,0,0,50.06476806295328
2026-04-05,3,9,1,0,1,60.2887204223507
2026-04-05,3,10,1,0,0,46.68412883390298
2026-04-05,3,11,1,0,0,29.643206894469394
2026-04-05,3,12,1,1,0,42.15612481091247
2026-04-05,3,13,1,0,0,27.589451018028694
2026-04-05,3,14,1,0,0,27.948315953358144
2026-04-05,3,15,1,0,0,31.695310431057802
2026-04-05,3,16,1,0,0,38.26280021306712
2026-04-05,3,17,1,1,0,63.81399731767391
2026-04-05,3,18,1,0,0,58.681018979623595
2026-04-05,3,19,1,0,0,51.925414296376076
2026-04-05,3,20,1,0,0,38.75723443895655
2026-04-05,3,21,1,0,0,26.136761428610154
2026-04-05,3,22,1,1,0,37.70712919913881
2026-04-05,3,23,1,1,0,33.2033664855301
2026-04-05,4,0,1,1,1,26.97698770717499
2026-04-05,4,1,1,0,0,8.647248657729595
2026-04-05,4,2,1,0,0,1.2194855808792586
2026-04-05,4,3,1,0,1,16.156262403024368
2026-04-05,4,4,1,0,1,8.82367084086956
2026-04-05,4,5,1,1,0,13.126750404524241
2026-04-05,4,6,1,0,0,20.635667738800095
2026-04-05,4,7,1,0,0,21.250157260173026
2026-04-05,4,8,1,0,1,43.21030278041114
2026-04-05,4,9,1,0,1,49.191693135791354
2026-04-05,4,10,1,0,0,37.61317484307506
2026-04-05,4,11,1,1,0,35.85382038713927
2026-04-05,4,12,1,0,0,17.739963670821464
2026-04-05,4,13,1,1,0,32.18856184612335
2026-04-05,4,14,1,0,0,17.8108513464948
2026-04-05,4,15,1,0,0,23.165803029100257
2026-04-05,4,16,1,0,0,26.18350704401449
2026-04-05,4,17,1,1,0,46.277279883839505
2026-04-05,4,18,1,0,0,46.11454899747838
2026-04-05,4,19,1,0,0,38.264004129223046
2026-04-05,4,20,1,1,0,48.92926923311305
2026-04-05,4,21,1,0,1,37.81056911588781
2026-04-05,4,22,1,0,0,17.646592127781172
2026-04-05,4,23,1,0,0,19.963540662211802
2026-04-05,5,0,1,1,1,26.4083629006989
2026-04-05,5,1,1,0,0,1.130919053619192
2026-04-05,5,2,1,0,0,0.0
2026-04-05,5,3,1,0,0,3.089994428082413
2026-04-05,5,4,1,0,0,3.5122953074422787
2026-04-05,5,5,1,0,0,7.82000467677579
2026-04-05,5,6,1,0,0,17.565691915217556
2026-04-05,5,7,1,0,0,24.247393397371
2026-04-05,5,8,1,0,0,32.651367712338114
2026-04-05,5,9,1,1,0,45.45469914889277
2026-04-05,5,10,1,0,0,30.741861919153784
2026-04-05,5,11,1,1,0,39.32728581669356
2026-04-05,5,12,1,0,1,30.91748428404306
2026-04-05,5,13,1,0,1,24.472101509589937
2026-04-05,5,14,1,1,0,25.363491142417377
2026-04-05,5,15,1,0,0,22.471241352652925
2026-04-05,5,16,1,1,0,34.70886233672669
2026-04-05,5,17,1,0,0,33.53682845436454
2026-04-05,5,18,1,0,0,41.61429465024353
2026-04-05,5,19,1,0,0,35.089788836783576
2026-04-05,5,20,1,0,0,27.15039700594726
2026-04-05,5,21,1,0,0,23.45821033874538
2026-04-05,5,22,1,0,1,26.031853321000032
2026-04-05,5,23,1,0,0,16.379263000686965
2026-04-06,0,0,0,0,0,18.699467955691667
2026-04-06,0,1,0,0,0,20.840888536490873
2026-04-06,0,2,0,0,0,13.027269021070476
2026-04-06,0,3,0,0,0,13.38690039534271
2026-04-06,0,4,0,0,0,11.567497052063393
2026-04-06,0,5,0,0,1,17.720815630741352
2026-04-06,0,6,0,0,0,26.649970189688062
2026-04-06,0,7,0,1,0,49.476603021988694
2026-04-06,0,8,0,1,0,59.84851217228471
2026-04-06,0,9,0,0,0,61.855795387796746
2026-04-06,0,10,0,0,0,57.40117469203564
2026-04-06,0,11,0,0,0,37.58967239290619
2026-04-06,0,12,0,0,0,31.19575386597641
2026-04-06,0,13,0,0,0,32.16115287728855
2026-04-06,0,14,0,0,0,32.49553443374121
2026-04-06,0,15,0,0,0,39.53515506216568
2026-04-06,0,16,0,0,0,53.3128230280855
2026-04-06,0,17,0,1,1,88.53076244918412
2026-04-06,0,18,0,0,0,75.3966261269668
2026-04-06,0,19,0,0,0,61.11436472940537
2026-04-06,0,20,0,0,0,56.69021040157341
2026-04-06,0,21,0,1,0,42.409461224828476
2026-04-06,0,22,0,0,0,22.151359682541813
2026-04-06,0,23,0,0,0,30.90551506021851
2026-04-06,1,0,0,0,0,14.659718709375257
2026-04-06,1,1,0,0,0,8.598076540348865
2026-04-06,1,2,0,0,0,6.147463428250388
2026-04-06,1,3,0,1,0,24.046733774136108
2026-04-06,1,4,0,0,0,11.238090655871021
2026-04-06,1,5,0,1,0,16.31293120236266
2026-04-06,1,6,0,0,0,20.97529018348182
2026-04-06,1,7,0,0,0,41.11473726642383
2026-04-06,1,8,0,0,0,53.81982837252217
2026-04-06,1,9,0,0,0,65.2542134036061
2026-04-06,1,10,0,0,0,47.59847524356447
2026-04-06,1,11,0,0,0,28.507209302545732
2026-04-06,1,12,0,0,0,25.97101711769216
2026-04-06,1,13,0,0,0,23.09805252572334
2026-04-06,1,14,0,1,0,37.67376576501582
2026-04-06,1,15,0,0,0,42.6350172889047
2026-04-06,1,16,0,0,0,39.653020311307934
2026-04-06,1,17,0,0,0,64.4385419002844
2026-04-06,1,18,0,0,0,65.66943112631257
2026-04-06,1,19,0,0,0,68.74778805059472
2026-04-06,1,20,0,0,0,42.76172503134523
2026-04-06,1,21,0,0,0,41.476479478364425
2026-04-06,1,22,0,0,0,29.176513833054432
2026-04-06,1,23,0,0,0,25.12649757096778
2026-04-06,2,0,0,1,0,16.031688067348313
2026-04-06,2,1,0,0,0,0.9741948811064347
2026-04-06,2,2,0,0,0,8.358663826075338
2026-04-06,2,3,0,1,0,17.733118710426286
2026-04-06,2,4,0,0,1,17.26666731360967
2026-04-06,2,5,0,0,0,15.76512496628232
2026-04-06,2,6,0,1,0,35.822499926180896
2026-04-06,2,7,0,0,0,38.965439085246935
2026-04-06,2,8,0,0,0,43.265337082742015
2026-04-06,2,9,0,0,0,66.03914063527111
2026-04-06,2,10,0,0,0,51.775218954351125
2026-04-06,2,11,0,0,0,32.36646429937981
2026-04-06,2,12,0,0,0,23.24442233484139
2026-04-06,2,13,0,1,0,38.64714824435967
2026-04-06,2,14,0,0,0,20.56386601899346
2026-04-06,2,15,0,0,0,35.8040583996475
2026-04-06,2,16,0,0,0,47.715128144694134
2026-04-06,2,17,0,1,0,72.62670528699269
2026-04-06,2,18,0,0,0,55.24948326745735
2026-04-06,2,19,0,1,0,74.08002036905276
2026-04-06,2,20,0,0,0,48.52756042710255
2026-04-06,2,21,0,0,1,43.0673840384448
2026-04-06,2,22,0,0,1,31.205350506169236
2026-04-06,2,23,0,0,0,15.644430879400494
2026-04-06,3,0,0,1,0,21.43965866126923
2026-04-06,3,1,0,0,1,13.473110079925043
2026-04-06,3,2,0,0,0,6.589603627946576
2026-04-06,3,3,0,0,0,6.867598164012203
2026-04-06,3,4,0,0,0,15.46985170790062
2026-04-06,3,5,0,0,0,13.37996600908534
2026-04-06,3,6,0,0,0,31.467251751721882
2026-04-06,3,7,0,0,0,42.835095849001696
2026-04-06,3,8,0,0,0,49.18347736087456
2026-04-06,3,9,0,1,0,75.52784202843756
2026-04-06,3,10,0,0,0,52.993949103955124
2026-04-06,3,11,0,0,0,37.83061080101408
2026-04-06,3,12,0,0,0,28.31973162486962
2026-04-06,3,13,0,1,0,42.37890288618686
2026-04-06,3,14,0,0,0,29.153548125030493
2026-04-06,3,15,0,0,0,30.631733217121436
2026-04-06,3,16,0,0,0,46.61693830930919
2026-04-06,3,17,0,0,0,60.0841986246345
2026-04-06,3,18,0,0,0,68.02373963997759
2026-04-06,3,19,0,0,0,62.07637555915274
2026-04-06,3,20,0,0,0,49.32166604503685
2026-04-06,3,21,0,0,0,33.4414095765068
2026-04-06,3,22,0,1,0,36.53114010522986
2026-04-06,3,23,0,0,0,28.95289924726402
2026-04-06,4,0,0,0,0,0.0
2026-04-06,4,1,0,0,0,9.941664724593302
2026-04-06,4,2,0,0,0,3.5209775386324784
2026-04-06,4,3,0,0,0,7.9278856179229376
2026-04-06,4,4,0,0,0,7.543159529758025
2026-04-06,4,5,0,0,0,0.0
2026-04-06,4,6,0,0,0,12.564841177157684
2026-04-06,4,7,0,1,0,43.68480212176913
2026-04-06,4,8,0,1,0,59.22050870384394
2026-04-06,4,9,0,0,1,65.58776958597768
2026-04-06,4,10,0,0,0,43.48911493728253
2026-04-06,4,11,0,0,0,24.35075304413095
2026-04-06,4,12,0,0,0,25.400275070614544
2026-04-06,4,13,0,0,0,18.697389462939384
2026-04-06,4,14,0,0,0,17.838955347277178
2026-04-06,4,15,0,0,0,32.222244848662555
2026-04-06,4,16,0,0,0,42.08880519561758
2026-04-06,4,17,0,0,0,50.87170490541793
2026-04-06,4,18,0,0,0,53.00588295257991
2026-04-06,4,19,0,0,0,51.84097314848929
2026-04-06,4,20,0,0,0,46.31273703444573
2026-04-06,4,21,0,0,0,30.961606059198974
2026-04-06,4,22,0,1,0,37.22877098381282
2026-04-06,4,23,0,0,0,17.110145650583746
2026-04-06,5,0,0,1,0,7.341202527871905
2026-04-06,5,1,0,0,1,16.801933785518983
2026-04-06,5,2,0,0,0,5.875543055971187
2026-04-06,5,3,0,0,0,0.0
2026-04-06,5,4,0,0,0,3.1267956145007627
2026-04-06,5,5,0,1,0,14.088891676479161
2026-04-06,5,6,0,0,0,18.383145511997338
2026-04-06,5,7,0,0,0,30.11793400934981
2026-04-06,5,8,0,1,1,63.33545995094077
2026-04-06,5,9,0,0,0,53.425070454520935
2026-04-06,5,10,0,0,0,43.84232588703083
2026-04-06,5,11,0,0,0,27.45495106470751
2026-04-06,5,12,0,0,0,26.76309080500447
2026-04-06,5,13,0,0,0,14.901949719912645
2026-04-06,5,14,0,0,0,17.751768252086798
2026-04-06,5,15,0,0,0,19.9577003406142
2026-04-06,5,16,0,0,1,43.43574592576492
2026-04-06,5,17,0,0,0,46.608297883393334
2026-04-06,5,18,0,0,0,56.19637163289883
2026-04-06,5,19,0,1,0,68.47046077145743
2026-04-06,5,20,0,0,0,37.35300800304854
2026-04-06,5,21,0,0,0,27.74106539551312
2026-04-06,5,22,0,1,0,31.645352685427344
2026-04-06,5,23,0,0,0,16.843738732321775
2026-04-07,0,0,0,0,0,7.034089586223
2026-04-07,0,1,0,0,0,6.796392872896945
2026-04-07,0,2,0,0,0,16.13330643844
2026-04-07,0,3,0,0,1,27.005570614652697
2026-04-07,0,4,0,0,0,15.69910393886716
2026-04-07,0,5,0,0,0,16.95981829029266
2026-04-07,0,6,0,0,0,32.5219963411782
2026-04-07,0,7,0,0,0,38.8768025531832
2026-04-07,0,8,0,0,0,53.95206724855052
2026-04-07,0,9,0,0,0,70.31760553629827
2026-04-07,0,10,0,0,0,53.345117732833835
2026-04-07,0,11,0,0,0,43.44682854524909
2026-04-07,0,12,0,0,0,35.09114899026311
2026-04-07,0,13,0,0,0,29.00121048672682
2026-04-07,0,14,0,0,0,26.975300259292453
2026-04-07,0,15,0,1,0,42.92424261447814
2026-04-07,0,16,0,0,0,54.67271231985188
2026-04-07,0,17,0,0,0,68.7984638547964
2026-04-07,0,18,0,0,0,69.74192719000703
2026-04-07,0,19,0,0,0,57.70199213252225
2026-04-07,0,20,0,0,0,50.1328558418476
2026-04-07,0,21,0,0,0,30.745790541112008
2026-04-07,0,22,0,0,0,27.896871709134857
2026-04-07,0,23,0,0,0,26.866891030820746
2026-04-07,1,0,0,0,0,12.543141115102816
2026-04-07,1,1,0,0,0,11.246008920253365
2026-04-07,1,2,0,0,0,8.94476988810054
2026-04-07,1,3,0,0,1,22.86563955312044
2026-04-07,1,4,0,0,0,15.145758278562006
2026-04-07,1,5,0,1,0,24.07085844698745
2026-04-07,1,6,0,0,0,26.96617638788201
2026-04-07,1,7,0,0,0,44.553451163890344
2026-04-07,1,8,0,0,0,47.53463978158416
2026-04-07,1,9,0,0,0,68.29723888325861
2026-04-07,1,10,0,0,0,57.44651494709378
2026-04-07,1,11,0,0,0,39.82731408703756
2026-04-07,1,12,0,0,0,32.47002422644977
2026-04-07,1,13,0,0,0,23.359878026154185
2026-04-07,1,14,0,0,0,22.895436332648778
2026-04-07,1,15,0,0,1,45.903338138690565
2026-04-07,1,16,0,0,0,44.181847887226915
2026-04-07,1,17,0,0,0,59.41204643677135
2026-04-07,1,18,0,0,0,62.161845544880286
2026-04-07,1,19,0,0,0,61.6772080325967
2026-04-07,1,20,0,0,0,39.59278121548913
2026-04-07,1,21,0,0,0,36.7520310436948
2026-04-07,1,22,0,0,0,31.755094260122227
2026-04-07,1,23,0,0,0,20.57129737954429
2026-04-07,2,0,0,0,0,10.931113987811472
2026-04-07,2,1,0,0,0,9.159437378826768
2026-04-07,2,2,0,1,0,17.40891265735678
2026-04-07,2,3,0,0,0,15.818271740785498
2026-04-07,2,4,0,0,0,12.171304311139961
2026-04-07,2,5,0,0,0,2.0612371887466097
2026-04-07,2,6,0,0,0,26.44881059503103
2026-04-07,2,7,0,0,0,35.087466642961914
2026-04-07,2,8,0,0,0,44.24090333925019
2026-04-07,2,9,0,0,0,58.72164423602828
2026-04-07,2,10,0,0,0,61.30929626604751
2026-04-07,2,11,0,0,0,34.67114313422063
2026-04-07,2,12,0,0,0,30.406793093025165
2026-04-07,2,13,0,0,1,31.541839064867666
2026-04-07,2,14,0,1,0,34.6567867601521
2026-04-07,2,15,0,1,0,41.99203869451825
2026-04-07,2,16,0,0,0,41.56186726076641
2026-04-07,2,17,0,0,1,75.99401305721402
2026-04-07,2,18,0,0,0,59.7774133029666
2026-04-07,2,19,0,0,0,65.44657548271239
2026-04-07,2,20,0,0,0,48.28035097218859
2026-04-07,2,21,0,0,0,34.8913673230408
2026-04-07,2,22,0,0,0,20.74080886976006
2026-04-07,2,23,0,0,0,17.909019608600346
2026-04-07,3,0,0,0,0,9.749928085777643
2026-04-07,3,1,0,0,0,17.7428218235089
2026-04-07,3,2,0,0,0,16.809117146250152
2026-04-07,3,3,0,0,0,13.336177911465612
2026-04-07,3,4,0,0,0,10.449597761519446
2026-04-07,3,5,0,0,0,14.982257472582459
2026-04-07,3,6,0,0,0,20.81403598902219
2026-04-07,3,7,0,0,0,41.40110504943756
2026-04-07,3,8,0,1,0,59.7090849683155
2026-04-07,3,9,0,0,0,60.684809334621306
2026-04-07,3,10,0,0,0,53.608805647531135
2026-04-07,3,11,0,0,0,33.93049272519711
2026-04-07,3,12,0,0,0,27.18522956524933
2026-04-07,3,13,0,0,0,16.710553401421116
2026-04-07,3,14,0,0,0,27.90015288852787
2026-04-07,3,15,0,1,0,49.56685613756733
2026-04-07,3,16,0,0,0,50.60012921778401
2026-04-07,3,17,0,1,0,70.32677255830225
2026-04-07,3,18,0,1,0,83.01640417900154
2026-04-07,3,19,0,0,0,61.61193464762553
2026-04-07,3,20,0,0,0,52.68054422240729
2026-04-07,3,21,0,0,0,29.092371016488126
2026-04-07,3,22,0,0,0,29.99139400319791
2026-04-07,3,23,0,0,0,18.778066891602347
2026-04-07,4,0,0,0,0,10.492253740212437
2026-04-07,4,1,0,0,0,0.0
2026-04-07,4,2,0,0,0,10.465669319593058
2026-04-07,4,3,0,0,0,1.7169217733036177
2026-04-07,4,4,0,0,0,5.638489783359694
2026-04-07,4,5,0,0,0,0.0
2026-04-07,4,6,0,0,0,15.217169948246134
2026-04-07,4,7,0,0,0,28.11361666123251
2026-04-07,4,8,0,0,0,44.78888938556819
2026-04-07,4,9,0,0,0,63.093422145345166
2026-04-07,4,10,0,0,0,44.386047800730566
2026-04-07,4,11,0,0,0,30.649670524556925
2026-04-07,4,12,0,0,0,12.601084318727375
2026-04-07,4,13,0,0,0,25.088839891654345
2026-04-07,4,14,0,1,1,37.23154579046398
2026-04-07,4,15,0,0,1,36.34992807018617
2026-04-07,4,16,0,0,0,39.49983434371045
2026-04-07,4,17,0,1,0,66.42687107333568
2026-04-07,4,18,0,0,0,62.43536016613497
2026-04-07,4,19,0,0,0,55.09400854772817
2026-04-07,4,20,0,0,0,42.21503305137397
2026-04-07,4,21,0,0,0,27.717490875028883
2026-04-07,4,22,0,0,0,17.55444083644763
2026-04-07,4,23,0,0,1,25.17406775065043
2026-04-07,5,0,0,0,0,6.970496774535621
2026-04-07,5,1,0,0,0,5.755664259490038
2026-04-07,5,2,0,0,0,5.559642794810417
2026-04-07,5,3,0,0,0,4.796426869424931
2026-04-07,5,4,0,0,0,7.627723351602576
2026-04-07,5,5,0,0,0,5.845922329300835
2026-04-07,5,6,0,0,0,19.80466393823235
2026-04-07,5,7,0,0,1,34.28174283238956
2026-04-07,5,8,0,0,0,50.31318696324999
2026-04-07,5,9,0,0,0,45.03498914877666
2026-04-07,5,10,0,0,0,38.33806658763826
2026-04-07,5,11,0,0,0,29.720512851230126
2026-04-07,5,12,0,1,0,33.68930676030994
2026-04-07,5,13,0,0,0,13.19792241560118
2026-04-07,5,14,0,1,0,25.202307709434884
2026-04-07,5,15,0,0,0,25.685659322161555
2026-04-07,5,16,0,0,0,37.43572327834111
2026-04-07,5,17,0,0,0,53.634599096771744
2026-04-07,5,18,0,0,0,52.61131368632809
2026-04-07,5,19,0,0,0,48.292691742404216
2026-04-07,5,20,0,0,0,39.15666102102958
2026-04-07,5,21,0,0,0,32.68516111665088
2026-04-07,5,22,0,0,0,11.64708177418333
2026-04-07,5,23,0,0,0,10.155618488922098
2026-04-08,0,0,0,0,0,18.943659156268673
2026-04-08,0,1,0,1,1,33.00165523602265
2026-04-08,0,2,0,0,1,23.082670814603567
2026-04-08,0,3,0,0,0,15.68794101401365
2026-04-08,0,4,0,0,0,13.07079872096147
2026-04-08,0,5,0,0,0,25.568530007213916
2026-04-08,0,6,0,0,0,28.675662782782265
2026-04-08,0,7,0,0,0,40.700298636339944
2026-04-08,0,8,0,0,0,59.36543147615908
2026-04-08,0,9,0,0,0,67.91143743414095
2026-04-08,0,10,0,1,0,68.97981129243969
2026-04-08,0,11,0,0,0,35.70507827152357
2026-04-08,0,12,0,0,0,29.01985138508025
2026-04-08,0,13,0,0,0,32.76296393393061
2026-04-08,0,14,0,1,0,44.119955538592436
2026-04-08,0,15,0,0,0,35.33239056828187
2026-04-08,0,16,0,0,0,44.87881274168706
2026-04-08,0,17,0,0,0,65.92947157546675
2026-04-08,0,18,0,0,0,68.66138739515127
2026-04-08,0,19,0,0,0,64.72598366605511
2026-04-08,0,20,0,0,1,57.78009912090126
2026-04-08,0,21,0,0,0,41.17609033863064
2026-04-08,0,22,0,0,1,40.58118747065587
2026-04-08,0,23,0,0,0,27.302338091189913
2026-04-08,1,0,0,0,0,13.499497914252384
2026-04-08,1,1,0,0,1,19.503998978407022
2026-04-08,1,2,0,0,0,9.347535909146323
2026-04-08,1,3,0,0,0,13.049973984083485
2026-04-08,1,4,0,0,0,13.605095007929705
2026-04-08,1,5,0,0,0,11.441856704750432
2026-04-08,1,6,0,0,0,27.775954584545506
2026-04-08,1,7,0,0,0,39.13108335608072
2026-04-08,1,8,0,0,0,54.548995770200335
2026-04-08,1,9,0,0,0,59.42463140306192
2026-04-08,1,10,0,0,0,52.188234271462875
2026-04-08,1,11,0,0,0,47.7233773762131
2026-04-08,1,12,0,0,0,22.28981772317828
2026-04-08,1,13,0,0,0,20.607945303682005
2026-04-08,1,14,0,0,0,32.716429720058166
2026-04-08,1,15,0,0,0,23.644553322642913
2026-04-08,1,16,0,0,0,45.42452788525327
2026-04-08,1,17,0,1,0,68.70228246894978
2026-04-08,1,18,0,0,0,69.06774106456749
2026-04-08,1,19,0,0,0,57.52572358626395
2026-04-08,1,20,0,0,0,41.011290224188464
2026-04-08,1,21,0,0,0,41.356748050983114
2026-04-08,1,22,0,0,0,28.56191242151941
2026-04-08,1,23,0,1,0,26.833025349197243
2026-04-08,2,0,0,0,0,11.190628989330277
2026-04-08,2,1,0,0,0,2.3537132576725712
2026-04-08,2,2,0,1,0,17.457383059031148
2026-04-08,2,3,0,0,0,11.249190563250114
2026-04-08,2,4,0,1,0,19.92911152420298
2026-04-08,2,5,0,1,0,18.965676273310624
2026-04-08,2,6,0,1,0,40.69072292776097
2026-04-08,2,7,0,0,0,38.73508840400629
2026-04-08,2,8,0,0,0,47.029629563811
2026-04-08,2,9,0,0,0,60.22280975417757
2026-04-08,2,10,0,0,0,49.400888596282726
2026-04-08,2,11,0,0,0,38.591225165625374
2026-04-08,2,12,0,0,0,27.574998162650946
2026-04-08,2,13,0,0,0,22.40321808020988
2026-04-08,2,14,0,0,1,36.22652285345213
2026-04-08,2,15,0,0,0,28.996439226557452
2026-04-08,2,16,0,1,0,60.616074364772544
2026-04-08,2,17,0,0,0,59.838163532193214
2026-04-08,2,18,0,0,1,73.01085121797367
2026-04-08,2,19,0,0,0,65.82800881230524
2026-04-08,2,20,0,0,0,38.486002014373696
2026-04-08,2,21,0,0,0,26.88144117414534
2026-04-08,2,22,0,0,0,27.830045342299375
2026-04-08,2,23,0,0,0,30.830677774735722
2026-04-08,3,0,0,0,0,12.486007156345456
2026-04-08,3,1,0,0,0,11.24061681684488
2026-04-08,3,2,0,0,0,9.454708975472956
2026-04-08,3,3,0,0,0,8.903566428657461
2026-04-08,3,4,0,0,0,7.66693101642716
2026-04-08,3,5,0,0,0,13.071615327084864
2026-04-08,3,6,0,1,0,39.243347142854994
2026-04-08,3,7,0,1,0,49.57599708493047
2026-04-08,3,8,0,0,0,47.1925106676091
2026-04-08,3,9,0,0,0,66.73021067810461
2026-04-08,3,10,0,0,0,49.46626059674416
2026-04-08,3,11,0,0,0,34.57909526990431
2026-04-08,3,12,0,0,0,25.31283563752837
2026-04-08,3,13,0,1,1,47.08642970056083
2026-04-08,3,14,0,1,0,38.88898348516307
2026-04-08,3,15,0,1,0,44.388316708144664
2026-04-08,3,16,0,0,0,48.4856093089705
2026-04-08,3,17,0,1,0,74.38852131091963
2026-04-08,3,18,0,0,0,68.48362149333641
2026-04-08,3,19,0,0,0,64.2846008213317
2026-04-08,3,20,0,0,1,51.99126774853982
2026-04-08,3,21,0,0,0,43.427290567693674
2026-04-08,3,22,0,0,0,26.367521212208135
2026-04-08,3,23,0,0,0,24.492508589928253
2026-04-08,4,0,0,0,0,6.217319639288757
2026-04-08,4,1,0,0,0,2.0071139737010983
2026-04-08,4,2,0,0,0,6.491394808250297
2026-04-08,4,3,0,0,0,1.83154815144098
2026-04-08,4,4,0,0,0,1.5356704544759783
2026-04-08,4,5,0,1,1,14.524863970228733
2026-04-08,4,6,0,1,0,34.338526326023675
2026-04-08,4,7,0,0,0,27.40793841104791
2026-04-08,4,8,0,0,0,46.46515327847314
2026-04-08,4,9,0,0,0,49.43952273649624
2026-04-08,4,10,0,0,0,42.7733268590796
2026-04-08,4,11,0,0,0,29.323986630864717
2026-04-08,4,12,0,1,1,38.40916490674016
2026-04-08,4,13,0,0,0,12.44426801213972
2026-04-08,4,14,0,0,0,21.828667718469454
2026-04-08,4,15,0,0,0,31.362230336902094
2026-04-08,4,16,0,0,0,39.53359875656701
2026-04-08,4,17,0,0,0,53.37671228037356
2026-04-08,4,18,0,0,0,62.64030889663215
2026-04-08,4,19,0,0,0,48.06737283203637
2026-04-08,4,20,0,0,0,35.1634704003642
2026-04-08,4,21,0,0,0,24.826110970544082
2026-04-08,4,22,0,0,0,24.645459990999065
2026-04-08,4,23,0,0,0,17.43980624588366
2026-04-08,5,0,0,0,0,1.5103805380352109
2026-04-08,5,1,0,0,0,0.0
2026-04-08,5,2,0,0,0,0.0
2026-04-08,5,3,0,0,0,0.0
2026-04-08,5,4,0,0,0,1.77895481498966
2026-04-08,5,5,0,0,0,0.899275860446946
2026-04-08,5,6,0,0,0,25.673394330338464
2026-04-08,5,7,0,0,0,27.671490144698893
2026-04-08,5,8,0,0,0,36.01369748329601
2026-04-08,5,9,0,1,0,66.06558413145207
2026-04-08,5,10,0,0,0,40.73415307456254
2026-04-08,5,11,0,0,0,30.00785373305905
2026-04-08,5,12,0,1,0,32.29469394994132
2026-04-08,5,13,0,0,0,17.96106807757164
2026-04-08,5,14,0,1,0,27.83051147190718
2026-04-08,5,15,0,0,0,24.196529807925884
2026-04-08,5,16,0,1,0,50.78294817429869
2026-04-08,5,17,0,0,0,51.81580534859537
2026-04-08,5,18,0,0,0,63.19809608421877
2026-04-08,5,19,0,1,0,61.03348261637979
2026-04-08,5,20,0,0,0,41.060876813566715
2026-04-08,5,21,0,0,0,27.884334104990074
2026-04-08,5,22,0,0,0,19.045138471414106
2026-04-08,5,23,0,0,0,16.92871489763566
2026-04-09,0,0,0,1,0,21.265408276006678
2026-04-09,0,1,0,0,0,11.540429296467266
2026-04-09,0,2,0,0,0,11.10751836226549
2026-04-09,0,3,0,0,0,8.461999632447672
2026-04-09,0,4,0,1,0,19.39687466148432
2026-04-09,0,5,0,0,0,19.171974128235
2026-04-09,0,6,0,0,0,30.7967100963603
2026-04-09,0,7,0,1,0,58.780578316258406
2026-04-09,0,8,0,0,0,61.880582746002396
2026-04-09,0,9,0,0,0,64.82702318675558
2026-04-09,0,10,0,0,0,60.880720149801505
2026-04-09,0,11,0,0,0,46.23735515129044
2026-04-09,0,12,0,0,0,33.904347866823265
2026-04-09,0,13,0,0,0,27.285669528937404
2026-04-09,0,14,0,0,0,31.2643756811859
2026-04-09,0,15,0,0,1,48.532501456397966
2026-04-09,0,16,0,0,0,53.4788953452614
2026-04-09,0,17,0,0,0,57.65585138546302
2026-04-09,0,18,0,1,0,75.89177348698192
2026-04-09,0,19,0,0,0,66.243722806543
2026-04-09,0,20,0,0,0,54.99291691288255
2026-04-09,0,21,0,0,0,36.60119281824205
2026-04-09,0,22,0,0,0,34.27091013939491
2026-04-09,0,23,0,0,0,32.87249412857973
2026-04-09,1,0,0,0,0,10.803394843965018
2026-04-09,1,1,0,0,0,5.761699119706167
2026-04-09,1,2,0,0,0,10.310794704752862
2026-04-09,1,3,0,0,0,9.157851340527545
2026-04-09,1,4,0,1,0,24.1438818139029
2026-04-09,1,5,0,0,0,14.162556731672444
2026-04-09,1,6,0,0,0,27.603243978218178
2026-04-09,1,7,0,0,0,40.51376583937381
2026-04-09,1,8,0,0,0,48.667689663932144
2026-04-09,1,9,0,0,0,55.443606326274995
2026-04-09,1,10,0,0,0,46.35320994430709
2026-04-09,1,11,0,0,0,35.116942710886455
2026-04-09,1,12,0,1,0,39.668584480048985
2026-04-09,1,13,0,0,0,25.77148718211498
2026-04-09,1,14,0,0,0,19.70911757982308
2026-04-09,1,15,0,0,0,38.26783833662972
2026-04-09,1,16,0,0,0,42.45372376955226
2026-04-09,1,17,0,0,0,60.020496960363545
2026-04-09,1,18,0,0,0,70.69146551331126
2026-04-09,1,19,0,0,0,62.74936414016209
2026-04-09,1,20,0,0,0,54.38764963603656
2026-04-09,1,21,0,0,0,33.0866768695097
2026-04-09,1,22,0,1,0,35.31835044358999
2026-04-09,1,23,0,0,0,22.97991190892669
2026-04-09,2,0,0,1,0,21.05005653537001
2026-04-09,2,1,0,0,0,0.0
2026-04-09,2,2,0,0,0,5.6449046373834335
2026-04-09,2,3,0,0,0,7.942470130613588
2026-04-09,2,4,0,0,0,8.893450610364965
2026-04-09,2,5,0,0,0,6.7230853813825195
2026-04-09,2,6,0,1,0,34.81511842004926
2026-04-09,2,7,0,1,0,44.29182041973853
2026-04-09,2,8,0,1,0,54.27097940765189
2026-04-09,2,9,0,1,0,73.30041992971175
2026-04-09,2,10,0,0,0,48.07473609746641
2026-04-09,2,11,0,0,0,30.716850598244577
2026-04-09,2,12,0,0,0,19.071987042397446
2026-04-09,2,13,0,0,0,24.000447948434374
2026-04-09,2,14,0,0,0,29.00664129434207
2026-04-09,2,15,0,0,0,30.61116144863457
2026-04-09,2,16,0,0,0,42.09019687348124
2026-04-09,2,17,0,0,0,60.18076300207374
2026-04-09,2,18,0,0,0,68.75284784627428
2026-04-09,2,19,0,1,0,72.68897596978795
2026-04-09,2,20,0,0,0,48.55340956755395
2026-04-09,2,21,0,0,0,26.697995110109332
2026-04-09,2,22,0,0,0,21.380388014781488
2026-04-09,2,23,0,0,1,27.803669002597182
2026-04-09,3,0,0,0,1,21.780694062246194
2026-04-09,3,1,0,0,0,9.085151072986212
2026-04-09,3,2,0,1,0,16.599941744585458
2026-04-09,3,3,0,1,1,24.836777195379906
2026-04-09,3,4,0,1,0,27.86041820263906
2026-04-09,3,5,0,0,0,7.176255207799632
2026-04-09,3,6,0,0,0,25.88549729442983
2026-04-09,3,7,0,0,0,44.74739022996249
2026-04-09,3,8,0,0,0,49.57441031723214
2026-04-09,3,9,0,0,0,53.78768573724683
2026-04-09,3,10,0,0,0,50.03467836108219
2026-04-09,3,11,0,0,0,35.21326069043758
2026-04-09,3,12,0,0,0,36.70697705778514
2026-04-09,3,13,0,0,0,25.011195973975518
2026-04-09,3,14,0,0,0,27.98338366159199
2026-04-09,3,15,0,0,0,33.193868008126024
2026-04-09,3,16,0,0,0,50.062009346279524
2026-04-09,3,17,0,1,0,76.48387727074652
2026-04-09,3,18,0,1,0,67.35439683732295
2026-04-09,3,19,0,0,0,58.617947889188784
2026-04-09,3,20,0,1,0,68.24091334076681
2026-04-09,3,21,0,0,0,36.10263555376232
2026-04-09,3,22,0,0,0,27.652921366585048
2026-04-09,3,23,0,0,0,27.967108853467472
2026-04-09,4,0,0,0,0,0.0
2026-04-09,4,1,0,1,0,19.201197858772247
2026-04-09,4,2,0,0,0,8.98862758341083
2026-04-09,4,3,0,0,0,7.492956595562291
2026-04-09,4,4,0,1,0,15.493062494390658
2026-04-09,4,5,0,1,1,23.562863214668557
2026-04-09,4,6,0,0,1,26.299707717150852
2026-04-09,4,7,0,0,0,36.14373523835672
2026-04-09,4,8,0,0,0,40.5171669993675
2026-04-09,4,9,0,0,0,62.41307106757856
2026-04-09,4,10,0,0,0,50.707823128168265
2026-04-09,4,11,0,0,0,38.48017230044971
2026-04-09,4,12,0,0,0,20.068274423893925
2026-04-09,4,13,0,0,0,19.706544637838956
2026-04-09,4,14,0,0,0,21.525400718933003
2026-04-09,4,15,0,1,0,37.535848649388114
2026-04-09,4,16,0,0,0,38.012737772853136
2026-04-09,4,17,0,1,0,62.816795080132465
2026-04-09,4,18,0,0,0,59.309581004036545
2026-04-09,4,19,0,0,0,56.477314270408066
2026-04-09,4,20,0,0,0,42.19168696845411
2026-04-09,4,21,0,0,0,28.670451947476877
2026-04-09,4,22,0,0,0,20.636805566640998
2026-04-09,4,23,0,0,0,18.428640812333814
2026-04-09,5,0,0,0,0,0.4342460329939801
2026-04-09,5,1,0,1,0,20.199596902204078
2026-04-09,5,2,0,0,0,3.822436468647806
2026-04-09,5,3,0,1,0,14.818043986575265
2026-04-09,5,4,0,0,0,0.0
2026-04-09,5,5,0,0,0,8.036374343969158
2026-04-09,5,6,0,0,0,14.108688073304737
2026-04-09,5,7,0,0,0,21.897059278500308
2026-04-09,5,8,0,0,0,50.93509424321816
2026-04-09,5,9,0,1,0,60.45989234873681
2026-04-09,5,10,0,0,1,50.5395501448978
2026-04-09,5,11,0,1,0,41.62352569384303
2026-04-09,5,12,0,0,0,18.55190837326425
2026-04-09,5,13,0,0,0,16.869939061552486
2026-04-09,5,14,0,0,0,13.56410096256772
2026-04-09,5,15,0,0,0,19.045419667155375
2026-04-09,5,16,0,0,0,35.14293602465101
2026-04-09,5,17,0,0,0,55.28895072938657
2026-04-09,5,18,0,0,0,48.86160315181556
2026-04-09,5,19,0,0,0,55.18090446956267
2026-04-09,5,20,0,0,0,41.530301774434044
2026-04-09,5,21,0,0,0,23.54939260611723
2026-04-09,5,22,0,1,0,23.630534258877148
2026-04-09,5,23,0,0,1,27.539975228729674
2026-04-10,0,0,0,0,0,13.781476890063937
2026-04-10,0,1,0,0,0,16.621114870357182
2026-04-10,0,2,0,1,0,25.86825816640877
2026-04-10,0,3,0,0,0,9.969816096314569
2026-04-10,0,4,0,1,0,25.836926016960135
2026-04-10,0,5,0,1,0,26.935065523143336
2026-04-10,0,6,0,0,0,24.61748318957084
2026-04-10,0,7,0,0,0,39.22372627450381
2026-04-10,0,8,0,0,0,54.61534090270661
2026-04-10,0,9,0,0,0,66.80275133574358
2026-04-10,0,10,0,0,0,54.23578073761499
2026-04-10,0,11,0,0,0,37.44411254436261
2026-04-10,0,12,0,1,1,48.77401068560218
2026-04-10,0,13,0,0,0,20.468231886967878
2026-04-10,0,14,0,0,1,40.267451400154634
2026-04-10,0,15,0,0,0,40.891160724655826
2026-04-10,0,16,0,0,1,53.12510636435293
2026-04-10,0,17,0,0,0,59.34264132453286
2026-04-10,0,18,0,0,0,70.8476212413452
2026-04-10,0,19,0,0,0,60.32792802690864
2026-04-10,0,20,0,0,0,49.90956255063968
2026-04-10,0,21,0,0,0,37.36945300323
2026-04-10,0,22,0,0,0,29.80114464658209
2026-04-10,0,23,0,0,0,26.931693389178808
2026-04-10,1,0,0,0,0,4.610963891737367
2026-04-10,1,1,0,0,1,18.509658544962235
2026-04-10,1,2,0,0,0,8.156855155157006
2026-04-10,1,3,0,1,0,24.4265731170931
2026-04-10,1,4,0,1,0,20.372040363855742
2026-04-10,1,5,0,0,0,7.267415017248015
2026-04-10,1,6,0,0,0,23.485045755938586
2026-04-10,1,7,0,0,0,34.375341980356424
2026-04-10,1,8,0,1,0,55.81265856384452
2026-04-10,1,9,0,0,0,65.0662260834116
2026-04-10,1,10,0,0,1,60.04557040345935
2026-04-10,1,11,0,1,0,48.377579814452446
2026-04-10,1,12,0,0,0,34.261577579586515
2026-04-10,1,13,0,1,0,37.516146100988344
2026-04-10,1,14,0,1,0,38.857120328533014
2026-04-10,1,15,0,0,0,29.895703862540753
2026-04-10,1,16,0,0,0,51.595377870460155
2026-04-10,1,17,0,0,0,62.75544456620945
2026-04-10,1,18,0,0,0,65.63159090983139
2026-04-10,1,19,0,0,0,62.93570783212471
2026-04-10,1,20,0,1,0,58.333848627543595
2026-04-10,1,21,0,0,0,35.081679288951314
2026-04-10,1,22,0,1,0,48.375529740812055
2026-04-10,1,23,0,0,0,26.83114492693923
2026-04-10,2,0,0,0,0,10.90923263070301
2026-04-10,2,1,0,0,0,3.7667410297882133
2026-04-10,2,2,0,0,0,4.495391679540826
2026-04-10,2,3,0,0,0,8.121803349070218
2026-04-10,2,4,0,0,0,9.173176497852559
2026-04-10,2,5,0,0,0,5.824824471916178
2026-04-10,2,6,0,0,0,34.35194755810858
2026-04-10,2,7,0,0,0,32.02130050472576
2026-04-10,2,8,0,0,0,47.589587521163324
2026-04-10,2,9,0,0,0,56.09921124171212
2026-04-10,2,10,0,0,0,57.96142031170882
2026-04-10,2,11,0,1,0,36.272729608782676
2026-04-10,2,12,0,0,0,28.136650427781074
2026-04-10,2,13,0,0,0,20.909219667379826
2026-04-10,2,14,0,0,0,21.67540832642068
2026-04-10,2,15,0,0,0,31.65286722747581
2026-04-10,2,16,0,0,1,45.97713459398167
2026-04-10,2,17,0,0,0,61.83291208030801
2026-04-10,2,18,0,0,0,67.41945972182386
2026-04-10,2,19,0,0,0,56.953390875489056
2026-04-10,2,20,0,0,0,49.12669754617462
2026-04-10,2,21,0,0,0,35.27765567801924
2026-04-10,2,22,0,0,0,24.496920936165708
2026-04-10,2,23,0,0,0,20.04489206400058
2026-04-10,3,0,0,0,0,19.21484198596439
2026-04-10,3,1,0,1,0,18.053995916298696
2026-04-10,3,2,0,0,0,7.55826923409367
2026-04-10,3,3,0,0,0,11.074046225641217
2026-04-10,3,4,0,0,0,12.002589326324967
2026-04-10,3,5,0,0,0,9.440428603808975
2026-04-10,3,6,0,0,1,39.07886137159235
2026-04-10,3,7,0,0,0,40.60169634065458
2026-04-10,3,8,0,0,0,49.58173048240133
2026-04-10,3,9,0,0,0,64.49146525464018
2026-04-10,3,10,0,0,0,57.835861888310646
2026-04-10,3,11,0,0,0,33.00542526247503
2026-04-10,3,12,0,0,1,36.78531461869742
2026-04-10,3,13,0,0,0,29.16387538890003
2026-04-10,3,14,0,0,0,32.15386365979419
2026-04-10,3,15,0,0,0,34.726643227747466
2026-04-10,3,16,0,0,0,44.87714679115661
2026-04-10,3,17,0,0,0,58.8799535259062
2026-04-10,3,18,0,1,0,71.1907232200754
2026-04-10,3,19,0,0,0,58.916579781478916
2026-04-10,3,20,0,0,0,51.8029901289278
2026-04-10,3,21,0,0,0,28.398213019416367
2026-04-10,3,22,0,0,0,36.21686631653396
2026-04-10,3,23,0,0,0,27.153180759949628
2026-04-10,4,0,0,0,0,0.1332475214262514
2026-04-10,4,1,0,0,0,3.6672001503530316
2026-04-10,4,2,0,0,0,7.406192172623509
2026-04-10,4,3,0,1,0,19.336913746148923
2026-04-10,4,4,0,0,0,3.413930741892696
2026-04-10,4,5,0,0,0,2.3986445943686014
2026-04-10,4,6,0,0,0,15.643777615235624
2026-04-10,4,7,0,1,0,46.275003214423954
2026-04-10,4,8,0,1,0,52.279529855056595
2026-04-10,4,9,0,0,0,50.92636326034037
2026-04-10,4,10,0,1,0,56.00470421570444
2026-04-10,4,11,0,0,0,30.96826047915653
2026-04-10,4,12,0,0,0,23.499212133709364
2026-04-10,4,13,0,0,0,10.184370893607914
2026-04-10,4,14,0,0,0,25.656946403645957
2026-04-10,4,15,0,0,0,26.78286061902098
2026-04-10,4,16,0,0,0,40.92358699569439
2026-04-10,4,17,0,0,0,54.042249765342646
2026-04-10,4,18,0,0,0,54.4604828020131
2026-04-10,4,19,0,1,0,63.52717621140691
2026-04-10,4,20,0,0,0,36.279772073031
2026-04-10,4,21,0,0,0,29.42020786082828
2026-04-10,4,22,0,1,0,30.689990726909087
2026-04-10,4,23,0,0,0,17.860917382615867
2026-04-10,5,0,0,1,0,12.086625323215582
2026-04-10,5,1,0,0,0,0.0
2026-04-10,5,2,0,0,0,0.0
2026-04-10,5,3,0,1,0,17.03474789186096
2026-04-10,5,4,0,0,0,0.0
2026-04-10,5,5,0,1,0,14.82302501759601
2026-04-10,5,6,0,0,0,15.251828421487422
2026-04-10,5,7,0,0,0,33.025000489474664
2026-04-10,5,8,0,0,0,46.28954609937659
2026-04-10,5,9,0,1,0,51.449336657186606
2026-04-10,5,10,0,0,1,48.53275857349365
2026-04-10,5,11,0,0,0,32.61192614893906
2026-04-10,5,12,0,0,0,13.051249013670478
2026-04-10,5,13,0,0,0,20.28740506188011
2026-04-10,5,14,0,0,0,15.692879490883021
2026-04-10,5,15,0,1,0,22.20147191859035
2026-04-10,5,16,0,0,0,35.615551604632316
2026-04-10,5,17,0,0,0,50.53748902577147
2026-04-10,5,18,0,0,0,59.98148478918194
2026-04-10,5,19,0,0,0,51.392705424536466
2026-04-10,5,20,0,0,0,37.46149433895166
2026-04-10,5,21,0,1,0,34.3404226203813
2026-04-10,5,22,0,0,0,17.79910336270187
2026-04-10,5,23,0,0,0,19.272888786032272
2026-04-11,0,0,1,0,0,16.45113987874119
2026-04-11,0,1,1,0,0,15.070094071531972
2026-04-11,0,2,1,0,0,13.448135994578724
2026-04-11,0,3,1,0,0,9.465637982816558
2026-04-11,0,4,1,0,0,10.519314754132179
2026-04-11,0,5,1,0,1,19.46115950513275
2026-04-11,0,6,1,0,0,29.6771108537453
2026-04-11,0,7,1,0,0,29.84253649047607
2026-04-11,0,8,1,0,0,41.085756455067546
2026-04-11,0,9,1,0,0,53.70239226414593
2026-04-11,0,10,1,0,1,52.9592846026972
2026-04-11,0,11,1,0,0,43.64823434149148
2026-04-11,0,12,1,0,0,27.19049065843865
2026-04-11,0,13,1,0,0,34.13113848940768
2026-04-11,0,14,1,0,0,32.619307701274856
2026-04-11,0,15,1,0,0,37.694385830853086
2026-04-11,0,16,1,0,0,49.037927739288016
2026-04-11,0,17,1,0,0,49.49131227428362
2026-04-11,0,18,1,0,0,56.80433893250615
2026-04-11,0,19,1,0,0,53.046218356681706
2026-04-11,0,20,1,0,0,46.21459646934058
2026-04-11,0,21,1,1,1,56.340121226633606
2026-04-11,0,22,1,0,0,27.17820117295221
2026-04-11,0,23,1,0,0,28.458064864300912
2026-04-11,1,0,1,0,0,10.148820613935914
2026-04-11,1,1,1,1,0,24.78463032979966
2026-04-11,1,2,1,1,0,18.275037411119083
2026-04-11,1,3,1,0,0,13.213895874033701
2026-04-11,1,4,1,0,0,5.550247404041093
2026-04-11,1,5,1,0,0,15.129887884381256
2026-04-11,1,6,1,0,0,27.414824870181896
2026-04-11,1,7,1,0,0,33.9463230066382
2026-04-11,1,8,1,0,0,43.18704332013803
2026-04-11,1,9,1,1,0,54.641805150596376
2026-04-11,1,10,1,0,0,38.41094359899882
2026-04-11,1,11,1,0,0,31.62103449775249
2026-04-11,1,12,1,0,0,22.263386241148957
2026-04-11,1,13,1,0,0,24.068300347419743
2026-04-11,1,14,1,0,0,21.3159461868692
2026-04-11,1,15,1,0,0,30.807832660465664
2026-04-11,1,16,1,0,0,38.57239464506729
2026-04-11,1,17,1,0,0,50.629145422844
2026-04-11,1,18,1,0,0,54.24109940335317
2026-04-11,1,19,1,1,0,54.07813525869388
2026-04-11,1,20,1,0,0,38.549743102446456
2026-04-11,1,21,1,1,0,47.80172719589723
2026-04-11,1,22,1,0,0,24.89144037947857
2026-04-11,1,23,1,0,0,26.46695096834564
2026-04-11,2,0,1,0,0,2.735100206066492
2026-04-11,2,1,1,0,1,16.00171810237823
2026-04-11,2,2,1,0,1,9.784062616486906
2026-04-11,2,3,1,0,0,11.092382641180963
2026-04-11,2,4,1,0,0,6.6168884610054075
2026-04-11,2,5,1,0,0,9.346551428819268
2026-04-11,2,6,1,0,1,24.129304860140365
2026-04-11,2,7,1,0,0,28.440697906771426
2026-04-11,2,8,1,0,0,39.8918750772152
2026-04-11,2,9,1,0,0,41.64074653366545
2026-04-11,2,10,1,0,0,44.463267324770854
2026-04-11,2,11,1,0,0,26.9804974088726
2026-04-11,2,12,1,1,0,40.73438828646219
2026-04-11,2,13,1,1,0,33.103048587092424
2026-04-11,2,14,1,0,0,25.497511313006747
2026-04-11,2,15,1,0,0,33.37510844482717
2026-04-11,2,16,1,1,0,46.85365203317805
2026-04-11,2,17,1,0,0,45.58394970318326
2026-04-11,2,18,1,1,0,52.01622901531656
2026-04-11,2,19,1,0,0,47.94248948655293
2026-04-11,2,20,1,0,0,24.94756694124545
2026-04-11,2,21,1,0,0,31.87749332213491
2026-04-11,2,22,1,0,0,21.958536045866836
2026-04-11,2,23,1,0,0,25.151467927698757
2026-04-11,3,0,1,0,0,13.075213966474688
2026-04-11,3,1,1,0,0,5.3027575189841745
2026-04-11,3,2,1,1,0,20.30976921268306
2026-04-11,3,3,1,1,0,22.498496992390727
2026-04-11,3,4,1,0,0,10.887810144104815
2026-04-11,3,5,1,1,0,22.919222399631586
2026-04-11,3,6,1,1,1,41.34094108135182
2026-04-11,3,7,1,0,0,32.593836956007245
2026-04-11,3,8,1,0,0,44.43335099630537
2026-04-11,3,9,1,0,0,48.24025091191668
2026-04-11,3,10,1,0,0,42.48597605757996
2026-04-11,3,11,1,0,0,36.81011896992213
2026-04-11,3,12,1,0,0,24.961957083687988
2026-04-11,3,13,1,0,0,23.620541206039718
2026-04-11,3,14,1,0,0,28.573456331415272
2026-04-11,3,15,1,0,0,37.783591467264316
2026-04-11,3,16,1,0,0,46.95625117085095
2026-04-11,3,17,1,0,0,41.57119582686165
2026-04-11,3,18,1,0,0,58.51657326737485
2026-04-11,3,19,1,0,0,60.02019037784823
2026-04-11,3,20,1,1,0,52.92186994617394
2026-04-11,3,21,1,1,0,38.17266287294047
2026-04-11,3,22,1,0,1,29.607893340153186
2026-04-11,3,23,1,0,0,33.88278312203316
2026-04-11,4,0,1,0,0,7.363476878044169
2026-04-11,4,1,1,0,0,10.752871849271584
2026-04-11,4,2,1,0,0,8.270456962877905
2026-04-11,4,3,1,0,0,7.793290073713662
2026-04-11,4,4,1,0,0,4.677929613183678
2026-04-11,4,5,1,0,0,5.405989739967696
2026-04-11,4,6,1,1,0,26.810663888434856
2026-04-11,4,7,1,0,0,26.87888027319784
2026-04-11,4,8,1,0,0,34.855921332518875
2026-04-11,4,9,1,1,0,49.09610185716594
2026-04-11,4,10,1,0,0,41.320139049418856
2026-04-11,4,11,1,0,0,24.89465771789093
2026-04-11,4,12,1,0,0,24.23601332082014
2026-04-11,4,13,1,0,0,25.35917040360111
2026-04-11,4,14,1,0,0,20.04140452341229
2026-04-11,4,15,1,0,0,24.212338600778107
2026-04-11,4,16,1,0,1,40.921261209227914
2026-04-11,4,17,1,0,0,45.37628235593309
2026-04-11,4,18,1,0,0,51.71349358924186
2026-04-11,4,19,1,0,0,46.01037034770233
2026-04-11,4,20,1,0,0,32.26019287758607
2026-04-11,4,21,1,0,0,24.581879328243048
2026-04-11,4,22,1,0,0,16.273245691214363
2026-04-11,4,23,1,0,0,12.815683661043098
2026-04-11,5,0,1,0,0,7.60761707651769
2026-04-11,5,1,1,0,0,0.0
2026-04-11,5,2,1,0,0,2.2678024565434574
2026-04-11,5,3,1,0,0,4.942076490900872
2026-04-11,5,4,1,0,0,5.901142314634091
2026-04-11,5,5,1,0,0,0.613380978514988
2026-04-11,5,6,1,0,0,15.25072852678911
2026-04-11,5,7,1,0,0,33.94621531949762
2026-04-11,5,8,1,0,0,41.258492914194164
2026-04-11,5,9,1,0,0,39.51204197954541
2026-04-11,5,10,1,0,0,32.034803375806355
2026-04-11,5,11,1,0,0,29.709397221536804
2026-04-11,5,12,1,0,0,23.944873098415563
2026-04-11,5,13,1,1,0,21.634680265785914
2026-04-11,5,14,1,0,0,12.51601252761731
2026-04-11,5,15,1,1,0,37.79226989389163
2026-04-11,5,16,1,0,1,35.45631354584758
2026-04-11,5,17,1,0,0,39.38308947197394
2026-04-11,5,18,1,0,0,41.88323068223396
2026-04-11,5,19,1,0,0,40.44214892492743
2026-04-11,5,20,1,0,0,25.392850648017472
2026-04-11,5,21,1,0,0,21.326716883319605
2026-04-11,5,22,1,0,0,17.90821874276281
2026-04-11,5,23,1,0,0,20.330950836288714
2026-04-12,0,0,1,0,0,18.51416327197498
2026-04-12,0,1,1,1,0,20.4894404886074
2026-04-12,0,2,1,1,0,28.35837471410114
2026-04-12,0,3,1,0,0,14.196791792885024
2026-04-12,0,4,1,0,0,16.381536132492766
2026-04-12,0,5,1,0,0,22.148282009620765
2026-04-12,0,6,1,0,0,29.57114752580087
2026-04-12,0,7,1,1,0,47.12977425510517
2026-04-12,0,8,1,0,1,47.05739758918472
2026-04-12,0,9,1,0,0,57.28250672254786
2026-04-12,0,10,1,0,0,49.877291029545965
2026-04-12,0,11,1,0,0,33.905869836124545
2026-04-12,0,12,1,0,0,29.72349424877354
2026-04-12,0,13,1,1,0,42.21484451890828
2026-04-12,0,14,1,0,0,26.464195896132964
2026-04-12,0,15,1,0,0,31.762259304680803
2026-04-12,0,16,1,0,0,43.69646298915669
2026-04-12,0,17,1,0,0,53.36303941645677
2026-04-12,0,18,1,1,0,66.2453186260328
2026-04-12,0,19,1,0,0,44.755976705384704
2026-04-12,0,20,1,1,0,43.042572711256476
2026-04-12,0,21,1,0,0,32.41122512954002
2026-04-12,0,22,1,0,0,29.89284037660891
2026-04-12,0,23,1,0,0,18.54463380800287
2026-04-12,1,0,1,1,0,25.801044092029546
2026-04-12,1,1,1,0,0,14.144959876822414
2026-04-12,1,2,1,0,0,6.4848711137034565
2026-04-12,1,3,1,0,0,14.101889838624409
2026-04-12,1,4,1,1,0,17.937270698330543
2026-04-12,1,5,1,0,1,16.758905047520685
2026-04-12,1,6,1,0,0,29.82332677430229
2026-04-12,1,7,1,0,0,28.82706922051219
2026-04-12,1,8,1,0,0,40.16178681238591
2026-04-12,1,9,1,0,0,53.135229021016514
2026-04-12,1,10,1,0,0,39.8356962621441
2026-04-12,1,11,1,1,0,37.44883349580286
2026-04-12,1,12,1,0,0,23.975114450135088
2026-04-12,1,13,1,0,0,26.582961501761663
2026-04-12,1,14,1,1,0,34.29670741883178
2026-04-12,1,15,1,0,0,24.744331221975123
2026-04-12,1,16,1,1,0,49.264263041922355
2026-04-12,1,17,1,0,0,49.857340579932966
2026-04-12,1,18,1,0,1,56.626816899928286
2026-04-12,1,19,1,0,0,47.93165995626594
2026-04-12,1,20,1,0,0,35.199996042016444
2026-04-12,1,21,1,0,0,32.08568841278147
2026-04-12,1,22,1,0,0,16.20566680761344
2026-04-12,1,23,1,1,0,30.516240511029167
2026-04-12,2,0,1,0,0,8.558418392004812
2026-04-12,2,1,1,0,0,12.484687396799469
2026-04-12,2,2,1,1,0,19.095038207901972
2026-04-12,2,3,1,0,0,6.833513097545902
2026-04-12,2,4,1,1,0,24.26665879010192
2026-04-12,2,5,1,0,0,18.683012740620306
2026-04-12,2,6,1,0,0,23.658008080033394
2026-04-12,2,7,1,0,0,34.719241273793806
2026-04-12,2,8,1,1,0,45.62321138060473
2026-04-12,2,9,1,0,0,48.95747049789814
2026-04-12,2,10,1,0,0,40.63388719743699
2026-04-12,2,11,1,1,0,38.202806667942035
2026-04-12,2,12,1,0,0,24.419049703030666
2026-04-12,2,13,1,0,0,23.900805740359573
2026-04-12,2,14,1,0,0,21.54556721494243
2026-04-12,2,15,1,0,0,28.490768182872205
2026-04-12,2,16,1,0,0,33.77245920327371
2026-04-12,2,17,1,0,0,42.19013815847468
2026-04-12,2,18,1,1,1,71.71306956405141
2026-04-12,2,19,1,0,0,46.15198321927371
2026-04-12,2,20,1,0,0,35.67762247934646
2026-04-12,2,21,1,0,0,32.37359161357772
2026-04-12,2,22,1,0,0,24.973763194622805
2026-04-12,2,23,1,0,0,21.918232539234026
2026-04-12,3,0,1,0,0,4.288528669725482
2026-04-12,3,1,1,0,0,6.567151337319194
2026-04-12,3,2,1,0,0,11.737871297728645
2026-04-12,3,3,1,0,0,16.577408747537113
2026-04-12,3,4,1,0,0,13.361570094786924
2026-04-12,3,5,1,0,0,13.91887254041036
2026-04-12,3,6,1,0,0,31.32147986686697
2026-04-12,3,7,1,0,0,20.045487115734442
2026-04-12,3,8,1,0,0,48.39762922013757
2026-04-12,3,9,1,0,0,52.21146338581145
2026-04-12,3,10,1,0,0,39.44726718049015
2026-04-12,3,11,1,0,0,29.860128674144644
2026-04-12,3,12,1,0,0,24.025853825179137
2026-04-12,3,13,1,0,0,23.63656830131997
2026-04-12,3,14,1,0,0,31.956017742178773
2026-04-12,3,15,1,0,0,25.878206838520885
2026-04-12,3,16,1,0,0,37.85599647772236
2026-04-12,3,17,1,0,1,57.76681941812709
2026-04-12,3,18,1,0,0,50.957079603852144
2026-04-12,3,19,1,0,1,52.717376361449126
2026-04-12,3,20,1,0,0,42.13779150413031
2026-04-12,3,21,1,0,0,27.344223514381845
2026-04-12,3,22,1,0,0,31.937987188174844
2026-04-12,3,23,1,0,0,21.730824337007583
2026-04-12,4,0,1,0,0,6.553323534820278
2026-04-12,4,1,1,0,0,11.28387664284364
2026-04-12,4,2,1,0,0,4.038607957854001
2026-04-12,4,3,1,1,0,18.787151617446433
2026-04-12,4,4,1,1,0,20.296255597870736
2026-04-12,4,5,1,0,0,0.0
2026-04-12,4,6,1,0,0,17.350264253070044
2026-04-12,4,7,1,0,0,24.11713817934941
2026-04-12,4,8,1,0,0,42.98532427727898
2026-04-12,4,9,1,0,0,46.556082879021936
2026-04-12,4,10,1,0,0,37.27314533255573
2026-04-12,4,11,1,0,0,32.5632921237665
2026-04-12,4,12,1,0,0,18.059245193796123
2026-04-12,4,13,1,0,1,30.622229869900323
2026-04-12,4,14,1,0,0,25.51164192984441
2026-04-12,4,15,1,0,0,28.6294930319131
2026-04-12,4,16,1,0,1,37.4426563640195
2026-04-12,4,17,1,1,0,50.168643661930744
2026-04-12,4,18,1,1,0,54.445603859041036
2026-04-12,4,19,1,1,0,56.84460139809032
2026-04-12,4,20,1,0,0,27.261745153733422
2026-04-12,4,21,1,0,0,25.22755553994342
2026-04-12,4,22,1,0,0,11.747052434375284
2026-04-12,4,23,1,0,0,20.386637296727127
2026-04-12,5,0,1,0,0,3.1734021960278045
2026-04-12,5,1,1,0,0,8.850007313743504
2026-04-12,5,2,1,0,0,2.396474473404135
2026-04-12,5,3,1,0,0,0.0
2026-04-12,5,4,1,0,0,0.0
2026-04-12,5,5,1,1,0,9.836754162128095
2026-04-12,5,6,1,0,0,17.114163017887137
2026-04-12,5,7,1,0,0,27.265146069381963
2026-04-12,5,8,1,0,0,34.18018542623707
2026-04-12,5,9,1,0,0,37.093155513757786
2026-04-12,5,10,1,1,0,47.22210548899242
2026-04-12,5,11,1,0,0,21.4470209999957
2026-04-12,5,12,1,0,0,20.168612836263705
2026-04-12,5,13,1,0,0,14.035695215843736
2026-04-12,5,14,1,1,0,28.926600945867342
2026-04-12,5,15,1,0,0,13.215017643030592
2026-04-12,5,16,1,0,0,31.63739807485868
2026-04-12,5,17,1,0,0,41.73838148913156
2026-04-12,5,18,1,0,0,45.10040102017712
2026-04-12,5,19,1,0,0,35.42980820427581
2026-04-12,5,20,1,1,0,39.542327859325816
2026-04-12,5,21,1,0,0,17.542072897481226
2026-04-12,5,22,1,0,0,16.331628700619344
2026-04-12,5,23,1,0,0,20.53673396923716
2026-04-13,0,0,0,1,0,20.550887406244918
2026-04-13,0,1,0,0,0,19.986044865592127
2026-04-13,0,2,0,1,0,29.480886824425433
2026-04-13,0,3,0,0,0,10.039685892163144
2026-04-13,0,4,0,0,0,15.745215186056884
2026-04-13,0,5,0,0,1,14.864745382186774
2026-04-13,0,6,0,0,0,34.71991713858335
2026-04-13,0,7,0,1,0,58.42135142006541
2026-04-13,0,8,0,0,0,57.03419956051529
2026-04-13,0,9,0,0,0,56.42178762375724
2026-04-13,0,10,0,0,0,54.16339388404811
2026-04-13,0,11,0,0,0,39.39834830818157
2026-04-13,0,12,0,1,0,39.116774271673435
2026-04-13,0,13,0,0,0,32.020293730235956
2026-04-13,0,14,0,0,0,31.14544970176013
2026-04-13,0,15,0,1,0,51.75603051414295
2026-04-13,0,16,0,0,0,53.52602770528678
2026-04-13,0,17,0,1,0,77.73308004945694
2026-04-13,0,18,0,0,0,72.66134984699836
2026-04-13,0,19,0,0,0,56.33808213542668
2026-04-13,0,20,0,0,0,49.9943715720077
2026-04-13,0,21,0,0,1,43.20180312712357
2026-04-13,0,22,0,0,0,29.327827227977266
2026-04-13,0,23,0,0,0,30.900257062042648
2026-04-13,1,0,0,0,0,8.533425300977656
2026-04-13,1,1,0,0,0,8.023991512298297
2026-04-13,1,2,0,0,0,5.138975355749893
2026-04-13,1,3,0,0,0,13.754115709864164
2026-04-13,1,4,0,0,0,13.525402279387368
2026-04-13,1,5,0,0,0,11.028723347203835
2026-04-13,1,6,0,0,0,26.549193158450777
2026-04-13,1,7,0,1,0,54.04065034014413
2026-04-13,1,8,0,0,0,58.17596263591763
2026-04-13,1,9,0,1,0,69.38421305915911
2026-04-13,1,10,0,0,0,47.223454272401234
2026-04-13,1,11,0,0,0,41.09931886508601
2026-04-13,1,12,0,0,0,24.405798613298664
2026-04-13,1,13,0,0,0,26.816871907776292
2026-04-13,1,14,0,0,0,21.85509663602234
2026-04-13,1,15,0,0,1,42.438430760228485
2026-04-13,1,16,0,0,0,48.76037993542847
2026-04-13,1,17,0,1,0,76.60144913681465
2026-04-13,1,18,0,0,0,74.25944050793717
2026-04-13,1,19,0,0,0,59.15238370382438
2026-04-13,1,20,0,1,0,60.50282212710437
2026-04-13,1,21,0,0,0,32.34311088881554
2026-04-13,1,22,0,0,0,25.753179656165095
2026-04-13,1,23,0,1,0,35.66561464402522
2026-04-13,2,0,0,0,0,15.336563732022054
2026-04-13,2,1,0,1,0,23.226166172927446
2026-04-13,2,2,0,0,0,13.058707617774372
2026-04-13,2,3,0,0,0,11.51019538282619
2026-04-13,2,4,0,0,0,8.54780422190029
2026-04-13,2,5,0,1,0,16.172058572840054
2026-04-13,2,6,0,0,0,25.599372929893285
2026-04-13,2,7,0,0,0,41.94674463986502
2026-04-13,2,8,0,0,0,50.828079433809286
2026-04-13,2,9,0,0,0,55.00914534996636
2026-04-13,2,10,0,0,0,54.33358292246489
2026-04-13,2,11,0,0,0,29.893038674059987
2026-04-13,2,12,0,1,0,41.90508365096814
2026-04-13,2,13,0,0,0,32.291212047496934
2026-04-13,2,14,0,0,0,21.646534524207922
2026-04-13,2,15,0,0,0,36.22634529211187
2026-04-13,2,16,0,0,0,44.2396787838898
2026-04-13,2,17,0,0,0,62.32021786387107
2026-04-13,2,18,0,0,0,69.15133525569055
2026-04-13,2,19,0,0,0,61.622905679763264
2026-04-13,2,20,0,0,0,48.827276736684816
2026-04-13,2,21,0,0,0,18.38241198151534
2026-04-13,2,22,0,0,0,21.37518774925755
2026-04-13,2,23,0,1,1,41.337116891996246
2026-04-13,3,0,0,0,0,14.739104413905565
2026-04-13,3,1,0,0,0,12.323247522756645
2026-04-13,3,2,0,0,0,11.372080622578173
2026-04-13,3,3,0,0,0,16.199620668273248
2026-04-13,3,4,0,0,1,20.544894622785804
2026-04-13,3,5,0,0,0,9.33826806084788
2026-04-13,3,6,0,0,0,26.79281018403036
2026-04-13,3,7,0,1,0,51.01839556037729
2026-04-13,3,8,0,0,0,54.73906462265354
2026-04-13,3,9,0,0,0,57.069619504652806
2026-04-13,3,10,0,0,0,57.61863213526726
2026-04-13,3,11,0,0,0,45.86335131077771
2026-04-13,3,12,0,0,0,33.814921486528256
2026-04-13,3,13,0,0,0,26.913961936207524
2026-04-13,3,14,0,0,0,25.23633220801629
2026-04-13,3,15,0,1,0,48.685888178909444
2026-04-13,3,16,0,0,0,45.94555934869819
2026-04-13,3,17,0,0,0,56.74078026713078
2026-04-13,3,18,0,0,0,66.85859848037346
2026-04-13,3,19,0,0,0,67.74348929830082
2026-04-13,3,20,0,0,0,48.59420659639674
2026-04-13,3,21,0,0,0,35.16349993658505
2026-04-13,3,22,0,0,0,20.726364598920398
2026-04-13,3,23,0,1,0,33.321243138122334
2026-04-13,4,0,0,0,0,1.8235317215505087
2026-04-13,4,1,0,0,0,8.181028122431837
2026-04-13,4,2,0,0,0,3.210173433610886
2026-04-13,4,3,0,0,0,9.725906098398108
2026-04-13,4,4,0,0,0,0.0
2026-04-13,4,5,0,1,0,15.69096907325952
2026-04-13,4,6,0,0,0,23.154914743279893
2026-04-13,4,7,0,0,0,36.365858762794176
2026-04-13,4,8,0,0,0,41.32355896397382
2026-04-13,4,9,0,0,0,57.140690025068146
2026-04-13,4,10,0,1,0,58.5390809935884
2026-04-13,4,11,0,0,0,33.71366381596262
2026-04-13,4,12,0,0,0,22.328473557165605
2026-04-13,4,13,0,0,0,20.157526007551628
2026-04-13,4,14,0,0,0,19.975294316054804
2026-04-13,4,15,0,1,0,41.889197702477304
2026-04-13,4,16,0,1,0,50.48073322835751
2026-04-13,4,17,0,0,0,52.99883819693601
2026-04-13,4,18,0,0,0,61.221900517493964
2026-04-13,4,19,0,0,0,54.89792497214405
2026-04-13,4,20,0,0,0,36.76171265010871
2026-04-13,4,21,0,0,0,29.344914656665434
2026-04-13,4,22,0,0,0,18.349929065214717
2026-04-13,4,23,0,0,0,21.245182387946418
2026-04-13,5,0,0,0,0,3.6169913968102354
2026-04-13,5,1,0,0,1,11.777995293718066
2026-04-13,5,2,0,0,0,3.319169286694728
2026-04-13,5,3,0,1,1,18.502914461246295
2026-04-13,5,4,0,0,0,2.4977847063052927
2026-04-13,5,5,0,1,0,18.176680454827004
2026-04-13,5,6,0,0,0,15.124934925026825
2026-04-13,5,7,0,0,0,27.484709256928546
2026-04-13,5,8,0,1,0,58.89810178107191
2026-04-13,5,9,0,0,0,47.84661971624739
2026-04-13,5,10,0,0,0,44.69828038968741
2026-04-13,5,11,0,0,0,34.60080486737498
2026-04-13,5,12,0,0,0,21.001730953373034
2026-04-13,5,13,0,0,0,13.37511704514868
2026-04-13,5,14,0,0,0,11.841492388452703
2026-04-13,5,15,0,0,0,31.264053922223592
2026-04-13,5,16,0,0,0,36.830472144855655
2026-04-13,5,17,0,1,0,63.814056480361316
2026-04-13,5,18,0,0,0,56.42182520069301
2026-04-13,5,19,0,0,0,46.832061168764525
2026-04-13,5,20,0,0,0,33.98357260189822
2026-04-13,5,21,0,0,0,21.000708384931713
2026-04-13,5,22,0,0,0,14.033674258915015
2026-04-13,5,23,0,0,0,12.259433635661077
2026-04-14,0,0,0,0,0,12.884984818635886
2026-04-14,0,1,0,0,0,6.981815352357053
2026-04-14,0,2,0,0,0,21.369897657040404
2026-04-14,0,3,0,0,0,16.56077623843375
2026-04-14,0,4,0,0,0,14.499620542712975
2026-04-14,0,5,0,0,0,14.328187621505053
2026-04-14,0,6,0,0,0,31.52440423416572
2026-04-14,0,7,0,0,0,40.038472066131675
2026-04-14,0,8,0,0,0,51.71910702854243
2026-04-14,0,9,0,0,0,66.65763322089062
2026-04-14,0,10,0,0,0,48.79540131787051
2026-04-14,0,11,0,1,0,56.463482958521446
2026-04-14,0,12,0,0,0,26.40243176082388
2026-04-14,0,13,0,0,0,29.1786242726372
2026-04-14,0,14,0,1,0,53.78672683552589
2026-04-14,0,15,0,0,0,43.22853471190466
2026-04-14,0,16,0,0,0,44.49583854055668
2026-04-14,0,17,0,1,0,68.34528208769248
2026-04-14,0,18,0,0,0,70.15530844415456
2026-04-14,0,19,0,0,0,68.18524296993445
2026-04-14,0,20,0,0,1,59.04008864664553
2026-04-14,0,21,0,0,0,32.39736617609098
2026-04-14,0,22,0,0,0,32.550352006826685
2026-04-14,0,23,0,0,0,24.64203115445012
2026-04-14,1,0,0,0,0,11.413215889574158
2026-04-14,1,1,0,0,0,12.3715376859989
2026-04-14,1,2,0,0,0,13.94240952982965
2026-04-14,1,3,0,0,0,11.29061685341382
2026-04-14,1,4,0,0,0,8.53072617093518
2026-04-14,1,5,0,0,0,7.539762321060133
2026-04-14,1,6,0,0,0,20.816614190303316
2026-04-14,1,7,0,0,0,34.3484598753734
2026-04-14,1,8,0,0,0,53.47645325095545
2026-04-14,1,9,0,0,0,64.30066199983351
2026-04-14,1,10,0,1,0,60.13930400816588
2026-04-14,1,11,0,0,0,41.77959970895041
2026-04-14,1,12,0,0,0,29.284762331440138
2026-04-14,1,13,0,0,0,25.41955514112941
2026-04-14,1,14,0,0,0,27.34593985439439
2026-04-14,1,15,0,0,0,33.709751329997104
2026-04-14,1,16,0,0,0,40.89082613171466
2026-04-14,1,17,0,0,0,56.13009594732023
2026-04-14,1,18,0,0,0,67.13409389188433
2026-04-14,1,19,0,0,0,61.216695518093694
2026-04-14,1,20,0,0,0,50.99940475193091
2026-04-14,1,21,0,0,0,34.05608035655199
2026-04-14,1,22,0,1,0,37.59088457606013
2026-04-14,1,23,0,0,0,31.848340385044146
2026-04-14,2,0,0,0,0,4.865081259506901
2026-04-14,2,1,0,1,0,17.50738480901161
2026-04-14,2,2,0,0,0,2.77705446738406
2026-04-14,2,3,0,1,0,21.108195269803655
2026-04-14,2,4,0,0,0,9.537720842999258
2026-04-14,2,5,0,1,0,18.961203075316497
2026-04-14,2,6,0,0,0,25.79415047296774
2026-04-14,2,7,0,0,0,32.57400208014694
2026-04-14,2,8,0,0,0,46.10903984902741
2026-04-14,2,9,0,0,0,61.10267590684083
2026-04-14,2,10,0,1,0,66.80418720630142
2026-04-14,2,11,0,0,0,29.603591963859692
2026-04-14,2,12,0,0,0,22.483326127883682
2026-04-14,2,13,0,0,0,25.273993299986408
2026-04-14,2,14,0,0,0,26.56437852689032
2026-04-14,2,15,0,0,0,31.201959558253364
2026-04-14,2,16,0,0,0,41.55257350105893
2026-04-14,2,17,0,0,0,64.80359962077779
2026-04-14,2,18,0,0,0,68.87701658447061
2026-04-14,2,19,0,0,0,52.91083056452546
2026-04-14,2,20,0,0,0,47.57077014965319
2026-04-14,2,21,0,0,0,28.836787137404137
2026-04-14,2,22,0,0,0,31.425415669987753
2026-04-14,2,23,0,0,1,31.46389223505961
2026-04-14,3,0,0,0,0,10.428677393083225
2026-04-14,3,1,0,0,0,6.705063652472849
2026-04-14,3,2,0,0,0,8.074061379544775
2026-04-14,3,3,0,0,0,13.38220697976003
2026-04-14,3,4,0,0,0,21.918841607987503
2026-04-14,3,5,0,0,0,8.222974039149733
2026-04-14,3,6,0,0,0,31.64040312540676
2026-04-14,3,7,0,0,1,42.96712911454269
2026-04-14,3,8,0,0,0,54.11676212992146
2026-04-14,3,9,0,0,0,63.370508750237654
2026-04-14,3,10,0,0,0,55.98713439935086
2026-04-14,3,11,0,0,0,31.03669365551206
2026-04-14,3,12,0,0,1,41.03575173014348
2026-04-14,3,13,0,0,0,26.211657180294882
2026-04-14,3,14,0,0,0,24.3152929068783
2026-04-14,3,15,0,0,0,36.98443219583481
2026-04-14,3,16,0,0,0,48.96980899714935
2026-04-14,3,17,0,0,0,61.77850592091553
2026-04-14,3,18,0,0,0,75.58720334848849
2026-04-14,3,19,0,0,0,59.792126553176686
2026-04-14,3,20,0,1,0,51.67657163771745
2026-04-14,3,21,0,1,0,50.77446616313919
2026-04-14,3,22,0,0,0,29.3663155733286
2026-04-14,3,23,0,0,0,24.377674576166058
2026-04-14,4,0,0,0,0,2.8455694275959402
2026-04-14,4,1,0,0,0,6.878525111519129
2026-04-14,4,2,0,0,0,4.727069164911029
2026-04-14,4,3,0,0,0,5.550857905727054
2026-04-14,4,4,0,0,0,3.1866482702241843
2026-04-14,4,5,0,0,0,6.999006108589557
2026-04-14,4,6,0,0,0,17.69728297833063
2026-04-14,4,7,0,0,0,36.27432331311427
2026-04-14,4,8,0,1,0,56.61359795879235
2026-04-14,4,9,0,0,0,52.481355289361325
2026-04-14,4,10,0,0,0,44.661222778682976
2026-04-14,4,11,0,0,0,29.053962790757282
2026-04-14,4,12,0,0,0,21.928706907391454
2026-04-14,4,13,0,0,0,21.69765045742549
2026-04-14,4,14,0,0,0,19.984375063604023
2026-04-14,4,15,0,0,0,36.72339990135521
2026-04-14,4,16,0,0,0,35.99554191928029
2026-04-14,4,17,0,0,0,52.80894131623436
2026-04-14,4,18,0,0,0,59.739516463631496
2026-04-14,4,19,0,0,1,59.03300007265425
2026-04-14,4,20,0,0,0,38.49571904327706
2026-04-14,4,21,0,0,0,22.02600993870577
2026-04-14,4,22,0,0,0,18.9870665089293
2026-04-14,4,23,0,0,0,19.600586573721262
2026-04-14,5,0,0,0,0,2.614709799017141
2026-04-14,5,1,0,0,0,0.0
2026-04-14,5,2,0,0,0,0.0
2026-04-14,5,3,0,0,0,2.998899510332903
2026-04-14,5,4,0,1,1,24.712542010396348
2026-04-14,5,5,0,0,0,5.190889715301525
2026-04-14,5,6,0,0,0,24.832684134583758
2026-04-14,5,7,0,0,0,34.62357167571362
2026-04-14,5,8,0,0,0,45.771489040219464
2026-04-14,5,9,0,0,0,62.141569569872665
2026-04-14,5,10,0,0,0,41.997911516287175
2026-04-14,5,11,0,0,0,26.63707875503906
2026-04-14,5,12,0,0,0,16.552950029748864
2026-04-14,5,13,0,1,0,20.468038164560582
2026-04-14,5,14,0,0,0,13.156273672159184
2026-04-14,5,15,0,0,0,29.294279056903335
2026-04-14,5,16,0,0,0,41.2073594140825
2026-04-14,5,17,0,0,0,46.50960388483562
2026-04-14,5,18,0,0,0,54.809270234718866
2026-04-14,5,19,0,0,0,45.59987274810257
2026-04-14,5,20,0,1,0,46.44820150562967
2026-04-14,5,21,0,0,0,24.13441145344961
2026-04-14,5,22,0,0,1,24.132534048002803
2026-04-14,5,23,0,1,0,28.724984993218154
2026-04-15,0,0,0,0,0,22.110030391676027
2026-04-15,0,1,0,1,0,23.271893972238495
2026-04-15,0,2,0,0,0,13.925584932046753
2026-04-15,0,3,0,0,0,1.34243825643075
2026-04-15,0,4,0,0,0,16.664527642947533
2026-04-15,0,5,0,0,0,8.401354568026592
2026-04-15,0,6,0,0,0,31.458720596348364
2026-04-15,0,7,0,0,0,37.160134332554925
2026-04-15,0,8,0,0,0,51.07489752986945
2026-04-15,0,9,0,0,0,61.95654491140443
2026-04-15,0,10,0,0,0,58.59310603384406
2026-04-15,0,11,0,0,0,35.62070157283317
2026-04-15,0,12,0,0,0,34.81005488844952
2026-04-15,0,13,0,0,0,34.150652888964125
2026-04-15,0,14,0,0,0,22.887618462040308
2026-04-15,0,15,0,1,0,44.43360191714756
2026-04-15,0,16,0,0,0,45.333334733918754
2026-04-15,0,17,0,0,0,61.602935669916555
2026-04-15,0,18,0,0,0,76.01615384505205
2026-04-15,0,19,0,1,0,73.93272186287673
2026-04-15,0,20,0,0,0,52.997906458331606
2026-04-15,0,21,0,0,0,31.25764411638596
2026-04-15,0,22,0,0,0,33.28269391924512
2026-04-15,0,23,0,0,0,26.89156993430188
2026-04-15,1,0,0,0,0,8.3696361168009
2026-04-15,1,1,0,0,0,6.223783280637626
2026-04-15,1,2,0,0,0,15.370018681700763
2026-04-15,1,3,0,0,0,9.341879444611196
2026-04-15,1,4,0,1,0,21.70506086117988
2026-04-15,1,5,0,0,0,10.464764178725657
2026-04-15,1,6,0,0,0,32.347100471790284
2026-04-15,1,7,0,0,0,30.84813958941163
2026-04-15,1,8,0,1,0,65.18649603764193
2026-04-15,1,9,0,1,0,69.737677884532
2026-04-15,1,10,0,0,0,52.38793216645788
2026-04-15,1,11,0,0,0,42.480672105571124
2026-04-15,1,12,0,0,0,31.755129356233706
2026-04-15,1,13,0,0,1,37.2160583465382
2026-04-15,1,14,0,0,1,30.11494759344121
2026-04-15,1,15,0,0,0,27.54550170640276
2026-04-15,1,16,0,0,0,47.11317866451296
2026-04-15,1,17,0,0,0,56.18673553337198
2026-04-15,1,18,0,0,0,63.2950441867958
2026-04-15,1,19,0,1,0,67.4886585273095
2026-04-15,1,20,0,0,0,48.72542499775768
2026-04-15,1,21,0,0,0,37.445526556110636
2026-04-15,1,22,0,0,0,22.95313331596749
2026-04-15,1,23,0,1,0,34.949407502236156
2026-04-15,2,0,0,0,0,14.27505776286258
2026-04-15,2,1,0,0,0,7.578278870180324
2026-04-15,2,2,0,0,0,13.675965441610067
2026-04-15,2,3,0,0,0,5.795735399635612
2026-04-15,2,4,0,0,1,15.974447132306828
2026-04-15,2,5,0,0,0,16.47058182574257
2026-04-15,2,6,0,0,0,23.72653408422287
2026-04-15,2,7,0,0,0,34.81656620801608
2026-04-15,2,8,0,0,0,50.01692011173709
2026-04-15,2,9,0,0,0,53.61141190701056
2026-04-15,2,10,0,1,0,52.03071669519978
2026-04-15,2,11,0,0,0,28.847712432767707
2026-04-15,2,12,0,0,0,24.7287336355521
2026-04-15,2,13,0,1,0,32.23965116133021
2026-04-15,2,14,0,0,0,26.713780635038898
2026-04-15,2,15,0,0,0,25.995818628759718
2026-04-15,2,16,0,0,0,48.36122213254061
2026-04-15,2,17,0,0,0,58.55176795791907
2026-04-15,2,18,0,0,0,67.18860130677946
2026-04-15,2,19,0,1,0,67.68309490603315
2026-04-15,2,20,0,0,0,45.75307971414734
2026-04-15,2,21,0,0,0,37.54899252388773
2026-04-15,2,22,0,1,0,42.08485060072296
2026-04-15,2,23,0,0,0,21.118511092745283
2026-04-15,3,0,0,0,0,12.58770543134541
2026-04-15,3,1,0,0,0,10.24629779305806
2026-04-15,3,2,0,0,0,11.739504745211505
2026-04-15,3,3,0,0,0,13.224408757059996
2026-04-15,3,4,0,0,0,14.044874476142523
2026-04-15,3,5,0,0,0,13.948237985491533
2026-04-15,3,6,0,0,0,33.392984588456244
2026-04-15,3,7,0,0,0,36.79535239871797
2026-04-15,3,8,0,0,0,49.563787801104546
2026-04-15,3,9,0,0,0,65.96159222487991
2026-04-15,3,10,0,0,0,48.80390251559805
2026-04-15,3,11,0,0,0,43.13940702405842
2026-04-15,3,12,0,0,1,33.17685129119907
2026-04-15,3,13,0,0,0,28.522256771430772
2026-04-15,3,14,0,0,0,25.83068832996884
2026-04-15,3,15,0,0,0,36.20497649031804
2026-04-15,3,16,0,0,0,53.254158789619794
2026-04-15,3,17,0,0,1,71.25382767324604
2026-04-15,3,18,0,0,0,69.42809617164576
2026-04-15,3,19,0,0,0,65.404958392369
2026-04-15,3,20,0,0,0,56.61429969903409
2026-04-15,3,21,0,0,0,38.099890676655896
2026-04-15,3,22,0,0,0,26.490841081165843
2026-04-15,3,23,0,0,1,40.51685770147703
2026-04-15,4,0,0,0,0,3.27334904466385
2026-04-15,4,1,0,0,0,0.0
2026-04-15,4,2,0,0,0,2.797134675926529
2026-04-15,4,3,0,0,0,4.867201401323271
2026-04-15,4,4,0,1,0,12.702913420733847
2026-04-15,4,5,0,0,0,0.12428378149082508
2026-04-15,4,6,0,0,0,22.11898664301126
2026-04-15,4,7,0,0,0,32.41246564292775
2026-04-15,4,8,0,1,0,61.696234355663094
2026-04-15,4,9,0,1,0,59.36999027784315
2026-04-15,4,10,0,0,0,49.854682288378335
2026-04-15,4,11,0,0,0,30.095512297023163
2026-04-15,4,12,0,0,0,15.946027875544189
2026-04-15,4,13,0,0,0,23.785258613749818
2026-04-15,4,14,0,1,0,36.54903752001455
2026-04-15,4,15,0,0,0,32.730234077250685
2026-04-15,4,16,0,0,0,36.09940675660831
2026-04-15,4,17,0,0,1,53.748599280612844
2026-04-15,4,18,0,0,0,65.8953781241464
2026-04-15,4,19,0,0,0,59.906243329218086
2026-04-15,4,20,0,0,0,38.716670222332176
2026-04-15,4,21,0,0,0,26.876415449663273
2026-04-15,4,22,0,0,0,19.531236018560058
2026-04-15,4,23,0,0,0,16.548577833271217
2026-04-15,5,0,0,0,0,2.7875973224237933
2026-04-15,5,1,0,0,0,0.0
2026-04-15,5,2,0,0,0,2.4161988363709286
2026-04-15,5,3,0,0,0,7.078421299004636
2026-04-15,5,4,0,0,0,0.13772414458958449
2026-04-15,5,5,0,0,0,0.4134273762824847
2026-04-15,5,6,0,0,0,21.333077727995278
2026-04-15,5,7,0,0,0,20.66354312762782
2026-04-15,5,8,0,0,0,44.29853836534752
2026-04-15,5,9,0,0,0,44.29715803036741
2026-04-15,5,10,0,0,0,34.55980379188284
2026-04-15,5,11,0,0,0,29.44683364395426
2026-04-15,5,12,0,0,0,17.313708513833664
2026-04-15,5,13,0,0,0,10.326286121450753
2026-04-15,5,14,0,0,0,19.330766147560883
2026-04-15,5,15,0,0,0,26.429049996024016
2026-04-15,5,16,0,0,0,36.55273363452911
2026-04-15,5,17,0,0,0,55.3791100916131
2026-04-15,5,18,0,0,0,62.64231745619418
2026-04-15,5,19,0,0,0,53.86604938284142
2026-04-15,5,20,0,0,0,36.633220151207006
2026-04-15,5,21,0,0,0,29.31125958364548
2026-04-15,5,22,0,1,0,33.160816312465535
2026-04-15,5,23,0,0,0,15.160066704599563
2026-04-16,0,0,0,0,0,16.045787215835837
2026-04-16,0,1,0,1,0,21.807876509871843
2026-04-16,0,2,0,1,0,33.37771772208628
2026-04-16,0,3,0,0,0,12.311135229974825
2026-04-16,0,4,0,0,0,14.253165963513936
2026-04-16,0,5,0,1,0,22.220505927288336
2026-04-16,0,6,0,0,0,34.72648408610112
2026-04-16,0,7,0,0,0,41.159765534707645
2026-04-16,0,8,0,0,0,54.69461098405455
2026-04-16,0,9,0,0,0,62.39326327283731
2026-04-16,0,10,0,0,0,51.55597414791992
2026-04-16,0,11,0,0,0,30.83212658796503
2026-04-16,0,12,0,0,0,23.90185520147222
2026-04-16,0,13,0,1,0,39.200682217896
2026-04-16,0,14,0,0,0,32.10659990381069
2026-04-16,0,15,0,0,0,42.79475391280974
2026-04-16,0,16,0,0,0,43.98950615098735
2026-04-16,0,17,0,0,0,69.57500203044785
2026-04-16,0,18,0,0,0,70.1830310738494
2026-04-16,0,19,0,0,0,68.85496771016531
2026-04-16,0,20,0,1,0,59.03958309788732
2026-04-16,0,21,0,1,0,43.42960672266216
2026-04-16,0,22,0,1,0,41.17439454490144
2026-04-16,0,23,0,0,0,27.214268028519637
2026-04-16,1,0,0,1,0,19.801988128514587
2026-04-16,1,1,0,0,0,14.690174880656118
2026-04-16,1,2,0,0,0,15.430821318232672
2026-04-16,1,3,0,0,1,16.87661717295721
2026-04-16,1,4,0,0,0,13.546857866210157
2026-04-16,1,5,0,1,0,27.764176646389373
2026-04-16,1,6,0,0,0,33.529220529758966
2026-04-16,1,7,0,0,0,34.82738651941955
2026-04-16,1,8,0,0,0,48.30742630548541
2026-04-16,1,9,0,0,0,60.26647571866833
2026-04-16,1,10,0,0,0,45.41903036713709
2026-04-16,1,11,0,0,0,30.82219390042057
2026-04-16,1,12,0,0,0,23.649635811718007
2026-04-16,1,13,0,0,0,25.78901353657497
2026-04-16,1,14,0,0,0,23.81436363049778
2026-04-16,1,15,0,1,0,41.99202737853313
2026-04-16,1,16,0,0,0,45.089245207915944
2026-04-16,1,17,0,1,0,68.42722460057095
2026-04-16,1,18,0,0,0,72.96070329850015
2026-04-16,1,19,0,0,0,63.48418334611945
2026-04-16,1,20,0,0,0,43.640267497848114
2026-04-16,1,21,0,0,0,37.47314176606992
2026-04-16,1,22,0,1,0,39.1870688565925
2026-04-16,1,23,0,0,0,30.41798558557967
2026-04-16,2,0,0,0,0,15.937573690893679
2026-04-16,2,1,0,0,1,16.442669877384283
2026-04-16,2,2,0,0,0,11.951347116404994
2026-04-16,2,3,0,1,0,22.127046242838396
2026-04-16,2,4,0,0,0,8.255672332158413
2026-04-16,2,5,0,0,0,5.6309553867767095
2026-04-16,2,6,0,0,0,26.244915051325705
2026-04-16,2,7,0,0,0,33.679416653680086
2026-04-16,2,8,0,0,0,51.98830313573221
2026-04-16,2,9,0,0,0,59.48978924319752
2026-04-16,2,10,0,0,0,45.09337584445045
2026-04-16,2,11,0,0,0,32.35867772973846
2026-04-16,2,12,0,0,0,33.13348173782785
2026-04-16,2,13,0,0,0,22.23857091589781
2026-04-16,2,14,0,0,0,30.12226451455973
2026-04-16,2,15,0,0,0,31.407870502728294
2026-04-16,2,16,0,0,0,51.60325121641634
2026-04-16,2,17,0,0,0,59.24952354968171
2026-04-16,2,18,0,0,0,69.93113268788386
2026-04-16,2,19,0,0,1,75.93128704534114
2026-04-16,2,20,0,0,0,49.57879706275441
2026-04-16,2,21,0,0,0,37.51849927255777
2026-04-16,2,22,0,0,0,27.352288652859517
2026-04-16,2,23,0,0,0,20.6792332463344
2026-04-16,3,0,0,0,0,14.254851702855937
2026-04-16,3,1,0,0,0,11.186782858675478
2026-04-16,3,2,0,0,0,6.998363373082561
2026-04-16,3,3,0,0,0,12.06524416312892
2026-04-16,3,4,0,0,0,12.84331290591117
2026-04-16,3,5,0,0,0,16.624897698419698
2026-04-16,3,6,0,0,0,33.66910093327866
2026-04-16,3,7,0,1,0,45.06714756028604
2026-04-16,3,8,0,0,0,48.235000206333126
2026-04-16,3,9,0,0,0,57.181738966643394
2026-04-16,3,10,0,0,1,59.99519998343739
2026-04-16,3,11,0,0,0,36.13050452456217
2026-04-16,3,12,0,0,0,24.683286103499295
2026-04-16,3,13,0,0,0,29.246363791267132
2026-04-16,3,14,0,0,0,22.19612218742653
2026-04-16,3,15,0,0,0,35.96304480986275
2026-04-16,3,16,0,1,0,57.30536378853923
2026-04-16,3,17,0,0,0,59.65226298028322
2026-04-16,3,18,0,0,0,71.21504106497703
2026-04-16,3,19,0,0,0,60.080221156656805
2026-04-16,3,20,0,0,0,46.820848553775136
2026-04-16,3,21,0,0,0,37.394328700597995
2026-04-16,3,22,0,0,0,27.89847831249219
2026-04-16,3,23,0,0,0,30.242355390631545
2026-04-16,4,0,0,1,0,20.185140583304495
2026-04-16,4,1,0,0,0,9.410699308417428
2026-04-16,4,2,0,0,0,0.0
2026-04-16,4,3,0,0,0,6.12334912117215
2026-04-16,4,4,0,0,0,7.416113182293082
2026-04-16,4,5,0,0,0,10.522577436059713
2026-04-16,4,6,0,0,0,19.81737253510036
2026-04-16,4,7,0,1,1,52.615085854607
2026-04-16,4,8,0,0,0,47.97320788052996
2026-04-16,4,9,0,0,0,56.70697899577413
2026-04-16,4,10,0,0,0,42.7318876558067
2026-04-16,4,11,0,0,0,33.38646878324123
2026-04-16,4,12,0,0,0,19.41850921741849
2026-04-16,4,13,0,0,0,18.54645080087957
2026-04-16,4,14,0,0,1,29.725789857289907
2026-04-16,4,15,0,0,0,32.81907262630847
2026-04-16,4,16,0,0,0,38.874000756565735
2026-04-16,4,17,0,0,0,55.13939173468415
2026-04-16,4,18,0,0,0,66.67787093723466
2026-04-16,4,19,0,0,0,56.23100971337799
2026-04-16,4,20,0,0,0,37.34430480923762
2026-04-16,4,21,0,0,0,26.227433559042282
2026-04-16,4,22,0,0,0,27.332474148475644
2026-04-16,4,23,0,0,1,34.09369629205768
2026-04-16,5,0,0,0,0,2.9907058396577453
2026-04-16,5,1,0,0,0,1.3381191991557817
2026-04-16,5,2,0,0,0,2.8657754954013375
2026-04-16,5,3,0,0,1,13.872120957821476
2026-04-16,5,4,0,0,0,6.242895616813125
2026-04-16,5,5,0,0,1,11.79854678349416
2026-04-16,5,6,0,0,0,21.060584705721027
2026-04-16,5,7,0,0,0,35.18514348971382
2026-04-16,5,8,0,0,0,47.4214489167107
2026-04-16,5,9,0,0,0,50.66232375821937
2026-04-16,5,10,0,0,0,31.64907286868491
2026-04-16,5,11,0,0,0,26.0933983679929
2026-04-16,5,12,0,0,0,12.462817194125906
2026-04-16,5,13,0,0,0,15.751185542953008
2026-04-16,5,14,0,0,0,17.937436388059073
2026-04-16,5,15,0,0,0,30.274602409640295
2026-04-16,5,16,0,0,0,34.93080843641303
2026-04-16,5,17,0,0,1,60.839270166734366
2026-04-16,5,18,0,0,0,59.92075801451647
2026-04-16,5,19,0,0,0,48.82355509280908
2026-04-16,5,20,0,0,0,32.18226562815349
2026-04-16,5,21,0,1,0,36.712226838278234
2026-04-16,5,22,0,0,0,15.076660787477659
2026-04-16,5,23,0,0,0,19.422884304754017
2026-04-17,0,0,0,0,1,21.432662847443886
2026-04-17,0,1,0,0,0,17.196267250275525
2026-04-17,0,2,0,0,0,11.39980065790094
2026-04-17,0,3,0,0,0,10.452732674916664
2026-04-17,0,4,0,0,0,10.542854379539842
2026-04-17,0,5,0,1,0,28.782867796846006
2026-04-17,0,6,0,0,0,25.118635624633853
2026-04-17,0,7,0,0,0,38.128051679297556
2026-04-17,0,8,0,0,0,54.42983691698616
2026-04-17,0,9,0,0,0,61.12689962399783
2026-04-17,0,10,0,0,0,61.71888542968948
2026-04-17,0,11,0,1,0,53.78073120848654
2026-04-17,0,12,0,0,0,26.488573040458903
2026-04-17,0,13,0,1,0,37.923035329370926
2026-04-17,0,14,0,0,0,23.7226364484072
2026-04-17,0,15,0,0,0,39.638862026378334
2026-04-17,0,16,0,1,0,55.20433384827832
2026-04-17,0,17,0,0,1,69.15803641572343
2026-04-17,0,18,0,0,0,71.27205777479023
2026-04-17,0,19,0,0,0,57.361907206170734
2026-04-17,0,20,0,0,0,49.934268137274
2026-04-17,0,21,0,0,0,36.570891551867106
2026-04-17,0,22,0,1,0,38.46066802571353
2026-04-17,0,23,0,0,0,26.025424075809205
2026-04-17,1,0,0,1,0,16.807803312286072
2026-04-17,1,1,0,0,0,13.789633826352464
2026-04-17,1,2,0,0,0,7.223823295504638
2026-04-17,1,3,0,1,0,30.807159051598223
2026-04-17,1,4,0,0,0,10.573978930443547
2026-04-17,1,5,0,1,0,30.225700350881006
2026-04-17,1,6,0,0,0,29.664336932858554
2026-04-17,1,7,0,0,0,40.212338173841104
2026-04-17,1,8,0,1,0,66.1382730523625
2026-04-17,1,9,0,0,0,64.03330274781506
2026-04-17,1,10,0,0,0,52.57523853756085
2026-04-17,1,11,0,0,0,37.5783572046677
2026-04-17,1,12,0,0,0,27.915472938427474
2026-04-17,1,13,0,0,0,26.838651894736888
2026-04-17,1,14,0,0,0,25.36116140699054
2026-04-17,1,15,0,0,0,39.914830302948374
2026-04-17,1,16,0,0,0,45.266493829578074
2026-04-17,1,17,0,0,0,64.48007423373403
2026-04-17,1,18,0,0,0,75.05198367635046
2026-04-17,1,19,0,0,0,64.3881468520689
2026-04-17,1,20,0,0,0,48.20338023270637
2026-04-17,1,21,0,0,0,36.066912308577194
2026-04-17,1,22,0,0,0,26.896865383928116
2026-04-17,1,23,0,0,0,22.716328841353008
2026-04-17,2,0,0,1,0,20.223703698364027
2026-04-17,2,1,0,0,0,4.65589363133459
2026-04-17,2,2,0,0,0,6.616810191663504
2026-04-17,2,3,0,0,0,12.657550478708144
2026-04-17,2,4,0,0,0,6.550753073932158
2026-04-17,2,5,0,0,0,2.7576551507982296
2026-04-17,2,6,0,0,0,26.62408411210831
2026-04-17,2,7,0,0,0,33.99384500252895
2026-04-17,2,8,0,1,0,64.07143077097881
2026-04-17,2,9,0,0,0,58.57042072237411
2026-04-17,2,10,0,0,0,47.29579038975232
2026-04-17,2,11,0,0,0,33.42562679739034
2026-04-17,2,12,0,0,0,27.2796186292419
2026-04-17,2,13,0,0,0,20.398371022865234
2026-04-17,2,14,0,0,0,26.06840199038015
2026-04-17,2,15,0,0,0,32.92118041261507
2026-04-17,2,16,0,0,0,39.66979043085159
2026-04-17,2,17,0,0,0,59.628052548718514
2026-04-17,2,18,0,0,0,64.06323349371863
2026-04-17,2,19,0,1,0,70.54168598665873
2026-04-17,2,20,0,0,0,46.04342523152738
2026-04-17,2,21,0,0,0,39.579416496078295
2026-04-17,2,22,0,0,0,24.22513884404503
2026-04-17,2,23,0,0,0,27.371411972216265
2026-04-17,3,0,0,0,0,11.539200118848543
2026-04-17,3,1,0,0,0,11.964559591768499
2026-04-17,3,2,0,0,0,23.50082825427008
2026-04-17,3,3,0,0,0,13.689128442703378
2026-04-17,3,4,0,0,0,11.968691248904012
2026-04-17,3,5,0,1,0,28.204271376512516
2026-04-17,3,6,0,0,0,27.399032374263683
2026-04-17,3,7,0,0,0,32.006997088980356
2026-04-17,3,8,0,0,0,56.002841071275114
2026-04-17,3,9,0,1,0,75.2259780280686
2026-04-17,3,10,0,0,0,57.24851192290526
2026-04-17,3,11,0,0,0,30.094434682843453
2026-04-17,3,12,0,0,0,28.90175233440828
2026-04-17,3,13,0,0,0,29.261428881389303
2026-04-17,3,14,0,0,0,21.709599237173137
2026-04-17,3,15,0,0,0,35.796135959547705
2026-04-17,3,16,0,0,0,48.261560636460025
2026-04-17,3,17,0,0,0,67.21072236988722
2026-04-17,3,18,0,0,0,66.38194885844374
2026-04-17,3,19,0,0,0,59.39372872366248
2026-04-17,3,20,0,0,0,46.740248545554685
2026-04-17,3,21,0,0,0,41.72733660744772
2026-04-17,3,22,0,0,0,24.892816130281037
2026-04-17,3,23,0,0,0,25.419583808999878
2026-04-17,4,0,0,0,0,0.0
2026-04-17,4,1,0,0,0,3.1945502883763597
2026-04-17,4,2,0,0,0,5.3355963354796865
2026-04-17,4,3,0,0,0,1.8810748372831916
2026-04-17,4,4,0,0,0,6.189184490140608
2026-04-17,4,5,0,0,0,8.586879805666358
2026-04-17,4,6,0,0,0,16.968426361935464
2026-04-17,4,7,0,0,0,27.662763561134764
2026-04-17,4,8,0,0,0,50.83291608205174
2026-04-17,4,9,0,0,1,68.00714765139338
2026-04-17,4,10,0,0,0,46.106129569315144
2026-04-17,4,11,0,0,0,35.9820054387236
2026-04-17,4,12,0,0,0,10.98499044889878
2026-04-17,4,13,0,0,0,18.57534307717518
2026-04-17,4,14,0,0,0,26.30144792551212
2026-04-17,4,15,0,1,0,38.44819491738816
2026-04-17,4,16,0,0,0,38.07630594393458
2026-04-17,4,17,0,0,0,50.23426909737271
2026-04-17,4,18,0,0,0,62.158224284071636
2026-04-17,4,19,0,1,0,68.47809939673856
2026-04-17,4,20,0,0,0,47.07444478255516
2026-04-17,4,21,0,0,0,29.355425840494103
2026-04-17,4,22,0,0,0,18.9845487342427
2026-04-17,4,23,0,0,0,17.79088118576008
2026-04-17,5,0,0,0,0,0.9792310098392742
2026-04-17,5,1,0,1,0,5.770178158601274
2026-04-17,5,2,0,0,0,0.0
2026-04-17,5,3,0,0,0,8.382721251531336
2026-04-17,5,4,0,0,0,4.876713164204937
2026-04-17,5,5,0,0,0,4.002356029000262
2026-04-17,5,6,0,0,0,20.43211135174309
2026-04-17,5,7,0,0,0,20.16356482086923
2026-04-17,5,8,0,0,0,48.33690641233243
2026-04-17,5,9,0,0,0,52.81218486553467
2026-04-17,5,10,0,1,0,57.00170757807169
2026-04-17,5,11,0,0,0,26.766391319453373
2026-04-17,5,12,0,0,0,17.102426559511954
2026-04-17,5,13,0,1,0,26.669901109467432
2026-04-17,5,14,0,0,0,20.001866534769654
2026-04-17,5,15,0,0,0,27.927228405669425
2026-04-17,5,16,0,0,0,35.39111347716144
2026-04-17,5,17,0,0,0,49.10484590061222
2026-04-17,5,18,0,1,0,63.463992380580244
2026-04-17,5,19,0,0,0,53.56083305714553
2026-04-17,5,20,0,0,0,30.831780931981584
2026-04-17,5,21,0,0,0,19.25369715202627
2026-04-17,5,22,0,0,0,19.90199312368752
2026-04-17,5,23,0,0,0,18.509827937182155
2026-04-18,0,0,1,0,0,15.302127149804873
2026-04-18,0,1,1,0,1,19.361550196613056
2026-04-18,0,2,1,1,0,22.779421544076765
2026-04-18,0,3,1,0,0,13.318395040894309
2026-04-18,0,4,1,0,0,8.582519903243416
2026-04-18,0,5,1,0,0,11.805668907500216
2026-04-18,0,6,1,0,0,27.130713193746196
2026-04-18,0,7,1,1,0,48.895639782390695
2026-04-18,0,8,1,0,0,44.90843315906101
2026-04-18,0,9,1,0,1,58.202084822141494
2026-04-18,0,10,1,0,0,45.2531559313428
2026-04-18,0,11,1,1,0,44.17589952912735
2026-04-18,0,12,1,0,0,19.59369912746032
2026-04-18,0,13,1,0,0,29.51317328289941
2026-04-18,0,14,1,0,0,32.014348303193614
2026-04-18,0,15,1,0,1,39.00281748082555
2026-04-18,0,16,1,0,0,37.05715823154393
2026-04-18,0,17,1,0,0,47.84693562128391
2026-04-18,0,18,1,0,0,55.74059921729737
2026-04-18,0,19,1,0,0,48.957817974341374
2026-04-18,0,20,1,0,1,52.07391700198841
2026-04-18,0,21,1,0,0,30.90347765684838
2026-04-18,0,22,1,0,0,32.64698940159816
2026-04-18,0,23,1,0,0,29.450576134945173
2026-04-18,1,0,1,0,0,4.848288412309554
2026-04-18,1,1,1,0,0,10.572337313914693
2026-04-18,1,2,1,0,1,19.038057545801504
2026-04-18,1,3,1,0,0,13.29633028690496
2026-04-18,1,4,1,0,0,4.994635363688194
2026-04-18,1,5,1,0,0,7.673228196097969
2026-04-18,1,6,1,0,0,24.648522147355397
2026-04-18,1,7,1,1,0,38.781260824419505
2026-04-18,1,8,1,0,0,43.178136418390146
2026-04-18,1,9,1,0,0,46.96410528728936
2026-04-18,1,10,1,0,0,45.00301024340213
2026-04-18,1,11,1,0,0,34.382999487303174
2026-04-18,1,12,1,0,0,24.85670755753056
2026-04-18,1,13,1,0,0,25.048042619879702
2026-04-18,1,14,1,0,0,23.67167468396059
2026-04-18,1,15,1,0,0,30.491053000338816
2026-04-18,1,16,1,0,0,37.89574028881024
2026-04-18,1,17,1,0,0,42.12529026321078
2026-04-18,1,18,1,1,0,65.23744027258715
2026-04-18,1,19,1,0,0,42.288881940116056
2026-04-18,1,20,1,0,0,45.862104876430806
2026-04-18,1,21,1,0,0,23.387102096572004
2026-04-18,1,22,1,0,0,34.49125077650376
2026-04-18,1,23,1,0,0,22.04012140831068
2026-04-18,2,0,1,0,0,6.794174222476965
2026-04-18,2,1,1,0,0,7.913266059840696
2026-04-18,2,2,1,0,0,11.578084421419167
2026-04-18,2,3,1,0,0,3.749792187461507
2026-04-18,2,4,1,0,0,8.844889149565567
2026-04-18,2,5,1,0,0,14.496501030926414
2026-04-18,2,6,1,0,0,20.04722337845009
2026-04-18,2,7,1,0,0,25.832416592509357
2026-04-18,2,8,1,1,0,54.218350536172395
2026-04-18,2,9,1,0,0,45.745210119797214
2026-04-18,2,10,1,0,0,43.821403896000106
2026-04-18,2,11,1,0,0,25.799679292929973
2026-04-18,2,12,1,0,1,34.77633172105037
2026-04-18,2,13,1,0,0,26.576208202270756
2026-04-18,2,14,1,0,0,24.725976676425915
2026-04-18,2,15,1,1,0,42.405568814335226
2026-04-18,2,16,1,1,0,44.3194228274044
2026-04-18,2,17,1,0,0,47.16741285384241
2026-04-18,2,18,1,1,0,52.41892425507861
2026-04-18,2,19,1,0,0,37.778681750823
2026-04-18,2,20,1,0,0,41.605945523434336
2026-04-18,2,21,1,0,0,26.92118213646996
2026-04-18,2,22,1,0,0,28.474112237966587
2026-04-18,2,23,1,0,0,18.61274621454966
2026-04-18,3,0,1,0,0,14.02868216047304
2026-04-18,3,1,1,0,0,10.020835103340351
2026-04-18,3,2,1,0,0,12.048481190247982
2026-04-18,3,3,1,0,0,18.277662946161755
2026-04-18,3,4,1,0,0,5.7688902754993014
2026-04-18,3,5,1,0,0,15.91968017679958
2026-04-18,3,6,1,0,0,27.12074094837429
2026-04-18,3,7,1,0,0,31.901526904327152
2026-04-18,3,8,1,0,0,46.42122123245331
2026-04-18,3,9,1,0,0,43.9986270990815
2026-04-18,3,10,1,0,0,38.07896512277273
2026-04-18,3,11,1,0,0,35.54505006173616
2026-04-18,3,12,1,0,0,26.06959483611624
2026-04-18,3,13,1,0,0,31.969765665339814
2026-04-18,3,14,1,0,0,25.74519306184012
2026-04-18,3,15,1,1,1,51.92197438180836
2026-04-18,3,16,1,0,0,39.185584484213315
2026-04-18,3,17,1,0,0,52.49797918673469
2026-04-18,3,18,1,0,0,53.87115687269316
2026-04-18,3,19,1,0,0,52.02841159865181
2026-04-18,3,20,1,0,0,39.20601524335195
2026-04-18,3,21,1,1,0,44.299171258593994
2026-04-18,3,22,1,0,0,36.73717410232209
2026-04-18,3,23,1,1,0,40.12182979538952
2026-04-18,4,0,1,0,0,6.7914940700343625
2026-04-18,4,1,1,1,1,23.683027342117047
2026-04-18,4,2,1,0,0,10.349529426590774
2026-04-18,4,3,1,1,0,20.65717182641954
2026-04-18,4,4,1,1,0,14.335662827971827
2026-04-18,4,5,1,0,0,3.9023717488947094
2026-04-18,4,6,1,0,0,17.298374173533315
2026-04-18,4,7,1,0,0,28.27451054032379
2026-04-18,4,8,1,0,0,31.929096114750493
2026-04-18,4,9,1,1,0,55.404195393489395
2026-04-18,4,10,1,1,0,47.00578070282587
2026-04-18,4,11,1,0,0,23.700825332653086
2026-04-18,4,12,1,0,0,21.05583163365379
2026-04-18,4,13,1,1,0,28.318289231844325
2026-04-18,4,14,1,0,0,17.747891787921425
2026-04-18,4,15,1,1,0,38.29014094241101
2026-04-18,4,16,1,0,0,25.307748015287135
2026-04-18,4,17,1,0,0,39.81111270582
2026-04-18,4,18,1,0,0,44.18621526380799
2026-04-18,4,19,1,0,0,42.837751155641286
2026-04-18,4,20,1,0,0,33.520035397523735
2026-04-18,4,21,1,0,0,23.737234368975802
2026-04-18,4,22,1,0,0,21.50185391847759
2026-04-18,4,23,1,0,0,18.73387462527396
2026-04-18,5,0,1,0,0,3.9661521128056
2026-04-18,5,1,1,0,0,0.0
2026-04-18,5,2,1,0,0,6.69610497665565
2026-04-18,5,3,1,0,0,1.9507966751461516
2026-04-18,5,4,1,0,0,4.478232465638357
2026-04-18,5,5,1,0,0,2.1031577104720354
2026-04-18,5,6,1,0,1,31.74057439364684
2026-04-18,5,7,1,0,0,25.41886209347386
2026-04-18,5,8,1,0,1,39.4876675065232
2026-04-18,5,9,1,0,0,38.08927819855551
2026-04-18,5,10,1,0,0,35.50583312674568
2026-04-18,5,11,1,0,0,19.846626142963455
2026-04-18,5,12,1,0,0,26.311276204743624
2026-04-18,5,13,1,1,1,29.464627427439947
2026-04-18,5,14,1,0,0,20.845924525140195
2026-04-18,5,15,1,0,0,22.103814211928178
2026-04-18,5,16,1,0,0,27.351420248004096
2026-04-18,5,17,1,0,0,38.51053232196762
2026-04-18,5,18,1,0,0,56.64319446719574
2026-04-18,5,19,1,0,0,28.476289145120763
2026-04-18,5,20,1,0,0,29.800044689182876
2026-04-18,5,21,1,0,0,25.56256862407829
2026-04-18,5,22,1,0,0,15.141765524522302
2026-04-18,5,23,1,0,0,12.042930474518707
2026-04-19,0,0,1,0,0,9.19777696378921
2026-04-19,0,1,1,1,0,22.436218623128646
2026-04-19,0,2,1,0,0,11.791108892026394
2026-04-19,0,3,1,0,0,11.950134858128303
2026-04-19,0,4,1,0,0,10.056122550103655
2026-04-19,0,5,1,1,0,26.653227568610724
2026-04-19,0,6,1,0,0,29.5680449473439
2026-04-19,0,7,1,0,0,37.57490306466593
2026-04-19,0,8,1,0,0,49.14115461245551
2026-04-19,0,9,1,0,0,49.44539996341743
2026-04-19,0,10,1,0,0,41.37494914924046
2026-04-19,0,11,1,0,0,20.37930624733886
2026-04-19,0,12,1,0,0,33.82029566246876
2026-04-19,0,13,1,0,0,24.36465492882592
2026-04-19,0,14,1,0,0,22.681941452282114
2026-04-19,0,15,1,0,0,32.49911710040332
2026-04-19,0,16,1,0,0,44.26117120775656
2026-04-19,0,17,1,0,1,59.13337417722835
2026-04-19,0,18,1,0,0,59.257177380942146
2026-04-19,0,19,1,1,1,69.27914044005703
2026-04-19,0,20,1,0,0,40.26461792654908
2026-04-19,0,21,1,0,0,30.959976279811176
2026-04-19,0,22,1,0,0,25.50469776780959
2026-04-19,0,23,1,0,0,25.363069318169575
2026-04-19,1,0,1,1,1,31.561189823327336
2026-04-19,1,1,1,0,0,10.642445411089321
2026-04-19,1,2,1,0,0,14.291533888065793
2026-04-19,1,3,1,0,0,19.208070099834238
2026-04-19,1,4,1,0,0,13.122214194793642
2026-04-19,1,5,1,0,0,11.66067186969709
2026-04-19,1,6,1,1,0,39.72444584230095
2026-04-19,1,7,1,0,0,31.74248081081453
2026-04-19,1,8,1,0,0,45.59041724017831
2026-04-19,1,9,1,1,0,59.43984562099587
2026-04-19,1,10,1,0,0,42.555599118617636
2026-04-19,1,11,1,1,0,43.38242116456
2026-04-19,1,12,1,0,0,24.216512775543627
2026-04-19,1,13,1,0,0,28.36682732090009
2026-04-19,1,14,1,1,0,36.67988301560443
2026-04-19,1,15,1,0,0,27.56720336172873
2026-04-19,1,16,1,0,0,39.63858538388135
2026-04-19,1,17,1,0,0,45.15232042861027
2026-04-19,1,18,1,0,0,44.27000990169732
2026-04-19,1,19,1,0,0,48.46767181258648
2026-04-19,1,20,1,1,0,50.8496051173653
2026-04-19,1,21,1,0,0,28.998781241926757
2026-04-19,1,22,1,0,0,27.29744885211178
2026-04-19,1,23,1,0,1,35.93163642286625
2026-04-19,2,0,1,1,0,17.388897795680297
2026-04-19,2,1,1,0,0,13.167822094664835
2026-04-19,2,2,1,0,0,9.211449768136424
2026-04-19,2,3,1,1,0,13.859977436132137
2026-04-19,2,4,1,0,0,11.650715737290913
2026-04-19,2,5,1,1,0,26.051326968916484
2026-04-19,2,6,1,0,0,22.175732499506687
2026-04-19,2,7,1,1,0,47.45523968055224
2026-04-19,2,8,1,1,0,47.87083078258507
2026-04-19,2,9,1,0,0,57.22354447401909
2026-04-19,2,10,1,1,0,52.13145497100595
2026-04-19,2,11,1,0,0,27.67133487020442
2026-04-19,2,12,1,0,0,20.596369092048175
2026-04-19,2,13,1,0,0,20.07196673453462
2026-04-19,2,14,1,0,0,28.568793015657008
2026-04-19,2,15,1,0,0,33.29326377081804
2026-04-19,2,16,1,0,0,33.13093940553304
2026-04-19,2,17,1,0,0,47.84344209819177
2026-04-19,2,18,1,0,0,47.14442811700233
2026-04-19,2,19,1,0,1,49.68557558307706
2026-04-19,2,20,1,0,0,39.00288780507725
2026-04-19,2,21,1,0,1,36.634855058856935
2026-04-19,2,22,1,0,0,18.631779592218226
2026-04-19,2,23,1,0,0,19.884595272605008
2026-04-19,3,0,1,0,0,10.739928670762941
2026-04-19,3,1,1,0,1,18.354988422225038
2026-04-19,3,2,1,0,0,11.72021842336526
2026-04-19,3,3,1,0,1,23.63879018581679
2026-04-19,3,4,1,0,0,5.380234570181635
2026-04-19,3,5,1,1,0,28.38986282546715
2026-04-19,3,6,1,1,0,36.49725604626734
2026-04-19,3,7,1,1,0,44.41281691894273
2026-04-19,3,8,1,0,0,45.56395159319127
2026-04-19,3,9,1,0,0,52.44524428061088
2026-04-19,3,10,1,0,0,52.10177299913679
2026-04-19,3,11,1,0,0,31.304114928319496
2026-04-19,3,12,1,0,0,29.601237099018572
2026-04-19,3,13,1,0,0,29.891817576058713
2026-04-19,3,14,1,1,0,31.547532465958792
2026-04-19,3,15,1,0,1,43.55028712530843
2026-04-19,3,16,1,0,0,37.41381096629997
2026-04-19,3,17,1,0,0,52.537680571802916
2026-04-19,3,18,1,0,0,50.003848834111864
2026-04-19,3,19,1,0,0,42.60102718576293
2026-04-19,3,20,1,0,0,40.25164345689307
2026-04-19,3,21,1,0,0,28.201337785077225
2026-04-19,3,22,1,0,0,28.625066178452222
2026-04-19,3,23,1,0,0,30.375036869884042
2026-04-19,4,0,1,1,0,12.508318955040421
2026-04-19,4,1,1,1,0,21.815992691456565
2026-04-19,4,2,1,1,0,16.0420935368334
2026-04-19,4,3,1,0,0,9.108107353033356
2026-04-19,4,4,1,0,0,4.758840991181092
2026-04-19,4,5,1,0,0,2.5096607103924162
2026-04-19,4,6,1,0,0,23.181723642085174
2026-04-19,4,7,1,0,0,26.923722920821685
2026-04-19,4,8,1,0,0,31.920112067121305
2026-04-19,4,9,1,0,0,42.824375368202375
2026-04-19,4,10,1,1,0,46.925076867100096
2026-04-19,4,11,1,0,0,27.954305591268504
2026-04-19,4,12,1,0,0,18.58520549155973
2026-04-19,4,13,1,0,0,12.512846661069673
2026-04-19,4,14,1,0,0,20.9542277091491
2026-04-19,4,15,1,0,0,26.3479896722647
2026-04-19,4,16,1,0,0,31.846474979877744
2026-04-19,4,17,1,0,0,45.50278209409801
2026-04-19,4,18,1,0,0,39.35497596370341
2026-04-19,4,19,1,1,0,57.73521894420806
2026-04-19,4,20,1,0,0,24.445842519975507
2026-04-19,4,21,1,0,0,23.256656108208624
2026-04-19,4,22,1,0,0,23.277696279504852
2026-04-19,4,23,1,0,0,14.83594950390847
2026-04-19,5,0,1,0,0,5.856072523947469
2026-04-19,5,1,1,1,0,19.69672570696923
2026-04-19,5,2,1,0,0,4.119914584615678
2026-04-19,5,3,1,0,0,3.6837672237056927
2026-04-19,5,4,1,0,0,0.0
2026-04-19,5,5,1,1,1,22.233991088333873
2026-04-19,5,6,1,0,0,17.609501168973782
2026-04-19,5,7,1,0,0,17.462566969620454
2026-04-19,5,8,1,0,0,30.923306410263336
2026-04-19,5,9,1,0,0,43.76864242185238
2026-04-19,5,10,1,0,0,32.69120707587528
2026-04-19,5,11,1,1,0,33.99220674586824
2026-04-19,5,12,1,0,0,14.774854716841705
2026-04-19,5,13,1,0,0,21.800602966362437
2026-04-19,5,14,1,0,0,16.389301859820726
2026-04-19,5,15,1,0,0,20.079346646097516
2026-04-19,5,16,1,1,0,42.446160111505634
2026-04-19,5,17,1,1,0,44.80345132735461
2026-04-19,5,18,1,0,1,49.827428635262784
2026-04-19,5,19,1,0,0,31.062691959565285
2026-04-19,5,20,1,0,0,29.007232497654634
2026-04-19,5,21,1,0,0,19.8162725947252
2026-04-19,5,22,1,0,0,17.17348040412229
2026-04-19,5,23,1,0,0,13.423985690265402
2026-04-20,0,0,0,1,0,21.181833993665204
2026-04-20,0,1,0,0,0,9.718062813515914
2026-04-20,0,2,0,1,0,23.306368468274158
2026-04-20,0,3,0,0,0,11.832466782264419
2026-04-20,0,4,0,0,0,9.23012216189519
2026-04-20,0,5,0,0,0,16.75041153529847
2026-04-20,0,6,0,0,0,26.359371956201752
2026-04-20,0,7,0,0,0,39.79867801081652
2026-04-20,0,8,0,1,1,74.78015409458555
2026-04-20,0,9,0,0,0,68.88764459953998
2026-04-20,0,10,0,1,1,80.76104031564348
2026-04-20,0,11,0,0,0,47.62739375853321
2026-04-20,0,12,0,0,0,29.283896905749277
2026-04-20,0,13,0,0,0,31.27110277629025
2026-04-20,0,14,0,0,0,37.53046064785472
2026-04-20,0,15,0,0,1,40.22317707692803
2026-04-20,0,16,0,1,0,55.14141874329869
2026-04-20,0,17,0,0,0,66.00115719739553
2026-04-20,0,18,0,1,0,84.79910981844235
2026-04-20,0,19,0,0,0,68.30784597897198
2026-04-20,0,20,0,0,0,52.83094704631328
2026-04-20,0,21,0,0,0,43.61297759800499
2026-04-20,0,22,0,0,1,40.115217771181904
2026-04-20,0,23,0,0,0,22.209012523979
2026-04-20,1,0,0,0,0,5.025173620084012
2026-04-20,1,1,0,0,0,12.453457664460096
2026-04-20,1,2,0,0,0,9.840755809795459
2026-04-20,1,3,0,1,0,21.874591447928335
2026-04-20,1,4,0,0,0,12.436122096088432
2026-04-20,1,5,0,0,0,12.015676374304403
2026-04-20,1,6,0,0,0,21.958701430175346
2026-04-20,1,7,0,0,0,42.688610244824226
2026-04-20,1,8,0,0,0,54.31705540390924
2026-04-20,1,9,0,0,0,57.58420003670525
2026-04-20,1,10,0,0,0,56.75811206314579
2026-04-20,1,11,0,0,0,36.12198934601091
2026-04-20,1,12,0,0,1,40.83603645167085
2026-04-20,1,13,0,0,0,21.10068926117826
2026-04-20,1,14,0,0,0,26.69503089678258
2026-04-20,1,15,0,1,0,52.98749656835992
2026-04-20,1,16,0,0,0,49.29564311612116
2026-04-20,1,17,0,0,1,63.648283899809066
2026-04-20,1,18,0,1,0,85.58164996518974
2026-04-20,1,19,0,0,0,64.83535658153755
2026-04-20,1,20,0,0,0,50.49440265302444
2026-04-20,1,21,0,0,0,37.1693255347845
2026-04-20,1,22,0,0,0,13.379456700575444
2026-04-20,1,23,0,1,0,38.03229959450482
2026-04-20,2,0,0,0,0,6.5826674807203585
2026-04-20,2,1,0,1,1,25.470494935407967
2026-04-20,2,2,0,0,0,4.404688864502621
2026-04-20,2,3,0,0,0,1.9935429741931454
2026-04-20,2,4,0,1,0,18.75603620499661
2026-04-20,2,5,0,0,0,8.72142689460501
2026-04-20,2,6,0,0,0,29.46108853862416
2026-04-20,2,7,0,0,0,33.20844210799681
2026-04-20,2,8,0,1,0,61.94203382014531
2026-04-20,2,9,0,0,0,59.2472053801354
2026-04-20,2,10,0,0,0,53.892722946594475
2026-04-20,2,11,0,0,1,46.910038607151684
2026-04-20,2,12,0,0,0,25.717512579883017
2026-04-20,2,13,0,1,0,39.206514687929456
2026-04-20,2,14,0,0,0,25.371562590039325
2026-04-20,2,15,0,0,0,32.402473849297984
2026-04-20,2,16,0,0,0,41.834563160048496
2026-04-20,2,17,0,1,0,63.700861819767404
2026-04-20,2,18,0,0,0,70.4585351596717
2026-04-20,2,19,0,0,0,58.37530061290479
2026-04-20,2,20,0,0,0,46.64446856671373
2026-04-20,2,21,0,0,0,32.75978634265913
2026-04-20,2,22,0,0,0,23.219482493202563
2026-04-20,2,23,0,1,0,41.09301526175165
2026-04-20,3,0,0,1,0,19.968008726541456
2026-04-20,3,1,0,1,0,18.419654712170473
2026-04-20,3,2,0,0,0,14.470318591526848
2026-04-20,3,3,0,1,0,19.629715619865337
2026-04-20,3,4,0,0,0,15.697678404352317
2026-04-20,3,5,0,0,0,11.263807309815364
2026-04-20,3,6,0,1,0,39.45505903969861
2026-04-20,3,7,0,0,0,35.83920194332502
2026-04-20,3,8,0,0,0,50.683542257289304
2026-04-20,3,9,0,1,0,71.11605230552222
2026-04-20,3,10,0,1,0,73.06962042846409
2026-04-20,3,11,0,0,0,37.247962692466054
2026-04-20,3,12,0,0,0,27.14172254132808
2026-04-20,3,13,0,0,1,37.80084127083648
2026-04-20,3,14,0,1,0,38.899841268957296
2026-04-20,3,15,0,0,0,32.14360068951751
2026-04-20,3,16,0,0,1,57.28183228304856
2026-04-20,3,17,0,0,0,63.77798951416808
2026-04-20,3,18,0,1,0,78.55717305425821
2026-04-20,3,19,0,0,1,69.08076432388307
2026-04-20,3,20,0,0,0,46.86912930598891
2026-04-20,3,21,0,0,0,33.81148283821624
2026-04-20,3,22,0,1,0,37.82489683797307
2026-04-20,3,23,0,0,0,28.423923217813588
2026-04-20,4,0,0,0,0,1.9959329961501262
2026-04-20,4,1,0,0,0,3.301364085098168
2026-04-20,4,2,0,0,0,2.3714118405377875
2026-04-20,4,3,0,0,0,4.877043499997842
2026-04-20,4,4,0,0,0,6.882358235840149
2026-04-20,4,5,0,0,0,6.19228833050093
2026-04-20,4,6,0,1,0,34.56784457098474
2026-04-20,4,7,0,0,0,29.40728133632495
2026-04-20,4,8,0,0,0,43.15988039550853
2026-04-20,4,9,0,0,0,58.887086954586096
2026-04-20,4,10,0,0,0,46.019220848611404
2026-04-20,4,11,0,0,1,41.416238600287876
2026-04-20,4,12,0,0,0,15.308477183308472
2026-04-20,4,13,0,0,0,16.658462790922812
2026-04-20,4,14,0,0,0,20.560973089060944
2026-04-20,4,15,0,0,1,32.676466659636716
2026-04-20,4,16,0,0,0,45.05604030144263
2026-04-20,4,17,0,1,0,65.5688488793048
2026-04-20,4,18,0,0,0,60.193783324163576
2026-04-20,4,19,0,0,0,55.91899978355181
2026-04-20,4,20,0,0,1,45.62220928897359
2026-04-20,4,21,0,0,0,34.11957995949878
2026-04-20,4,22,0,1,1,34.61805823818962
2026-04-20,4,23,0,0,0,18.95765932899687
2026-04-20,5,0,0,0,0,4.255084861592994
2026-04-20,5,1,0,0,0,6.323083779157081
2026-04-20,5,2,0,1,0,14.409888163612099
2026-04-20,5,3,0,0,0,0.0
2026-04-20,5,4,0,0,0,5.773030775296004
2026-04-20,5,5,0,0,0,0.0
2026-04-20,5,6,0,0,0,20.623077108681873
2026-04-20,5,7,0,0,1,35.28873815608055
2026-04-20,5,8,0,1,0,57.467024630957326
2026-04-20,5,9,0,1,0,57.1233338916642
2026-04-20,5,10,0,0,0,51.89155803451336
2026-04-20,5,11,0,0,0,24.534724171298617
2026-04-20,5,12,0,0,1,29.26236992217328
2026-04-20,5,13,0,0,0,20.79392452044765
2026-04-20,5,14,0,0,0,15.913032619750965
2026-04-20,5,15,0,0,0,22.251284339655978
2026-04-20,5,16,0,0,0,39.39781622201224
2026-04-20,5,17,0,0,0,50.97480902236561
2026-04-20,5,18,0,0,0,56.5164708873542
2026-04-20,5,19,0,1,0,61.55184631396042
2026-04-20,5,20,0,1,0,53.788767214072024
2026-04-20,5,21,0,0,1,30.919783941476933
2026-04-20,5,22,0,0,0,18.882940256022156
2026-04-20,5,23,0,0,0,12.753652767314666
2026-04-21,0,0,0,0,0,12.248643371083372
2026-04-21,0,1,0,0,0,10.932006837285481
2026-04-21,0,2,0,0,0,8.03973816036931
2026-04-21,0,3,0,1,0,25.032662631423474
2026-04-21,0,4,0,0,0,16.87021519641331
2026-04-21,0,5,0,1,0,28.485539831666483
2026-04-21,0,6,0,0,0,27.218676698855322
2026-04-21,0,7,0,0,0,37.51582343509607
2026-04-21,0,8,0,0,0,54.216279186836935
2026-04-21,0,9,0,0,0,62.75335679093247
2026-04-21,0,10,0,0,0,57.6803222647536
2026-04-21,0,11,0,0,0,49.599156309912445
2026-04-21,0,12,0,0,0,27.125376802291683
2026-04-21,0,13,0,0,0,22.644716658846043
2026-04-21,0,14,0,0,0,30.267413115866365
2026-04-21,0,15,0,0,0,37.95879514065847
2026-04-21,0,16,0,0,0,39.88442849404517
2026-04-21,0,17,0,0,0,64.30783270189256
2026-04-21,0,18,0,0,0,68.25890347644948
2026-04-21,0,19,0,0,0,58.71863887190703
2026-04-21,0,20,0,0,0,51.406963060379596
2026-04-21,0,21,0,0,0,35.65897133127951
2026-04-21,0,22,0,0,0,27.744247533029014
2026-04-21,0,23,0,0,0,28.370005823822748
2026-04-21,1,0,0,0,0,7.234699491928994
2026-04-21,1,1,0,0,0,10.264461778871304
2026-04-21,1,2,0,0,0,15.560801601994434
2026-04-21,1,3,0,0,0,7.365827676516597
2026-04-21,1,4,0,0,0,1.6852829278088723
2026-04-21,1,5,0,0,0,13.18185669111614
2026-04-21,1,6,0,1,0,44.456290954835346
2026-04-21,1,7,0,0,0,31.367518679256108
2026-04-21,1,8,0,0,0,52.14252935369272
2026-04-21,1,9,0,0,0,62.93865012446203
2026-04-21,1,10,0,0,0,48.5583533459502
2026-04-21,1,11,0,1,0,44.999392813873214
2026-04-21,1,12,0,0,0,20.72922786257281
2026-04-21,1,13,0,0,0,23.877729766918357
2026-04-21,1,14,0,0,0,22.693584801316106
2026-04-21,1,15,0,1,0,48.832883737373876
2026-04-21,1,16,0,0,0,45.9078945556482
2026-04-21,1,17,0,0,0,64.30949315565346
2026-04-21,1,18,0,1,0,73.36477081434211
2026-04-21,1,19,0,0,0,60.201341833674725
2026-04-21,1,20,0,0,0,43.55827165529943
2026-04-21,1,21,0,0,0,39.89978795744897
2026-04-21,1,22,0,0,0,30.327109753615375
2026-04-21,1,23,0,0,0,17.865736167314626
2026-04-21,2,0,0,0,0,3.95449433769127
2026-04-21,2,1,0,0,0,7.323102995783697
2026-04-21,2,2,0,0,0,8.526680530833469
2026-04-21,2,3,0,0,0,6.1198657936254595
2026-04-21,2,4,0,0,0,10.476410291211609
2026-04-21,2,5,0,0,0,10.549790014221282
2026-04-21,2,6,0,0,0,26.42571784324776
2026-04-21,2,7,0,0,1,51.2466956631785
2026-04-21,2,8,0,1,0,56.814905191950075
2026-04-21,2,9,0,0,0,58.516739887338574
2026-04-21,2,10,0,0,0,55.94599003914526
2026-04-21,2,11,0,0,0,41.992958969062194
2026-04-21,2,12,0,0,0,29.677202309365086
2026-04-21,2,13,0,0,0,27.34252199692694
2026-04-21,2,14,0,0,0,27.078664561037094
2026-04-21,2,15,0,0,0,30.309400838662427
2026-04-21,2,16,0,1,0,50.348215238999046
2026-04-21,2,17,0,0,0,53.83019671088499
2026-04-21,2,18,0,0,0,69.31491275784556
2026-04-21,2,19,0,0,1,64.04684192522728
2026-04-21,2,20,0,1,0,60.915842179830854
2026-04-21,2,21,0,0,0,31.906755504218175
2026-04-21,2,22,0,0,0,24.153384017352746
2026-04-21,2,23,0,0,0,19.465056521226593
2026-04-21,3,0,0,0,0,12.898266035222308
2026-04-21,3,1,0,0,0,10.246911453236565
2026-04-21,3,2,0,0,0,13.466713043167314
2026-04-21,3,3,0,0,0,11.894928404652154
2026-04-21,3,4,0,0,0,8.569784270835186
2026-04-21,3,5,0,0,0,6.756746549910824
2026-04-21,3,6,0,0,0,36.11031696633374
2026-04-21,3,7,0,0,0,40.21718389888826
2026-04-21,3,8,0,0,0,49.24153526968786
2026-04-21,3,9,0,0,0,59.20420451323928
2026-04-21,3,10,0,0,0,58.75300890481939
2026-04-21,3,11,0,1,0,52.386492288495674
2026-04-21,3,12,0,0,0,28.421829927612816
2026-04-21,3,13,0,0,0,21.415317017595363
2026-04-21,3,14,0,0,0,26.179568206068428
2026-04-21,3,15,0,0,0,31.72951780651512
2026-04-21,3,16,0,0,0,54.482490262933425
2026-04-21,3,17,0,0,0,58.95991865376999
2026-04-21,3,18,0,0,0,66.70263795225296
2026-04-21,3,19,0,0,0,66.67970611383578
2026-04-21,3,20,0,0,0,45.719570466983726
2026-04-21,3,21,0,0,0,37.08135836547809
2026-04-21,3,22,0,0,0,24.91985177908572
2026-04-21,3,23,0,0,0,28.711695082853453
2026-04-21,4,0,0,0,0,2.3620140577634445
2026-04-21,4,1,0,0,0,1.6731787291210667
2026-04-21,4,2,0,0,0,2.192585461177533
2026-04-21,4,3,0,0,0,0.0
2026-04-21,4,4,0,0,0,1.3799132514020074
2026-04-21,4,5,0,0,0,3.8479736637138275
2026-04-21,4,6,0,0,0,20.077502114233184
2026-04-21,4,7,0,0,0,37.69747861084014
2026-04-21,4,8,0,0,1,55.91755290974395
2026-04-21,4,9,0,0,1,67.02880013840695
2026-04-21,4,10,0,0,0,52.40011193116878
2026-04-21,4,11,0,0,0,33.826997507077266
2026-04-21,4,12,0,0,0,12.905943469755643
2026-04-21,4,13,0,0,0,21.12253472525985
2026-04-21,4,14,0,1,0,31.452103314980288
2026-04-21,4,15,0,0,0,27.866559753971057
2026-04-21,4,16,0,0,0,44.005541493453876
2026-04-21,4,17,0,1,0,69.98680684754179
2026-04-21,4,18,0,0,0,63.51350058035774
2026-04-21,4,19,0,0,0,51.50123108860118
2026-04-21,4,20,0,1,0,47.85131006007892
2026-04-21,4,21,0,0,0,31.630404659835985
2026-04-21,4,22,0,0,0,19.453171077700173
2026-04-21,4,23,0,0,0,22.644783643640668
2026-04-21,5,0,0,0,0,0.0
2026-04-21,5,1,0,0,0,0.0
2026-04-21,5,2,0,0,0,0.0
2026-04-21,5,3,0,0,0,7.138239462165834
2026-04-21,5,4,0,0,0,0.0
2026-04-21,5,5,0,0,0,9.843399803983115
2026-04-21,5,6,0,0,0,21.151735636058643
2026-04-21,5,7,0,0,0,31.677015739616174
2026-04-21,5,8,0,0,0,50.755413651242065
2026-04-21,5,9,0,0,0,54.00223309602219
2026-04-21,5,10,0,0,0,45.08895490890337
2026-04-21,5,11,0,0,0,30.955596806657148
2026-04-21,5,12,0,0,0,13.04999545226367
2026-04-21,5,13,0,0,0,13.909919179412363
2026-04-21,5,14,0,0,0,21.570121827722414
2026-04-21,5,15,0,0,0,25.060313647149062
2026-04-21,5,16,0,0,0,34.33539743628345
2026-04-21,5,17,0,0,0,53.02093852496335
2026-04-21,5,18,0,0,0,61.93160832992158
2026-04-21,5,19,0,0,0,51.64482988533062
2026-04-21,5,20,0,1,0,42.2263852555158
2026-04-21,5,21,0,1,0,33.70387630496753
2026-04-21,5,22,0,0,0,11.607829287835802
2026-04-21,5,23,0,0,0,20.231619251386988
2026-04-22,0,0,0,1,0,30.840117769763612
2026-04-22,0,1,0,0,0,15.78144735827239
2026-04-22,0,2,0,0,0,16.068282263243866
2026-04-22,0,3,0,0,0,9.380465032506013
2026-04-22,0,4,0,0,0,24.191964741108755
2026-04-22,0,5,0,0,0,10.688864311043798
2026-04-22,0,6,0,0,0,22.650832779139705
2026-04-22,0,7,0,1,0,54.09400520257463
2026-04-22,0,8,0,0,0,53.39728575835781
2026-04-22,0,9,0,0,0,66.38512890460085
2026-04-22,0,10,0,0,0,59.356904961406656
2026-04-22,0,11,0,0,0,42.723357742578806
2026-04-22,0,12,0,0,0,25.650046556244384
2026-04-22,0,13,0,1,0,43.03514909317932
2026-04-22,0,14,0,0,0,30.20264813875116
2026-04-22,0,15,0,0,0,33.7262697116118
2026-04-22,0,16,0,1,0,62.546180552994535
2026-04-22,0,17,0,0,0,65.31828848257581
2026-04-22,0,18,0,0,1,76.98333511045456
2026-04-22,0,19,0,0,1,76.05370415420171
2026-04-22,0,20,0,1,0,68.54095098206153
2026-04-22,0,21,0,0,0,39.62225234799076
2026-04-22,0,22,0,0,1,37.196287628385754
2026-04-22,0,23,0,0,0,27.081507240260457
2026-04-22,1,0,0,0,0,9.355547381786838
2026-04-22,1,1,0,0,0,12.46812126943583
2026-04-22,1,2,0,1,0,22.07877825552581
2026-04-22,1,3,0,0,0,8.334995516932795
2026-04-22,1,4,0,0,0,5.0453783320399435
2026-04-22,1,5,0,0,0,5.522073945159779
2026-04-22,1,6,0,0,0,32.96646337184117
2026-04-22,1,7,0,0,0,33.406006708578616
2026-04-22,1,8,0,0,0,47.87348877703254
2026-04-22,1,9,0,0,1,66.82768296859558
2026-04-22,1,10,0,0,0,52.81657609442016
2026-04-22,1,11,0,0,0,36.96104165948892
2026-04-22,1,12,0,0,0,33.38675429621885
2026-04-22,1,13,0,0,0,19.11559521817528
2026-04-22,1,14,0,0,0,28.335391494420506
2026-04-22,1,15,0,0,0,27.627120408917918
2026-04-22,1,16,0,0,0,42.814449262919815
2026-04-22,1,17,0,0,0,58.562690679257415
2026-04-22,1,18,0,0,1,73.72821139240492
2026-04-22,1,19,0,0,0,59.82629263949959
2026-04-22,1,20,0,0,0,50.69430387915642
2026-04-22,1,21,0,0,1,41.48005268525225
2026-04-22,1,22,0,0,0,28.48804694402247
2026-04-22,1,23,0,1,0,35.446583625773044
2026-04-22,2,0,0,0,0,6.404346201585369
2026-04-22,2,1,0,0,0,11.045808398910854
2026-04-22,2,2,0,0,0,11.215061645095647
2026-04-22,2,3,0,0,0,8.027588720415824
2026-04-22,2,4,0,0,0,13.865479342883841
2026-04-22,2,5,0,0,0,5.68321968324252
2026-04-22,2,6,0,0,1,32.65547757285526
2026-04-22,2,7,0,0,0,31.84454968433892
2026-04-22,2,8,0,0,0,47.73119543594604
2026-04-22,2,9,0,0,0,47.00791238567185
2026-04-22,2,10,0,0,0,55.677129939545
2026-04-22,2,11,0,0,0,39.35419989317603
2026-04-22,2,12,0,0,0,25.34096150137228
2026-04-22,2,13,0,0,0,19.256906685788667
2026-04-22,2,14,0,0,0,24.811882822938355
2026-04-22,2,15,0,0,0,35.19491756196717
2026-04-22,2,16,0,0,1,50.82434695558023
2026-04-22,2,17,0,0,0,57.15312836475213
2026-04-22,2,18,0,1,0,76.69157252828752
2026-04-22,2,19,0,0,0,53.500080226549144
2026-04-22,2,20,0,0,0,45.19486906038212
2026-04-22,2,21,0,0,0,36.735185956809374
2026-04-22,2,22,0,0,0,23.346814707210733
2026-04-22,2,23,0,0,0,16.57660382855706
2026-04-22,3,0,0,0,0,12.95993192596965
2026-04-22,3,1,0,0,0,6.647728215502209
2026-04-22,3,2,0,0,0,15.96909091008378
2026-04-22,3,3,0,1,0,21.434705030751857
2026-04-22,3,4,0,0,0,14.000812744725586
2026-04-22,3,5,0,0,0,15.624528444218214
2026-04-22,3,6,0,0,0,29.73325973097133
2026-04-22,3,7,0,1,0,46.71367734501277
2026-04-22,3,8,0,1,0,59.8245234217696
2026-04-22,3,9,0,0,0,58.306368398839766
2026-04-22,3,10,0,0,0,52.327901069144374
2026-04-22,3,11,0,0,0,35.18264329604848
2026-04-22,3,12,0,1,0,40.50080994334368
2026-04-22,3,13,0,0,0,25.633093262262257
2026-04-22,3,14,0,1,0,30.717495961967288
2026-04-22,3,15,0,1,0,37.29210411891325
2026-04-22,3,16,0,0,0,45.3119576456698
2026-04-22,3,17,0,0,0,68.09725614895575
2026-04-22,3,18,0,1,0,82.36903899998923
2026-04-22,3,19,0,0,0,59.78888646963069
2026-04-22,3,20,0,0,0,52.92622681572431
2026-04-22,3,21,0,1,1,47.093128401666306
2026-04-22,3,22,0,0,0,26.100987758614377
2026-04-22,3,23,0,0,0,26.777146490474166
2026-04-22,4,0,0,0,0,5.800729260628517
2026-04-22,4,1,0,0,0,0.06038361542874604
2026-04-22,4,2,0,0,0,6.2113577676069225
2026-04-22,4,3,0,1,0,12.44108851954605
2026-04-22,4,4,0,0,0,3.908701970423424
2026-04-22,4,5,0,0,1,17.684611315440073
2026-04-22,4,6,0,0,1,24.473404058799225
2026-04-22,4,7,0,0,0,37.79207981532872
2026-04-22,4,8,0,0,0,43.7863413268962
2026-04-22,4,9,0,0,0,57.39825316339677
2026-04-22,4,10,0,1,0,65.19026996946766
2026-04-22,4,11,0,0,0,34.96783374521473
2026-04-22,4,12,0,1,0,37.024565771151465
2026-04-22,4,13,0,0,0,20.7796651881905
2026-04-22,4,14,0,0,0,22.876435234623656
2026-04-22,4,15,0,0,0,32.932893691159066
2026-04-22,4,16,0,0,0,38.4572565622061
2026-04-22,4,17,0,0,0,57.91861367473574
2026-04-22,4,18,0,1,0,73.7164179677879
2026-04-22,4,19,0,0,0,46.002688673630495
2026-04-22,4,20,0,0,0,45.36438365280619
2026-04-22,4,21,0,0,0,22.403197556164727
2026-04-22,4,22,0,1,0,33.31427345041896
2026-04-22,4,23,0,1,0,28.800890227420794
2026-04-22,5,0,0,0,0,0.0
2026-04-22,5,1,0,0,0,0.0
2026-04-22,5,2,0,0,0,0.0
2026-04-22,5,3,0,0,0,2.680564599315494
2026-04-22,5,4,0,0,0,5.466984244856613
2026-04-22,5,5,0,0,0,5.116472945766066
2026-04-22,5,6,0,0,1,28.980605638161133
2026-04-22,5,7,0,0,0,19.35722261096538
2026-04-22,5,8,0,0,0,43.301834763033966
2026-04-22,5,9,0,0,0,59.347554483124696
2026-04-22,5,10,0,0,0,43.444098923680315
2026-04-22,5,11,0,0,0,37.541612164061604
2026-04-22,5,12,0,0,0,12.532533165781729
2026-04-22,5,13,0,0,0,15.125103898181857
2026-04-22,5,14,0,0,0,16.950546142849
2026-04-22,5,15,0,0,1,31.556241269201593
2026-04-22,5,16,0,0,0,42.54491103471988
2026-04-22,5,17,0,0,0,52.29285319193449
2026-04-22,5,18,0,0,0,54.74918024486114
2026-04-22,5,19,0,0,0,50.387656100440616
2026-04-22,5,20,0,0,0,38.906312626498156
2026-04-22,5,21,0,0,0,16.51733925981079
2026-04-22,5,22,0,0,0,22.16631835748839
2026-04-22,5,23,0,0,0,14.652748703960098
2026-04-23,0,0,0,0,0,17.0754810131814
2026-04-23,0,1,0,0,0,15.72478345736842
2026-04-23,0,2,0,0,0,20.06149430856643
2026-04-23,0,3,0,0,0,13.810630314698255
2026-04-23,0,4,0,0,0,16.268494974433978
2026-04-23,0,5,0,0,0,13.502365990261964
2026-04-23,0,6,0,0,0,30.625644727187826
2026-04-23,0,7,0,1,0,47.883751164750095
2026-04-23,0,8,0,0,0,51.205127909970095
2026-04-23,0,9,0,0,0,61.90241143861374
2026-04-23,0,10,0,1,0,71.18865029409304
2026-04-23,0,11,0,0,0,42.9710727949476
2026-04-23,0,12,0,0,0,30.919928443111676
2026-04-23,0,13,0,0,0,42.94145327442618
2026-04-23,0,14,0,1,0,44.93045202143783
2026-04-23,0,15,0,0,0,31.901072256297883
2026-04-23,0,16,0,0,0,46.476676411851635
2026-04-23,0,17,0,0,0,57.51796110097122
2026-04-23,0,18,0,0,0,75.44299239828501
2026-04-23,0,19,0,1,0,77.92751785513427
2026-04-23,0,20,0,0,0,49.419910938883845
2026-04-23,0,21,0,0,0,36.448956862025774
2026-04-23,0,22,0,0,0,30.448683522481804
2026-04-23,0,23,0,0,0,25.37277815466159
2026-04-23,1,0,0,0,0,10.599949534543358
2026-04-23,1,1,0,0,0,16.320385293238232
2026-04-23,1,2,0,1,1,29.08533528977641
2026-04-23,1,3,0,0,0,9.126322053846813
2026-04-23,1,4,0,0,0,6.426955599688493
2026-04-23,1,5,0,1,0,22.77786072465483
2026-04-23,1,6,0,0,0,32.151290015148476
2026-04-23,1,7,0,1,0,49.557984437029354
2026-04-23,1,8,0,0,0,39.44358701444626
2026-04-23,1,9,0,0,0,65.35405038578763
2026-04-23,1,10,0,0,0,51.29044873829011
2026-04-23,1,11,0,0,0,31.955815773661
2026-04-23,1,12,0,0,0,23.188566391077245
2026-04-23,1,13,0,0,0,26.583500771240548
2026-04-23,1,14,0,0,0,25.468266016223648
2026-04-23,1,15,0,0,0,34.817459227026816
2026-04-23,1,16,0,0,0,46.77250869800112
2026-04-23,1,17,0,0,0,61.08345827726664
2026-04-23,1,18,0,1,0,75.63839120180626
2026-04-23,1,19,0,0,0,60.2840986338324
2026-04-23,1,20,0,0,0,45.57388845369049
2026-04-23,1,21,0,0,0,30.011556007282945
2026-04-23,1,22,0,1,0,43.068732664630595
2026-04-23,1,23,0,0,0,20.65943080193909
2026-04-23,2,0,0,1,0,20.238991349867987
2026-04-23,2,1,0,0,0,12.280662604992173
2026-04-23,2,2,0,0,0,16.56406039478717
2026-04-23,2,3,0,0,0,7.082539429522477
2026-04-23,2,4,0,0,0,8.923669850062698
2026-04-23,2,5,0,0,0,10.382343223825648
2026-04-23,2,6,0,0,0,17.665607473619616
2026-04-23,2,7,0,0,0,25.66942654156829
2026-04-23,2,8,0,1,0,55.39113714889656
2026-04-23,2,9,0,0,0,55.90919405840018
2026-04-23,2,10,0,0,0,45.359166585569525
2026-04-23,2,11,0,0,0,36.71103007976638
2026-04-23,2,12,0,0,0,27.523951929778534
2026-04-23,2,13,0,0,0,30.835064089319545
2026-04-23,2,14,0,0,0,23.80550249049695
2026-04-23,2,15,0,1,0,40.08806344357606
2026-04-23,2,16,0,0,0,52.956760495465105
2026-04-23,2,17,0,0,0,56.960057344351846
2026-04-23,2,18,0,0,0,61.76265264801238
2026-04-23,2,19,0,1,0,70.50121831083555
2026-04-23,2,20,0,0,0,50.42127869465793
2026-04-23,2,21,0,0,0,30.429706165506776
2026-04-23,2,22,0,0,0,31.194445038463577
2026-04-23,2,23,0,0,0,20.671528228000923
2026-04-23,3,0,0,0,0,9.707840459780979
2026-04-23,3,1,0,0,0,8.307287045559969
2026-04-23,3,2,0,1,0,22.364357104897305
2026-04-23,3,3,0,0,0,13.086191985097031
2026-04-23,3,4,0,0,0,8.486676066239308
2026-04-23,3,5,0,0,0,11.846978033535843
2026-04-23,3,6,0,0,0,27.156042927870477
2026-04-23,3,7,0,0,0,37.57891167779018
2026-04-23,3,8,0,0,0,56.985662081054784
2026-04-23,3,9,0,1,0,73.96157624430826
2026-04-23,3,10,0,0,0,58.6453032922392
2026-04-23,3,11,0,0,0,37.21420965346867
2026-04-23,3,12,0,0,0,26.09920174293046
2026-04-23,3,13,0,1,0,37.582370042224916
2026-04-23,3,14,0,0,1,41.858389352667196
2026-04-23,3,15,0,0,0,36.03278766663193
2026-04-23,3,16,0,1,0,60.905368734882174
2026-04-23,3,17,0,1,0,67.96787268708907
2026-04-23,3,18,0,0,0,70.68863292890998
2026-04-23,3,19,0,0,0,64.44868050519322
2026-04-23,3,20,0,1,0,56.376083131075646
2026-04-23,3,21,0,0,0,39.35440439353177
2026-04-23,3,22,0,0,0,26.9002157358411
2026-04-23,3,23,0,0,0,26.88626994200393
2026-04-23,4,0,0,0,1,13.272581097359145
2026-04-23,4,1,0,0,0,5.1651080518805905
2026-04-23,4,2,0,1,0,12.74661249548528
2026-04-23,4,3,0,0,0,8.770965807238216
2026-04-23,4,4,0,0,0,9.107855540205746
2026-04-23,4,5,0,0,1,13.562621636327478
2026-04-23,4,6,0,0,1,25.415722919700627
2026-04-23,4,7,0,0,0,30.359412794811167
2026-04-23,4,8,0,0,0,43.98691164054117
2026-04-23,4,9,0,0,1,65.86891520503862
2026-04-23,4,10,0,1,0,57.45140519230106
2026-04-23,4,11,0,0,0,31.721096609940375
2026-04-23,4,12,0,1,0,29.746912773244237
2026-04-23,4,13,0,0,0,9.826350755164741
2026-04-23,4,14,0,0,0,17.00209487515206
2026-04-23,4,15,0,0,0,27.752541515886858
2026-04-23,4,16,0,1,0,56.96823103345998
2026-04-23,4,17,0,1,0,67.50585893052789
2026-04-23,4,18,0,1,1,77.40463126140297
2026-04-23,4,19,0,0,0,54.567171825258555
2026-04-23,4,20,0,1,0,57.43539906567831
2026-04-23,4,21,0,0,0,27.35566727504391
2026-04-23,4,22,0,1,0,31.110086314266265
2026-04-23,4,23,0,0,0,23.18512536221941
2026-04-23,5,0,0,0,0,1.3722080574300208
2026-04-23,5,1,0,0,0,4.659471319112192
2026-04-23,5,2,0,1,0,20.94368247104319
2026-04-23,5,3,0,0,0,1.4342570558978958
2026-04-23,5,4,0,0,0,0.0
2026-04-23,5,5,0,0,0,5.870306849745053
2026-04-23,5,6,0,0,0,12.75145934754217
2026-04-23,5,7,0,0,0,26.291209663246306
2026-04-23,5,8,0,0,0,41.54645145803408
2026-04-23,5,9,0,1,0,61.400257754604645
2026-04-23,5,10,0,1,0,58.65904014942187
2026-04-23,5,11,0,0,0,26.340231214032396
2026-04-23,5,12,0,0,0,13.906007835092137
2026-04-23,5,13,0,0,0,21.599467661263894
2026-04-23,5,14,0,0,0,16.38521077633556
2026-04-23,5,15,0,0,0,23.174987557762712
2026-04-23,5,16,0,0,0,33.721376217044394
2026-04-23,5,17,0,0,0,51.50838151377446
2026-04-23,5,18,0,0,0,54.002117791208946
2026-04-23,5,19,0,0,0,56.6441138352994
2026-04-23,5,20,0,0,0,41.55446946722648
2026-04-23,5,21,0,1,0,39.37874994048813
2026-04-23,5,22,0,0,0,17.70576343228433
2026-04-23,5,23,0,0,0,10.912623888644061
2026-04-24,0,0,0,0,1,22.08183130733588
2026-04-24,0,1,0,0,0,12.90241631973809
2026-04-24,0,2,0,0,0,15.247217925196669
2026-04-24,0,3,0,0,0,11.015132338248705
2026-04-24,0,4,0,0,0,19.04438601749802
2026-04-24,0,5,0,0,0,24.34368366724184
2026-04-24,0,6,0,0,0,39.130262739610345
2026-04-24,0,7,0,0,1,46.91459915773241
2026-04-24,0,8,0,0,0,59.98496747771728
2026-04-24,0,9,0,0,0,58.6522104731906
2026-04-24,0,10,0,0,0,51.9438728356151
2026-04-24,0,11,0,0,0,36.52921718072555
2026-04-24,0,12,0,0,0,20.269074597110045
2026-04-24,0,13,0,0,0,27.331676033208016
2026-04-24,0,14,0,0,0,24.903426280187922
2026-04-24,0,15,0,1,1,53.05268923485531
2026-04-24,0,16,0,0,0,50.62748583375193
2026-04-24,0,17,0,0,0,69.96207162715238
2026-04-24,0,18,0,0,0,66.63497392084626
2026-04-24,0,19,0,0,0,65.88596121754185
2026-04-24,0,20,0,1,0,54.75381569586424
2026-04-24,0,21,0,0,1,44.39746244256671
2026-04-24,0,22,0,0,0,34.93002787874655
2026-04-24,0,23,0,0,0,21.53028786387766
2026-04-24,1,0,0,1,0,21.78811521963659
2026-04-24,1,1,0,0,1,18.938673394103716
2026-04-24,1,2,0,0,0,6.846051388171858
2026-04-24,1,3,0,0,0,12.650321766737235
2026-04-24,1,4,0,0,0,13.994237227662598
2026-04-24,1,5,0,0,1,32.73661628980174
2026-04-24,1,6,0,0,0,25.11030770185163
2026-04-24,1,7,0,0,0,36.80899888484518
2026-04-24,1,8,0,0,0,50.03107348112779
2026-04-24,1,9,0,1,0,74.9832498042949
2026-04-24,1,10,0,0,0,55.558960940962514
2026-04-24,1,11,0,0,0,33.497190503993195
2026-04-24,1,12,0,0,0,26.819216679400412
2026-04-24,1,13,0,0,0,28.310575886692668
2026-04-24,1,14,0,0,0,25.341262405616046
2026-04-24,1,15,0,0,0,26.83957949711387
2026-04-24,1,16,0,0,0,50.55643623444485
2026-04-24,1,17,0,1,0,71.03951640901073
2026-04-24,1,18,0,0,0,65.63591046320855
2026-04-24,1,19,0,1,0,68.19529837140985
2026-04-24,1,20,0,0,0,46.926692922921504
2026-04-24,1,21,0,0,0,24.04128839741151
2026-04-24,1,22,0,0,0,29.076731603695134
2026-04-24,1,23,0,0,0,22.904264052056398
2026-04-24,2,0,0,0,0,6.552713479771095
2026-04-24,2,1,0,0,0,6.721830115580673
2026-04-24,2,2,0,1,0,19.11560430341319
2026-04-24,2,3,0,0,0,3.048296246724541
2026-04-24,2,4,0,0,0,11.094369160735512
2026-04-24,2,5,0,1,0,15.321374453784202
2026-04-24,2,6,0,0,0,29.743307477474865
2026-04-24,2,7,0,0,1,40.47459498585272
2026-04-24,2,8,0,0,0,53.65141752755324
2026-04-24,2,9,0,0,0,56.55177473714853
2026-04-24,2,10,0,0,0,51.333172242853195
2026-04-24,2,11,0,1,0,54.26728606857937
2026-04-24,2,12,0,0,0,22.68921677276719
2026-04-24,2,13,0,0,0,34.198934253150824
2026-04-24,2,14,0,1,0,37.774455700651636
2026-04-24,2,15,0,0,1,36.5874854389224
2026-04-24,2,16,0,0,0,45.45890974181668
2026-04-24,2,17,0,0,0,67.33452574089688
2026-04-24,2,18,0,0,0,61.139189893681056
2026-04-24,2,19,0,0,1,67.21023968551567
2026-04-24,2,20,0,0,0,43.05160018546763
2026-04-24,2,21,0,0,0,31.434293139863836
2026-04-24,2,22,0,0,0,21.063412484684868
2026-04-24,2,23,0,0,0,31.39718515247086
2026-04-24,3,0,0,0,0,13.780141751536286
2026-04-24,3,1,0,0,0,15.52293750883518
2026-04-24,3,2,0,0,0,17.94617919161554
2026-04-24,3,3,0,0,0,12.17329883021805
2026-04-24,3,4,0,0,0,14.751093389118617
2026-04-24,3,5,0,0,0,14.923098546488003
2026-04-24,3,6,0,0,0,23.667101283935523
2026-04-24,3,7,0,0,0,35.453954457466246
2026-04-24,3,8,0,0,0,57.86932819465426
2026-04-24,3,9,0,0,0,58.04698617387296
2026-04-24,3,10,0,0,0,45.24843226988774
2026-04-24,3,11,0,0,0,34.08805150173356
2026-04-24,3,12,0,0,0,29.40914391191611
2026-04-24,3,13,0,0,0,29.344155947994093
2026-04-24,3,14,0,1,0,41.216919232960876
2026-04-24,3,15,0,0,0,31.060356789067065
2026-04-24,3,16,0,0,0,44.48260739265446
2026-04-24,3,17,0,0,0,62.881588526861826
2026-04-24,3,18,0,0,0,67.30045417260324
2026-04-24,3,19,0,1,0,73.81287018965907
2026-04-24,3,20,0,0,0,44.94730073605898
2026-04-24,3,21,0,0,0,34.01375266206487
2026-04-24,3,22,0,0,0,26.285493731829835
2026-04-24,3,23,0,0,0,27.844195669262525
2026-04-24,4,0,0,0,0,3.403416200457861
2026-04-24,4,1,0,1,0,14.885658667641378
2026-04-24,4,2,0,0,0,5.312767807128466
2026-04-24,4,3,0,0,0,6.684301005913089
2026-04-24,4,4,0,0,0,8.129013380078874
2026-04-24,4,5,0,1,0,14.18396149884041
2026-04-24,4,6,0,0,0,27.572813220757727
2026-04-24,4,7,0,0,0,33.58344320920478
2026-04-24,4,8,0,0,0,47.06033143703488
2026-04-24,4,9,0,0,0,57.44800806889294
2026-04-24,4,10,0,0,0,47.59090191544922
2026-04-24,4,11,0,0,0,22.549560392584397
2026-04-24,4,12,0,0,1,26.568323777775397
2026-04-24,4,13,0,0,0,21.749562215416262
2026-04-24,4,14,0,0,0,23.253735767060387
2026-04-24,4,15,0,0,0,26.20248204158946
2026-04-24,4,16,0,0,1,53.57881213891858
2026-04-24,4,17,0,0,0,51.63250590288749
2026-04-24,4,18,0,0,0,57.18480879904361
2026-04-24,4,19,0,0,0,60.673674772133054
2026-04-24,4,20,0,1,0,50.40853520926162
2026-04-24,4,21,0,0,0,25.58717648037053
2026-04-24,4,22,0,0,0,20.7532423171302
2026-04-24,4,23,0,0,0,21.92687114791378
2026-04-24,5,0,0,0,0,4.30162561188807
2026-04-24,5,1,0,0,0,3.5507249915018617
2026-04-24,5,2,0,0,0,0.0
2026-04-24,5,3,0,0,0,7.755770084223819
2026-04-24,5,4,0,0,0,4.252211739307373
2026-04-24,5,5,0,0,0,5.133810604114722
2026-04-24,5,6,0,0,1,27.665154977214094
2026-04-24,5,7,0,0,0,27.875597304929673
2026-04-24,5,8,0,1,0,56.45273199626758
2026-04-24,5,9,0,0,0,53.67662830171662
2026-04-24,5,10,0,0,0,43.32179231594385
2026-04-24,5,11,0,1,0,47.77439059287639
2026-04-24,5,12,0,0,0,13.461174674540302
2026-04-24,5,13,0,0,0,15.402167901187592
2026-04-24,5,14,0,0,0,21.045035570229818
2026-04-24,5,15,0,0,0,30.283047597385064
2026-04-24,5,16,0,0,0,37.77106511284566
2026-04-24,5,17,0,0,0,55.427877211740615
2026-04-24,5,18,0,0,0,59.56956343788051
2026-04-24,5,19,0,0,0,55.384636950193745
2026-04-24,5,20,0,0,1,42.58214773793865
2026-04-24,5,21,0,0,0,24.400267143777523
2026-04-24,5,22,0,0,0,17.93592048300326
2026-04-24,5,23,0,0,0,15.9652045181056
2026-04-25,0,0,1,1,0,22.17829879074512
2026-04-25,0,1,1,0,0,17.35704515910516
2026-04-25,0,2,1,0,0,12.739844320804648
2026-04-25,0,3,1,0,0,15.833508005498555
2026-04-25,0,4,1,0,0,15.256039256054345
2026-04-25,0,5,1,0,0,11.816173608577062
2026-04-25,0,6,1,0,0,24.896454563458143
2026-04-25,0,7,1,1,0,43.42359806560823
2026-04-25,0,8,1,0,0,39.95924102283524
2026-04-25,0,9,1,0,0,43.4545843775857
2026-04-25,0,10,1,0,0,47.6461472909366
2026-04-25,0,11,1,0,0,40.15431323116643
2026-04-25,0,12,1,0,0,26.865666968562966
2026-04-25,0,13,1,0,0,28.654068425551397
2026-04-25,0,14,1,0,0,18.914885306298125
2026-04-25,0,15,1,1,0,50.80823207849416
2026-04-25,0,16,1,0,0,42.244732495902994
2026-04-25,0,17,1,0,0,51.0950052817464
2026-04-25,0,18,1,0,0,54.43332550110571
2026-04-25,0,19,1,0,0,51.78296628916094
2026-04-25,0,20,1,0,0,42.878954465338516
2026-04-25,0,21,1,0,0,29.329241990306432
2026-04-25,0,22,1,0,0,37.26738130123439
2026-04-25,0,23,1,0,1,27.40429824987531
2026-04-25,1,0,1,0,0,10.276982259570579
2026-04-25,1,1,1,0,0,8.761753985959109
2026-04-25,1,2,1,0,0,8.509149274445583
2026-04-25,1,3,1,0,0,16.48581195493677
2026-04-25,1,4,1,0,0,12.980526610795936
2026-04-25,1,5,1,0,0,13.344694875115884
2026-04-25,1,6,1,0,0,21.247541566388517
2026-04-25,1,7,1,1,0,37.86661067869071
2026-04-25,1,8,1,0,0,45.25457204358825
2026-04-25,1,9,1,0,0,50.601372536370015
2026-04-25,1,10,1,1,0,57.19609886723457
2026-04-25,1,11,1,0,0,32.46502563522604
2026-04-25,1,12,1,0,0,26.73666929051165
2026-04-25,1,13,1,1,0,37.950965284780146
2026-04-25,1,14,1,0,0,19.220019974991327
2026-04-25,1,15,1,1,0,37.524736857713236
2026-04-25,1,16,1,0,0,38.98081694990178
2026-04-25,1,17,1,0,0,36.4125205082377
2026-04-25,1,18,1,0,0,55.24459387756788
2026-04-25,1,19,1,0,0,44.09348103500817
2026-04-25,1,20,1,0,0,38.905714658692695
2026-04-25,1,21,1,0,0,34.33105790597485
2026-04-25,1,22,1,0,0,24.06012722101906
2026-04-25,1,23,1,0,0,25.834732552562638
2026-04-25,2,0,1,1,0,22.62773445087085
2026-04-25,2,1,1,0,0,6.50792565502659
2026-04-25,2,2,1,0,0,3.505575282691442
2026-04-25,2,3,1,0,0,6.789095699480965
2026-04-25,2,4,1,0,0,10.504156056323524
2026-04-25,2,5,1,0,0,1.7886930410766757
2026-04-25,2,6,1,0,0,25.18155716518445
2026-04-25,2,7,1,0,0,29.742119493584664
2026-04-25,2,8,1,0,0,42.78114585605849
2026-04-25,2,9,1,0,0,45.52939497954068
2026-04-25,2,10,1,1,0,53.22064541473669
2026-04-25,2,11,1,0,0,34.77254480975982
2026-04-25,2,12,1,0,0,24.375777162975226
2026-04-25,2,13,1,0,0,18.096860869475503
2026-04-25,2,14,1,1,0,31.731104418290574
2026-04-25,2,15,1,1,0,39.12199278988558
2026-04-25,2,16,1,0,1,43.57153808949496
2026-04-25,2,17,1,0,0,51.295446212812344
2026-04-25,2,18,1,0,0,50.384948294973235
2026-04-25,2,19,1,0,0,40.13251781031164
2026-04-25,2,20,1,1,0,47.68932290056737
2026-04-25,2,21,1,0,0,25.571103622101035
2026-04-25,2,22,1,0,0,24.782932133231252
2026-04-25,2,23,1,1,0,32.7909190455393
2026-04-25,3,0,1,0,1,22.937551092373734
2026-04-25,3,1,1,0,0,11.020109896310323
2026-04-25,3,2,1,0,0,17.845858579472363
2026-04-25,3,3,1,1,0,24.813241599296035
2026-04-25,3,4,1,1,0,24.250807182491815
2026-04-25,3,5,1,0,0,15.59681786161477
2026-04-25,3,6,1,0,0,25.26325612948571
2026-04-25,3,7,1,0,1,41.59548774491711
2026-04-25,3,8,1,0,0,41.670643480260594
2026-04-25,3,9,1,0,0,56.0677757754946
2026-04-25,3,10,1,0,0,41.54946184903707
2026-04-25,3,11,1,0,0,30.467957978085764
2026-04-25,3,12,1,0,0,30.40548645117371
2026-04-25,3,13,1,1,0,35.97350473917789
2026-04-25,3,14,1,0,1,30.185590174084812
2026-04-25,3,15,1,0,0,29.830429988540644
2026-04-25,3,16,1,0,1,43.55541944495701
2026-04-25,3,17,1,0,0,53.17558601630679
2026-04-25,3,18,1,0,0,58.71167839217258
2026-04-25,3,19,1,0,0,50.07593963311097
2026-04-25,3,20,1,0,1,46.071482154313244
2026-04-25,3,21,1,0,0,34.6343150473973
2026-04-25,3,22,1,1,0,38.410165751449554
2026-04-25,3,23,1,0,0,21.445129371002583
2026-04-25,4,0,1,0,0,1.5666893598714116
2026-04-25,4,1,1,0,0,2.9314403134406573
2026-04-25,4,2,1,0,0,2.231427103908441
2026-04-25,4,3,1,0,0,0.0
2026-04-25,4,4,1,0,0,3.3942302342685036
2026-04-25,4,5,1,0,0,13.430002641513674
2026-04-25,4,6,1,0,0,25.187466920777347
2026-04-25,4,7,1,0,0,22.368569237060612
2026-04-25,4,8,1,0,0,34.52387329606536
2026-04-25,4,9,1,0,0,40.90927349191984
2026-04-25,4,10,1,0,0,42.589343756484084
2026-04-25,4,11,1,0,0,33.72724424170955
2026-04-25,4,12,1,0,0,16.945653164118898
2026-04-25,4,13,1,0,1,18.484215485486978
2026-04-25,4,14,1,0,0,18.84421411671715
2026-04-25,4,15,1,0,0,21.891000297564453
2026-04-25,4,16,1,0,1,37.507678387166926
2026-04-25,4,17,1,1,0,57.600892244137256
2026-04-25,4,18,1,0,0,48.90395970204381
2026-04-25,4,19,1,1,0,62.837756243780404
2026-04-25,4,20,1,1,0,41.876970334308815
2026-04-25,4,21,1,1,0,30.74905171160102
2026-04-25,4,22,1,0,0,19.23295886031926
2026-04-25,4,23,1,0,0,20.347173772625087
2026-04-25,5,0,1,0,0,2.7838969955710957
2026-04-25,5,1,1,1,1,20.919410435090246
2026-04-25,5,2,1,0,0,0.8366864247183723
2026-04-25,5,3,1,0,0,0.0
2026-04-25,5,4,1,0,0,6.915263523055347
2026-04-25,5,5,1,0,0,2.61433207322664
2026-04-25,5,6,1,0,1,24.208422085516094
2026-04-25,5,7,1,0,0,18.697592841595934
2026-04-25,5,8,1,1,0,43.02272021604032
2026-04-25,5,9,1,0,1,45.319476539923585
2026-04-25,5,10,1,0,0,37.443462292918696
2026-04-25,5,11,1,0,0,25.040080851211634
2026-04-25,5,12,1,0,0,18.59692413724157
2026-04-25,5,13,1,0,0,12.527032947951932
2026-04-25,5,14,1,0,0,16.331447903273062
2026-04-25,5,15,1,0,0,19.462386987136764
2026-04-25,5,16,1,0,0,29.1220131535485
2026-04-25,5,17,1,0,0,40.624088162041275
2026-04-25,5,18,1,0,0,40.61622835553726
2026-04-25,5,19,1,0,0,48.98736356269321
2026-04-25,5,20,1,0,0,29.218093355184546
2026-04-25,5,21,1,0,0,21.451036110376766
2026-04-25,5,22,1,0,0,19.09350521459876
2026-04-25,5,23,1,0,0,14.572032292015054
2026-04-26,0,0,1,1,0,19.186265638841306
2026-04-26,0,1,1,0,1,20.273852304082926
2026-04-26,0,2,1,0,0,7.920324737091149
2026-04-26,0,3,1,0,0,12.945563258542942
2026-04-26,0,4,1,0,0,12.580282112259509
2026-04-26,0,5,1,0,0,17.244197543284574
2026-04-26,0,6,1,0,0,33.99554326593631
2026-04-26,0,7,1,0,0,34.57611393246134
2026-04-26,0,8,1,0,0,39.16409433932301
2026-04-26,0,9,1,0,0,53.02662610984098
2026-04-26,0,10,1,1,1,71.0674036664512
2026-04-26,0,11,1,0,0,44.950507495192774
2026-04-26,0,12,1,1,1,49.31440696875548
2026-04-26,0,13,1,0,0,31.955991136702895
2026-04-26,0,14,1,1,0,38.76964232331276
2026-04-26,0,15,1,0,0,37.47986289949913
2026-04-26,0,16,1,0,0,39.345364495116115
2026-04-26,0,17,1,0,0,50.703973036194625
2026-04-26,0,18,1,0,0,55.46166709679268
2026-04-26,0,19,1,0,0,45.88918991341131
2026-04-26,0,20,1,0,0,42.2793378628484
2026-04-26,0,21,1,1,0,47.89463714759243
2026-04-26,0,22,1,0,0,22.268086660789223
2026-04-26,0,23,1,0,0,31.388361931099272
2026-04-26,1,0,1,1,0,22.427138611482903
2026-04-26,1,1,1,0,0,10.413800875488333
2026-04-26,1,2,1,0,0,11.17318875225777
2026-04-26,1,3,1,0,0,8.79597978810839
2026-04-26,1,4,1,0,0,11.524807593987035
2026-04-26,1,5,1,0,0,10.611894735381258
2026-04-26,1,6,1,0,0,30.680865806186485
2026-04-26,1,7,1,0,0,30.403390668941924
2026-04-26,1,8,1,0,0,37.12905471742326
2026-04-26,1,9,1,0,0,50.07522064085223
2026-04-26,1,10,1,0,0,44.24575290194096
2026-04-26,1,11,1,0,0,30.143489124978014
2026-04-26,1,12,1,0,0,27.94242993672034
2026-04-26,1,13,1,0,0,30.831537233799892
2026-04-26,1,14,1,0,0,27.578149596374544
2026-04-26,1,15,1,0,0,25.002665126640164
2026-04-26,1,16,1,0,0,40.19828748649937
2026-04-26,1,17,1,0,0,44.491760164383166
2026-04-26,1,18,1,1,0,64.15204536318092
2026-04-26,1,19,1,0,0,48.94661334201308
2026-04-26,1,20,1,1,1,55.830353918205184
2026-04-26,1,21,1,0,0,32.42643383849536
2026-04-26,1,22,1,0,0,24.783876983794954
2026-04-26,1,23,1,0,0,26.438930154266526
2026-04-26,2,0,1,0,0,10.408766383770185
2026-04-26,2,1,1,1,0,22.683621497320438
2026-04-26,2,2,1,0,0,9.20637561975687
2026-04-26,2,3,1,0,0,9.911642765037795
2026-04-26,2,4,1,0,0,7.016735511542355
2026-04-26,2,5,1,0,0,4.685224110106375
2026-04-26,2,6,1,0,0,24.173128174516425
2026-04-26,2,7,1,0,0,27.56805098146064
2026-04-26,2,8,1,0,0,38.04247231096857
2026-04-26,2,9,1,0,0,42.827190902004645
2026-04-26,2,10,1,0,0,45.59280287694187
2026-04-26,2,11,1,1,0,32.927113525421134
2026-04-26,2,12,1,0,0,18.12254701601629
2026-04-26,2,13,1,0,0,20.687797776534
2026-04-26,2,14,1,0,0,21.15801253912888
2026-04-26,2,15,1,0,0,29.073086875638932
2026-04-26,2,16,1,0,0,35.27363868702988
2026-04-26,2,17,1,0,0,49.88240137917486
2026-04-26,2,18,1,0,0,50.840396410702766
2026-04-26,2,19,1,0,0,39.22237834961477
2026-04-26,2,20,1,0,0,35.17482348261516
2026-04-26,2,21,1,0,0,26.554415068788128
2026-04-26,2,22,1,0,0,27.663943395254844
2026-04-26,2,23,1,0,0,17.34191319577734
2026-04-26,3,0,1,0,0,13.907054476086293
2026-04-26,3,1,1,0,0,14.857934758448504
2026-04-26,3,2,1,0,0,13.181085613025797
2026-04-26,3,3,1,0,0,11.59873416726819
2026-04-26,3,4,1,0,0,8.265571670030832
2026-04-26,3,5,1,0,0,12.562171852355839
2026-04-26,3,6,1,0,0,32.23502576719591
2026-04-26,3,7,1,0,0,32.950527992414074
2026-04-26,3,8,1,1,0,50.29061952165486
2026-04-26,3,9,1,1,0,62.36645313255875
2026-04-26,3,10,1,1,0,55.665377370713095
2026-04-26,3,11,1,1,0,46.178132948401576
2026-04-26,3,12,1,0,0,23.78380043562099
2026-04-26,3,13,1,0,0,27.665543645909267
2026-04-26,3,14,1,0,0,36.038679400331546
2026-04-26,3,15,1,0,0,28.22943907615083
2026-04-26,3,16,1,0,0,43.06526149528238
2026-04-26,3,17,1,0,0,56.47772314206262
2026-04-26,3,18,1,0,0,51.14031386731901
2026-04-26,3,19,1,0,0,54.00347180178096
2026-04-26,3,20,1,1,0,52.460188899545834
2026-04-26,3,21,1,0,0,31.53514926753742
2026-04-26,3,22,1,0,0,29.589413030843897
2026-04-26,3,23,1,0,0,25.73965297522981
2026-04-26,4,0,1,1,1,20.549609686162807
2026-04-26,4,1,1,0,0,1.7445713823245956
2026-04-26,4,2,1,0,0,2.5662042743519793
2026-04-26,4,3,1,0,0,11.837292464458859
2026-04-26,4,4,1,0,0,0.0
2026-04-26,4,5,1,0,0,4.364430062899627
2026-04-26,4,6,1,0,0,21.466292432966696
2026-04-26,4,7,1,0,0,26.31335769776693
2026-04-26,4,8,1,0,0,30.900364255781398
2026-04-26,4,9,1,0,0,41.76044302051897
2026-04-26,4,10,1,1,0,41.59683125480962
2026-04-26,4,11,1,0,0,34.52145909039687
2026-04-26,4,12,1,0,1,29.651621246302852
2026-04-26,4,13,1,1,0,32.316244998073316
2026-04-26,4,14,1,0,0,19.610255585041813
2026-04-26,4,15,1,0,0,20.234135874682828
2026-04-26,4,16,1,0,0,30.572358739419027
2026-04-26,4,17,1,0,0,42.05157190306465
2026-04-26,4,18,1,0,0,38.5844255712484
2026-04-26,4,19,1,0,0,47.67861426293959
2026-04-26,4,20,1,0,0,39.633989235370045
2026-04-26,4,21,1,0,0,26.785393577210638
2026-04-26,4,22,1,0,0,11.514876582241088
2026-04-26,4,23,1,0,0,18.271072460448217
2026-04-26,5,0,1,0,0,0.0
2026-04-26,5,1,1,0,0,0.0
2026-04-26,5,2,1,0,0,4.212952762379092
2026-04-26,5,3,1,0,0,6.360658495373361
2026-04-26,5,4,1,0,0,3.743616692587195
2026-04-26,5,5,1,0,0,3.926476397161482
2026-04-26,5,6,1,0,0,21.57944923196527
2026-04-26,5,7,1,0,1,33.77059372900922
2026-04-26,5,8,1,1,0,35.71121418769459
2026-04-26,5,9,1,0,0,39.52497456290532
2026-04-26,5,10,1,0,1,37.620570777364335
2026-04-26,5,11,1,1,0,27.468907579423217
2026-04-26,5,12,1,0,0,20.06381450794795
2026-04-26,5,13,1,0,0,10.355958395009477
2026-04-26,5,14,1,0,0,14.850311523932277
2026-04-26,5,15,1,0,0,20.251067798481294
2026-04-26,5,16,1,0,0,28.352879363833942
2026-04-26,5,17,1,0,0,37.98974890897235
2026-04-26,5,18,1,0,0,35.16612779643035
2026-04-26,5,19,1,0,0,40.20343435868399
2026-04-26,5,20,1,0,0,29.246390634006787
2026-04-26,5,21,1,0,0,23.25070817853822
2026-04-26,5,22,1,0,0,9.608962340768269
2026-04-26,5,23,1,0,0,10.66100603681425
2026-04-27,0,0,0,1,0,25.91647446717697
2026-04-27,0,1,0,0,0,8.636868765330444
2026-04-27,0,2,0,0,0,19.58231153167172
2026-04-27,0,3,0,0,0,10.052225323975316
2026-04-27,0,4,0,0,0,13.730723026796829
2026-04-27,0,5,0,0,0,3.913449636376132
2026-04-27,0,6,0,0,0,40.101722909132825
2026-04-27,0,7,0,0,0,40.725045032802726
2026-04-27,0,8,0,0,0,50.304633103276345
2026-04-27,0,9,0,0,0,58.96736319698839
2026-04-27,0,10,0,0,0,58.366537838560276
2026-04-27,0,11,0,0,0,43.02053780157375
2026-04-27,0,12,0,1,0,42.90185144922386
2026-04-27,0,13,0,0,0,26.795881117788635
2026-04-27,0,14,0,0,0,23.566185631648334
2026-04-27,0,15,0,0,0,33.48702976802834
2026-04-27,0,16,0,0,0,49.632947510281966
2026-04-27,0,17,0,0,0,65.77342942389103
2026-04-27,0,18,0,0,0,67.96755100329585
2026-04-27,0,19,0,0,0,66.19005447301068
2026-04-27,0,20,0,1,0,58.89745556218154
2026-04-27,0,21,0,0,1,44.289995560902824
2026-04-27,0,22,0,0,0,29.36581439958316
2026-04-27,0,23,0,0,0,26.033602419916452
2026-04-27,1,0,0,0,0,6.9120689864731535
2026-04-27,1,1,0,0,0,13.27873106125849
2026-04-27,1,2,0,0,0,12.123183440495128
2026-04-27,1,3,0,0,0,14.333183077440733
2026-04-27,1,4,0,1,0,18.98284981113722
2026-04-27,1,5,0,0,0,11.567007010327822
2026-04-27,1,6,0,0,0,31.30272864728964
2026-04-27,1,7,0,0,0,39.59565942878851
2026-04-27,1,8,0,0,0,52.035193679199885
2026-04-27,1,9,0,0,1,71.06929425556048
2026-04-27,1,10,0,1,0,56.87337008929731
2026-04-27,1,11,0,0,0,40.48528968481473
2026-04-27,1,12,0,0,0,26.32906274271953
2026-04-27,1,13,0,0,0,25.722864998835174
2026-04-27,1,14,0,0,0,28.029400391277974
2026-04-27,1,15,0,0,1,45.98672159317027
2026-04-27,1,16,0,0,0,45.95147034664338
2026-04-27,1,17,0,1,0,63.208674177311536
2026-04-27,1,18,0,0,0,63.57816433697878
2026-04-27,1,19,0,0,0,62.67217077839125
2026-04-27,1,20,0,1,0,60.441240376761705
2026-04-27,1,21,0,1,0,39.89767982836373
2026-04-27,1,22,0,1,0,42.083337992352234
2026-04-27,1,23,0,0,0,28.13590759711073
2026-04-27,2,0,0,0,1,10.551055222275988
2026-04-27,2,1,0,0,1,21.374790039841262
2026-04-27,2,2,0,0,0,8.870502868182669
2026-04-27,2,3,0,0,1,24.877810931607225
2026-04-27,2,4,0,1,0,21.999097386878802
2026-04-27,2,5,0,0,0,14.392957364523884
2026-04-27,2,6,0,0,0,22.566883139681956
2026-04-27,2,7,0,0,1,45.61921215918893
2026-04-27,2,8,0,0,1,65.25324918671858
2026-04-27,2,9,0,0,0,63.02263869172179
2026-04-27,2,10,0,0,0,50.10469422047396
2026-04-27,2,11,0,0,0,41.68908131606463
2026-04-27,2,12,0,0,0,30.104074423011006
2026-04-27,2,13,0,0,0,27.65654480482254
2026-04-27,2,14,0,0,0,17.83617672536736
2026-04-27,2,15,0,0,0,34.74370540564227
2026-04-27,2,16,0,0,0,46.67852517173231
2026-04-27,2,17,0,0,0,67.93438498626396
2026-04-27,2,18,0,0,0,66.36500917962228
2026-04-27,2,19,0,0,0,55.08088850559601
2026-04-27,2,20,0,0,0,43.64608897470394
2026-04-27,2,21,0,0,0,34.2827183564958
2026-04-27,2,22,0,0,0,29.500416500040092
2026-04-27,2,23,0,0,0,24.58869074391628
2026-04-27,3,0,0,0,0,10.358071456192903
2026-04-27,3,1,0,0,0,10.73402023205004
2026-04-27,3,2,0,0,0,15.416072982425476
2026-04-27,3,3,0,0,0,6.2718420443747664
2026-04-27,3,4,0,0,0,10.725482155599385
2026-04-27,3,5,0,0,0,12.48839191269157
2026-04-27,3,6,0,0,0,26.81879870739813
2026-04-27,3,7,0,0,0,39.94193038825904
2026-04-27,3,8,0,0,0,46.57776483123516
2026-04-27,3,9,0,0,0,64.43591053150236
2026-04-27,3,10,0,0,0,56.45650758150119
2026-04-27,3,11,0,0,0,46.200653182646555
2026-04-27,3,12,0,0,0,23.370526249517535
2026-04-27,3,13,0,1,1,38.704464768400676
2026-04-27,3,14,0,0,0,29.28739283249021
2026-04-27,3,15,0,0,0,35.46322420098347
2026-04-27,3,16,0,0,0,45.72167251016688
2026-04-27,3,17,0,0,0,64.51121208636931
2026-04-27,3,18,0,0,0,69.25774987003821
2026-04-27,3,19,0,0,0,65.14869752845294
2026-04-27,3,20,0,0,0,49.75248348811346
2026-04-27,3,21,0,0,0,35.1072485563836
2026-04-27,3,22,0,0,0,18.675674926335773
2026-04-27,3,23,0,0,0,22.96987376335924
2026-04-27,4,0,0,0,0,10.025597962977292
2026-04-27,4,1,0,0,0,0.0
2026-04-27,4,2,0,0,0,0.0
2026-04-27,4,3,0,0,0,5.5203005504510205
2026-04-27,4,4,0,0,0,2.8870246663394457
2026-04-27,4,5,0,0,0,9.261207056279005
2026-04-27,4,6,0,0,0,21.30880486841196
2026-04-27,4,7,0,0,0,28.286508434831205
2026-04-27,4,8,0,0,0,38.76382272479712
2026-04-27,4,9,0,1,0,62.49969117065609
2026-04-27,4,10,0,0,0,50.08238041455472
2026-04-27,4,11,0,0,0,30.095179330423605
2026-04-27,4,12,0,0,0,25.596608744958296
2026-04-27,4,13,0,1,0,38.47721462901229
2026-04-27,4,14,0,1,0,28.26616551181067
2026-04-27,4,15,0,0,1,35.09136597629469
2026-04-27,4,16,0,0,0,46.32929886548657
2026-04-27,4,17,0,0,0,57.04032241616731
2026-04-27,4,18,0,0,0,61.025174462824374
2026-04-27,4,19,0,1,0,67.53489686653064
2026-04-27,4,20,0,0,0,43.79557093784684
2026-04-27,4,21,0,0,0,36.50665462057525
2026-04-27,4,22,0,0,0,26.839270693205844
2026-04-27,4,23,0,0,0,16.933340829046767
2026-04-27,5,0,0,0,0,3.452077282274409
2026-04-27,5,1,0,0,0,1.6105312662649225
2026-04-27,5,2,0,0,0,3.5412004961296057
2026-04-27,5,3,0,0,0,2.1576003862099955
2026-04-27,5,4,0,0,0,1.3067140353254376
2026-04-27,5,5,0,0,0,0.784714499213331
2026-04-27,5,6,0,1,0,27.704140928532862
2026-04-27,5,7,0,1,0,34.541957241022345
2026-04-27,5,8,0,0,0,46.10887689199462
2026-04-27,5,9,0,0,0,44.027195562202834
2026-04-27,5,10,0,0,0,44.16214282884556
2026-04-27,5,11,0,1,0,28.137602716398302
2026-04-27,5,12,0,0,0,22.788606353570366
2026-04-27,5,13,0,0,0,18.710990384376984
2026-04-27,5,14,0,0,0,17.862643763470068
2026-04-27,5,15,0,0,0,24.999209459373333
2026-04-27,5,16,0,0,0,42.489582842890954
2026-04-27,5,17,0,0,0,49.232624485668694
2026-04-27,5,18,0,0,0,59.44780951710654
2026-04-27,5,19,0,0,0,47.96708721137575
2026-04-27,5,20,0,0,0,41.10439258321213
2026-04-27,5,21,0,0,0,23.85841183952493
2026-04-27,5,22,0,0,0,24.523438223090533
2026-04-27,5,23,0,0,0,11.015429810863225
2026-04-28,0,0,0,0,0,11.516226400882786
2026-04-28,0,1,0,0,0,10.38171203281841
2026-04-28,0,2,0,1,0,18.424120563615435
2026-04-28,0,3,0,0,0,8.687389270104397
2026-04-28,0,4,0,0,0,10.818934843880323
2026-04-28,0,5,0,0,0,13.47659589948142
2026-04-28,0,6,0,0,0,33.25085218838645
2026-04-28,0,7,0,0,0,37.160404472983366
2026-04-28,0,8,0,0,0,52.25880130371853
2026-04-28,0,9,0,0,0,53.83089848944026
2026-04-28,0,10,0,0,0,59.61678176503167
2026-04-28,0,11,0,0,0,34.96438865503463
2026-04-28,0,12,0,0,0,25.14737168995744
2026-04-28,0,13,0,0,0,30.579495718285216
2026-04-28,0,14,0,0,0,27.936981212679363
2026-04-28,0,15,0,1,0,42.456364069066844
2026-04-28,0,16,0,1,0,60.25269081093563
2026-04-28,0,17,0,0,0,59.736076551099885
2026-04-28,0,18,0,0,0,65.02035657371064
2026-04-28,0,19,0,0,0,64.78015530752131
2026-04-28,0,20,0,0,0,53.48461947589526
2026-04-28,0,21,0,0,1,46.76639309430716
2026-04-28,0,22,0,1,0,43.097841499395045
2026-04-28,0,23,0,0,0,22.07396551852165
2026-04-28,1,0,0,0,0,4.453425279937045
2026-04-28,1,1,0,0,0,8.060063354672085
2026-04-28,1,2,0,1,0,18.517638630734275
2026-04-28,1,3,0,0,0,19.186002899215723
2026-04-28,1,4,0,1,0,20.45478686407105
2026-04-28,1,5,0,0,0,7.566038178902663
2026-04-28,1,6,0,0,0,29.740973952297328
2026-04-28,1,7,0,0,0,41.746332763045906
2026-04-28,1,8,0,0,0,51.820403728505326
2026-04-28,1,9,0,0,0,57.90595057197571
2026-04-28,1,10,0,1,0,69.21256577002944
2026-04-28,1,11,0,0,0,36.520702803081186
2026-04-28,1,12,0,1,0,44.20586751716103
2026-04-28,1,13,0,0,0,24.412330778280197
2026-04-28,1,14,0,0,0,27.84884818143184
2026-04-28,1,15,0,0,0,31.57169634359321
2026-04-28,1,16,0,0,0,48.71531889368043
2026-04-28,1,17,0,1,0,76.06952026930162
2026-04-28,1,18,0,0,0,68.3237588460631
2026-04-28,1,19,0,0,0,66.8391262614679
2026-04-28,1,20,0,0,0,48.42914114435038
2026-04-28,1,21,0,0,0,41.32396221932486
2026-04-28,1,22,0,0,0,29.071396252228343
2026-04-28,1,23,0,0,0,21.109927283292112
2026-04-28,2,0,0,0,0,9.543827713298606
2026-04-28,2,1,0,0,0,0.6985161031241418
2026-04-28,2,2,0,1,0,18.56014418193158
2026-04-28,2,3,0,0,0,9.72143428629922
2026-04-28,2,4,0,1,0,13.95588896080817
2026-04-28,2,5,0,0,0,11.260123081828292
2026-04-28,2,6,0,0,0,27.527726280638607
2026-04-28,2,7,0,1,0,44.42083691454702
2026-04-28,2,8,0,0,0,47.08410217076699
2026-04-28,2,9,0,0,0,59.870202107602374
2026-04-28,2,10,0,0,0,49.89440330860624
2026-04-28,2,11,0,1,0,51.18871518563705
2026-04-28,2,12,0,1,0,40.443267782456594
2026-04-28,2,13,0,0,0,21.865935979265476
2026-04-28,2,14,0,0,0,19.325810487404887
2026-04-28,2,15,0,0,0,21.896054845640222
2026-04-28,2,16,0,0,0,43.73607492191393
2026-04-28,2,17,0,0,0,58.77578253095715
2026-04-28,2,18,0,0,0,65.70064193894919
2026-04-28,2,19,0,0,0,50.47687991254134
2026-04-28,2,20,0,0,0,42.212457093602794
2026-04-28,2,21,0,0,0,32.63635097392224
2026-04-28,2,22,0,1,0,37.46124868495517
2026-04-28,2,23,0,0,0,28.22065802481424
2026-04-28,3,0,0,0,0,4.624378785485127
2026-04-28,3,1,0,0,0,23.45461608375831
2026-04-28,3,2,0,0,0,0.9186865904797425
2026-04-28,3,3,0,0,0,16.353435939340052
2026-04-28,3,4,0,0,0,11.814732049573452
2026-04-28,3,5,0,0,0,18.329651028653544
2026-04-28,3,6,0,0,0,30.490938433483603
2026-04-28,3,7,0,1,0,53.32983795439694
2026-04-28,3,8,0,0,0,56.174228176078365
2026-04-28,3,9,0,0,0,64.99261487639025
2026-04-28,3,10,0,0,0,50.26640594220762
2026-04-28,3,11,0,0,1,39.43175697834191
2026-04-28,3,12,0,0,0,31.911112433779152
2026-04-28,3,13,0,0,0,26.768287544752003
2026-04-28,3,14,0,0,0,29.504390099416337
2026-04-28,3,15,0,0,0,41.59580263124101
2026-04-28,3,16,0,0,1,54.00652238353804
2026-04-28,3,17,0,1,0,70.77147232650628
2026-04-28,3,18,0,0,0,66.52763787552837
2026-04-28,3,19,0,0,0,58.56712502785117
2026-04-28,3,20,0,0,0,45.87329112019666
2026-04-28,3,21,0,0,0,38.06542049736506
2026-04-28,3,22,0,1,0,30.148465271807748
2026-04-28,3,23,0,0,0,27.021086715810014
2026-04-28,4,0,0,1,0,24.231582688526743
2026-04-28,4,1,0,0,0,0.0
2026-04-28,4,2,0,0,0,0.5556734733681674
2026-04-28,4,3,0,1,0,15.691386796562831
2026-04-28,4,4,0,0,0,4.421775381470257
2026-04-28,4,5,0,0,0,0.0
2026-04-28,4,6,0,0,0,17.73919150239458
2026-04-28,4,7,0,0,0,34.47815399435406
2026-04-28,4,8,0,1,0,51.59831875726647
2026-04-28,4,9,0,0,0,54.13323603008088
2026-04-28,4,10,0,0,0,47.57632426936231
2026-04-28,4,11,0,0,0,34.282487992915584
2026-04-28,4,12,0,0,0,20.87597106673725
2026-04-28,4,13,0,0,0,20.183258190599464
2026-04-28,4,14,0,0,0,27.084724710303718
2026-04-28,4,15,0,0,0,22.81132667228872
2026-04-28,4,16,0,1,0,53.31043013552632
2026-04-28,4,17,0,0,0,46.681585896835834
2026-04-28,4,18,0,1,0,73.05919094602021
2026-04-28,4,19,0,1,0,62.2818411666425
2026-04-28,4,20,0,0,0,36.94349971248909
2026-04-28,4,21,0,1,0,37.58508454785007
2026-04-28,4,22,0,0,0,18.69791441411418
2026-04-28,4,23,0,0,0,19.031460063304422
2026-04-28,5,0,0,0,0,0.0
2026-04-28,5,1,0,0,0,2.852911406907201
2026-04-28,5,2,0,0,0,0.8480059874247088
2026-04-28,5,3,0,0,0,2.672994228820821
2026-04-28,5,4,0,0,0,0.0
2026-04-28,5,5,0,0,0,0.4911380405084351
2026-04-28,5,6,0,1,0,30.415630790728525
2026-04-28,5,7,0,0,0,30.048946624985852
2026-04-28,5,8,0,0,0,38.68321495258726
2026-04-28,5,9,0,0,0,49.42681137665754
2026-04-28,5,10,0,0,0,55.620929548061284
2026-04-28,5,11,0,0,0,34.23125691214431
2026-04-28,5,12,0,0,0,19.340685507935135
2026-04-28,5,13,0,1,0,34.154508288005204
2026-04-28,5,14,0,1,0,36.8080240939565
2026-04-28,5,15,0,0,0,26.74916154976647
2026-04-28,5,16,0,1,0,43.231917003904016
2026-04-28,5,17,0,0,0,57.4969360290724
2026-04-28,5,18,0,1,0,68.32441481344105
2026-04-28,5,19,0,0,0,47.18311788037846
2026-04-28,5,20,0,0,0,39.57048293297996
2026-04-28,5,21,0,0,0,23.978477090682254
2026-04-28,5,22,0,1,1,36.603812226396286
2026-04-28,5,23,0,0,0,18.37791182390904
2026-04-29,0,0,0,0,0,10.172057476146254
2026-04-29,0,1,0,0,0,11.513637430046462
2026-04-29,0,2,0,1,0,26.567980268289496
2026-04-29,0,3,0,0,0,10.672463153053272
2026-04-29,0,4,0,0,1,18.893059192563296
2026-04-29,0,5,0,0,0,19.74156762422431
2026-04-29,0,6,0,0,0,30.7505416028262
2026-04-29,0,7,0,0,0,39.2409386422633
2026-04-29,0,8,0,0,0,54.77479938593078
2026-04-29,0,9,0,0,0,67.03717643844276
2026-04-29,0,10,0,0,1,66.3242208360277
2026-04-29,0,11,0,0,0,38.12849760958066
2026-04-29,0,12,0,0,0,31.252562276565936
2026-04-29,0,13,0,0,0,28.62208782633547
2026-04-29,0,14,0,0,0,33.56664895055697
2026-04-29,0,15,0,1,0,50.02538289314437
2026-04-29,0,16,0,1,0,57.041702080218435
2026-04-29,0,17,0,0,0,67.73907965033273
2026-04-29,0,18,0,0,0,68.03062777498572
2026-04-29,0,19,0,0,0,65.79579183410766
2026-04-29,0,20,0,0,0,50.27110817219474
2026-04-29,0,21,0,0,0,34.777836152834304
2026-04-29,0,22,0,0,0,30.480312771933825
2026-04-29,0,23,0,0,0,25.640297631317292
2026-04-29,1,0,0,0,0,12.739828852182027
2026-04-29,1,1,0,1,0,21.754841924527437
2026-04-29,1,2,0,0,0,13.864197929346973
2026-04-29,1,3,0,0,0,9.021733658400242
2026-04-29,1,4,0,0,0,9.999768041838195
2026-04-29,1,5,0,0,0,10.764113918513598
2026-04-29,1,6,0,1,0,39.58223376399261
2026-04-29,1,7,0,0,0,30.183821479252725
2026-04-29,1,8,0,0,0,50.726957065285504
2026-04-29,1,9,0,0,0,51.37580541921066
2026-04-29,1,10,0,0,1,57.761459838018745
2026-04-29,1,11,0,0,0,38.131771683221615
2026-04-29,1,12,0,0,0,24.310039641315953
2026-04-29,1,13,0,0,0,29.810209093611746
2026-04-29,1,14,0,1,0,42.09098018173699
2026-04-29,1,15,0,0,0,32.8055944015934
2026-04-29,1,16,0,0,0,48.36889734669895
2026-04-29,1,17,0,0,0,61.7137933266867
2026-04-29,1,18,0,0,0,66.92912839303014
2026-04-29,1,19,0,0,0,55.04657901890555
2026-04-29,1,20,0,0,0,47.45009039756
2026-04-29,1,21,0,0,0,33.91483689933871
2026-04-29,1,22,0,0,1,34.20117159912609
2026-04-29,1,23,0,0,0,20.047655661258553
2026-04-29,2,0,0,1,0,22.244417436430005
2026-04-29,2,1,0,1,0,17.410728622210286
2026-04-29,2,2,0,0,0,11.59763133915769
2026-04-29,2,3,0,0,0,8.17432515561362
2026-04-29,2,4,0,0,0,8.66705451440913
2026-04-29,2,5,0,0,0,11.430859489823124
2026-04-29,2,6,0,0,0,27.23663060739076
2026-04-29,2,7,0,0,0,39.42023293908243
2026-04-29,2,8,0,0,0,50.99430773173989
2026-04-29,2,9,0,0,0,60.122304242116144
2026-04-29,2,10,0,0,1,53.24973695394117
2026-04-29,2,11,0,0,0,32.578215423611596
2026-04-29,2,12,0,0,0,25.09672527780509
2026-04-29,2,13,0,1,0,37.95026376353868
2026-04-29,2,14,0,0,0,27.461410456103707
2026-04-29,2,15,0,0,0,34.34160537972585
2026-04-29,2,16,0,0,0,46.659295555404825
2026-04-29,2,17,0,0,1,63.14937330383846
2026-04-29,2,18,0,0,1,73.9079337010148
2026-04-29,2,19,0,0,0,61.35428082706809
2026-04-29,2,20,0,0,0,48.431091960663025
2026-04-29,2,21,0,0,0,26.86452936994582
2026-04-29,2,22,0,0,0,30.037886386825836
2026-04-29,2,23,0,0,0,30.439107329559036
2026-04-29,3,0,0,0,0,9.71517862106488
2026-04-29,3,1,0,0,0,11.499434229549028
2026-04-29,3,2,0,0,0,7.928935246613967
2026-04-29,3,3,0,0,0,12.578603447080772
2026-04-29,3,4,0,1,0,29.13933598327955
2026-04-29,3,5,0,0,0,19.66608872577398
2026-04-29,3,6,0,0,0,29.90964594940254
2026-04-29,3,7,0,0,0,46.367943833671575
2026-04-29,3,8,0,0,1,58.535758981249366
2026-04-29,3,9,0,0,0,67.79225735751201
2026-04-29,3,10,0,1,0,67.30944618480017
2026-04-29,3,11,0,0,0,44.425927466352576
2026-04-29,3,12,0,0,0,33.94965729308838
2026-04-29,3,13,0,0,1,32.55224110063821
2026-04-29,3,14,0,0,0,37.08469688645833
2026-04-29,3,15,0,0,0,34.579465153684225
2026-04-29,3,16,0,0,0,47.91507753542844
2026-04-29,3,17,0,0,0,58.286790594548975
2026-04-29,3,18,0,1,0,84.12032803059626
2026-04-29,3,19,0,0,0,61.8046475414675
2026-04-29,3,20,0,0,0,50.34942562803127
2026-04-29,3,21,0,0,0,34.27525692253362
2026-04-29,3,22,0,0,0,29.345100910076237
2026-04-29,3,23,0,0,0,21.769853203019917
2026-04-29,4,0,0,0,0,1.731457680154282
2026-04-29,4,1,0,0,1,13.103721377728156
2026-04-29,4,2,0,0,0,5.647090479367201
2026-04-29,4,3,0,0,0,12.22304110006276
2026-04-29,4,4,0,1,0,14.039486070350762
2026-04-29,4,5,0,0,0,0.0
2026-04-29,4,6,0,0,0,24.507477583491188
2026-04-29,4,7,0,0,0,34.924662286721635
2026-04-29,4,8,0,0,0,42.115904799902175
2026-04-29,4,9,0,0,0,55.173370609598145
2026-04-29,4,10,0,0,0,42.83602041198793
2026-04-29,4,11,0,0,1,35.1425857489293
2026-04-29,4,12,0,0,0,25.10257989181102
2026-04-29,4,13,0,0,1,30.906875469794173
2026-04-29,4,14,0,0,0,23.35950882930234
2026-04-29,4,15,0,0,0,21.500769808939815
2026-04-29,4,16,0,0,0,41.647364002014676
2026-04-29,4,17,0,1,0,61.42963711568194
2026-04-29,4,18,0,0,0,55.56328906620679
2026-04-29,4,19,0,0,0,59.40642476036987
2026-04-29,4,20,0,0,0,40.683302420439645
2026-04-29,4,21,0,1,0,40.36966882173708
2026-04-29,4,22,0,0,0,18.43195425749191
2026-04-29,4,23,0,1,0,35.3412658809976
2026-04-29,5,0,0,0,0,3.239901530505105
2026-04-29,5,1,0,0,1,16.063638488663706
2026-04-29,5,2,0,0,0,0.0
2026-04-29,5,3,0,0,0,1.7169008128933871
2026-04-29,5,4,0,0,1,13.541025841906928
2026-04-29,5,5,0,0,0,2.282612026009737
2026-04-29,5,6,0,0,0,19.461448379751502
2026-04-29,5,7,0,0,0,16.110369892008805
2026-04-29,5,8,0,1,0,52.255735485253915
2026-04-29,5,9,0,1,0,61.483038359264526
2026-04-29,5,10,0,0,0,38.06415359740593
2026-04-29,5,11,0,0,0,34.51345754525641
2026-04-29,5,12,0,0,0,12.927578883048913
2026-04-29,5,13,0,0,1,29.080659930232073
2026-04-29,5,14,0,0,0,16.405446589993506
2026-04-29,5,15,0,0,0,21.41164852844603
2026-04-29,5,16,0,0,0,37.71697523755135
2026-04-29,5,17,0,1,0,65.01669233916144
2026-04-29,5,18,0,0,0,57.46678003763291
2026-04-29,5,19,0,1,0,63.02499733439389
2026-04-29,5,20,0,0,0,34.890535048709
2026-04-29,5,21,0,0,0,23.820782115693024
2026-04-29,5,22,0,0,0,10.396885775818088
2026-04-29,5,23,0,0,0,20.21207740133165
2026-04-30,0,0,0,0,0,19.073064602930522
2026-04-30,0,1,0,0,0,12.193154810695088
2026-04-30,0,2,0,0,0,13.70405034332196
2026-04-30,0,3,0,0,0,21.599430269516812
2026-04-30,0,4,0,0,0,22.885905389088556
2026-04-30,0,5,0,0,0,14.22176602302165
2026-04-30,0,6,0,0,0,34.60832855002437
2026-04-30,0,7,0,0,0,42.47605245530223
2026-04-30,0,8,0,0,0,54.94863990174706
2026-04-30,0,9,0,0,0,61.73170083409532
2026-04-30,0,10,0,0,0,48.4361823128736
2026-04-30,0,11,0,0,0,53.53600983488144
2026-04-30,0,12,0,0,0,31.70680361321239
2026-04-30,0,13,0,0,0,24.25333541456182
2026-04-30,0,14,0,0,0,22.394078853240202
2026-04-30,0,15,0,0,0,39.575752025225164
2026-04-30,0,16,0,0,0,50.581411895551376
2026-04-30,0,17,0,0,0,72.75620411744133
2026-04-30,0,18,0,0,0,77.14434653731959
2026-04-30,0,19,0,0,0,61.65085271490007
2026-04-30,0,20,0,0,0,53.25491087542818
2026-04-30,0,21,0,0,0,35.38574429775756
2026-04-30,0,22,0,0,0,30.28060623608081
2026-04-30,0,23,0,0,0,20.67437514718517
2026-04-30,1,0,0,0,0,13.628398207238662
2026-04-30,1,1,0,0,0,12.831548085602607
2026-04-30,1,2,0,1,0,25.975629104743366
2026-04-30,1,3,0,0,0,10.805149112161894
2026-04-30,1,4,0,0,0,13.233818883881504
2026-04-30,1,5,0,0,0,13.737351210044912
2026-04-30,1,6,0,0,0,28.127063823124185
2026-04-30,1,7,0,0,0,39.4384091257271
2026-04-30,1,8,0,0,0,48.80065613193649
2026-04-30,1,9,0,0,0,59.95969510248055
2026-04-30,1,10,0,0,0,47.66238266762641
2026-04-30,1,11,0,1,0,46.022895680886336
2026-04-30,1,12,0,0,0,28.301429975684663
2026-04-30,1,13,0,0,0,15.88217734316686
2026-04-30,1,14,0,0,0,28.676401518964216
2026-04-30,1,15,0,0,0,35.15467372966054
2026-04-30,1,16,0,1,0,61.5852723694847
2026-04-30,1,17,0,0,0,61.639911259706274
2026-04-30,1,18,0,0,0,66.21208016587349
2026-04-30,1,19,0,0,1,71.33341200698858
2026-04-30,1,20,0,0,0,43.46498030426088
2026-04-30,1,21,0,0,0,24.481927934176387
2026-04-30,1,22,0,0,0,28.096867140838167
2026-04-30,1,23,0,0,0,13.305928786890362
2026-04-30,2,0,0,0,0,8.110574555632798
2026-04-30,2,1,0,0,0,8.525305578096994
2026-04-30,2,2,0,0,0,12.578447153889211
2026-04-30,2,3,0,0,0,13.922714942081946
2026-04-30,2,4,0,0,0,6.6444262349578995
2026-04-30,2,5,0,0,0,13.01203303221638
2026-04-30,2,6,0,0,0,32.42648747293532
2026-04-30,2,7,0,1,1,52.63587013773469
2026-04-30,2,8,0,0,0,51.87064986650532
2026-04-30,2,9,0,0,0,53.724859282860805
2026-04-30,2,10,0,0,0,46.10114080378116
2026-04-30,2,11,0,0,0,40.56571159532169
2026-04-30,2,12,0,0,0,32.87125219606952
2026-04-30,2,13,0,0,0,17.443894511486576
2026-04-30,2,14,0,1,0,42.836266938023364
2026-04-30,2,15,0,0,0,24.56045077339075
2026-04-30,2,16,0,0,0,41.78133376809665
2026-04-30,2,17,0,0,0,57.17693484636658
2026-04-30,2,18,0,0,0,70.19242094709118
2026-04-30,2,19,0,0,0,55.86894719922406
2026-04-30,2,20,0,0,0,47.84266386045104
2026-04-30,2,21,0,0,0,30.122063530703564
2026-04-30,2,22,0,0,0,25.416774775725294
2026-04-30,2,23,0,0,0,29.546063873539673
2026-04-30,3,0,0,0,0,17.10321406133249
2026-04-30,3,1,0,0,0,14.121465732090735
2026-04-30,3,2,0,0,0,11.002679638378428
2026-04-30,3,3,0,0,0,12.31299792633341
2026-04-30,3,4,0,0,0,12.187396988907604
2026-04-30,3,5,0,0,0,10.514822117006457
2026-04-30,3,6,0,0,0,28.01713976535401
2026-04-30,3,7,0,0,0,37.93683322630111
2026-04-30,3,8,0,0,0,48.65127331577497
2026-04-30,3,9,0,0,0,57.040678152443526
2026-04-30,3,10,0,0,0,56.78041158235176
2026-04-30,3,11,0,0,0,35.497408535469276
2026-04-30,3,12,0,0,0,30.399466092056386
2026-04-30,3,13,0,0,0,28.20100596469443
2026-04-30,3,14,0,0,0,26.487185304727635
2026-04-30,3,15,0,1,0,45.582923325774445
2026-04-30,3,16,0,1,0,61.613252144016776
2026-04-30,3,17,0,0,0,64.48119577556305
2026-04-30,3,18,0,0,0,66.1168696480562
2026-04-30,3,19,0,0,0,60.65923290264041
2026-04-30,3,20,0,0,0,47.56347276915336
2026-04-30,3,21,0,0,0,30.736762622543697
2026-04-30,3,22,0,0,0,25.999625197797876
2026-04-30,3,23,0,0,0,19.339193355346733
2026-04-30,4,0,0,0,0,3.486745063641218
2026-04-30,4,1,0,0,0,8.45891080164558
2026-04-30,4,2,0,0,0,6.027812233448521
2026-04-30,4,3,0,0,0,8.566343915780742
2026-04-30,4,4,0,0,0,0.6257862556154379
2026-04-30,4,5,0,0,0,0.517000176464915
2026-04-30,4,6,0,1,0,32.06714100674766
2026-04-30,4,7,0,0,0,33.01011259607817
2026-04-30,4,8,0,0,0,46.71315041706695
2026-04-30,4,9,0,0,0,48.368248644759454
2026-04-30,4,10,0,0,0,44.45886796390564
2026-04-30,4,11,0,0,0,33.082353211998324
2026-04-30,4,12,0,0,0,23.669792457458158
2026-04-30,4,13,0,1,0,32.66171824844038
2026-04-30,4,14,0,0,0,25.215730407204198
2026-04-30,4,15,0,0,0,27.052807183213417
2026-04-30,4,16,0,1,0,52.17740178744923
2026-04-30,4,17,0,0,0,51.007280211700774
2026-04-30,4,18,0,1,1,78.02584901059656
2026-04-30,4,19,0,0,0,52.66309536650001
2026-04-30,4,20,0,0,1,48.73529039020706
2026-04-30,4,21,0,1,0,38.13770945280315
2026-04-30,4,22,0,0,0,34.30210541264688
2026-04-30,4,23,0,1,0,28.784942377182393
2026-04-30,5,0,0,0,1,13.181610640449508
2026-04-30,5,1,0,0,0,0.0
2026-04-30,5,2,0,0,0,3.4633805494131553
2026-04-30,5,3,0,0,0,5.255923626089102
2026-04-30,5,4,0,0,0,7.055103136056865
2026-04-30,5,5,0,0,0,0.0
2026-04-30,5,6,0,0,0,27.936320329643074
2026-04-30,5,7,0,0,0,25.825571698749552
2026-04-30,5,8,0,0,0,39.95854624737053
2026-04-30,5,9,0,0,0,52.518420879361436
2026-04-30,5,10,0,0,0,43.67972059095514
2026-04-30,5,11,0,1,1,45.8697324600264
2026-04-30,5,12,0,0,0,18.315990279119113
2026-04-30,5,13,0,0,0,15.950489087844652
2026-04-30,5,14,0,0,0,17.63240913682896
2026-04-30,5,15,0,0,0,21.81671008028234
2026-04-30,5,16,0,0,0,33.48560001514401
2026-04-30,5,17,0,0,0,56.19533204296987
2026-04-30,5,18,0,0,0,58.14675091217828
2026-04-30,5,19,0,0,0,58.05683469930245
2026-04-30,5,20,0,0,0,35.02314666312027
2026-04-30,5,21,0,1,0,35.273229393407775
2026-04-30,5,22,0,0,0,26.60441985320375
2026-04-30,5,23,0,0,0,14.113034050777893
